code,date,open,high,low,close,volume,amount,name
000605,2023-05-23,6.46,6.51,6.4,6.41,2526600.0,0.0,渤海股份
000605,2023-05-24,6.39,6.46,6.37,6.38,3084900.0,0.0,渤海股份
000605,2023-05-25,6.42,6.44,6.32,6.41,3137300.0,0.0,渤海股份
000605,2023-05-26,6.49,6.58,6.38,6.53,6276600.0,0.0,渤海股份
000605,2023-05-29,6.54,6.76,6.52,6.6,8475000.0,0.0,渤海股份
000605,2023-05-30,6.63,6.75,6.55,6.75,9036300.0,0.0,渤海股份
000605,2023-05-31,6.73,6.75,6.55,6.57,5854200.0,0.0,渤海股份
000605,2023-06-01,6.55,6.55,6.35,6.36,6411900.0,0.0,渤海股份
000605,2023-06-02,6.42,6.54,6.37,6.51,6188300.0,0.0,渤海股份
000605,2023-06-05,6.53,6.61,6.45,6.48,3553900.0,0.0,渤海股份
000605,2023-06-06,6.51,6.53,6.24,6.25,4824900.0,0.0,渤海股份
000605,2023-06-07,6.3,6.41,6.27,6.35,4086100.0,0.0,渤海股份
000605,2023-06-08,6.32,6.41,6.29,6.38,3360900.0,0.0,渤海股份
000605,2023-06-09,6.38,6.44,6.3,6.31,2718400.0,0.0,渤海股份
000605,2023-06-12,6.31,6.35,6.2,6.32,3116400.0,0.0,渤海股份
000605,2023-06-13,6.3,6.33,6.21,6.22,3088500.0,0.0,渤海股份
000605,2023-06-14,6.21,6.25,6.11,6.17,3218300.0,0.0,渤海股份
000605,2023-06-15,6.17,6.18,6.09,6.14,2576300.0,0.0,渤海股份
000605,2023-06-16,6.18,6.22,6.1,6.13,3962700.0,0.0,渤海股份
000605,2023-06-19,6.14,6.14,6.0,6.01,4046400.0,0.0,渤海股份
000605,2023-06-20,6.05,6.07,5.96,6.0,5072900.0,0.0,渤海股份
000605,2023-06-21,6.03,6.03,5.93,5.94,3191000.0,0.0,渤海股份
000605,2023-06-26,5.94,6.04,5.9,5.98,5365100.0,0.0,渤海股份
000605,2023-06-27,5.98,6.19,5.98,6.19,4538700.0,0.0,渤海股份
000605,2023-06-28,6.19,6.36,6.16,6.36,5720000.0,0.0,渤海股份
000605,2023-06-29,6.3,6.52,6.28,6.4,4848700.0,0.0,渤海股份
000605,2023-06-30,6.4,6.43,6.3,6.32,3456800.0,0.0,渤海股份
000605,2023-07-03,6.35,6.46,6.34,6.43,4432700.0,0.0,渤海股份
000605,2023-07-04,6.48,6.52,6.4,6.48,3555600.0,0.0,渤海股份
000605,2023-07-05,6.46,6.55,6.46,6.5,5211300.0,0.0,渤海股份
000605,2023-07-06,6.47,6.55,6.45,6.5,3112300.0,0.0,渤海股份
000605,2023-07-07,6.46,6.56,6.45,6.52,3715100.0,0.0,渤海股份
000605,2023-07-10,6.56,6.63,6.46,6.54,3484800.0,0.0,渤海股份
000605,2023-07-11,6.51,6.59,6.49,6.56,3457000.0,0.0,渤海股份
000605,2023-07-12,6.59,6.6,6.45,6.46,2516800.0,0.0,渤海股份
000605,2023-07-13,6.48,6.56,6.43,6.51,4037600.0,0.0,渤海股份
000605,2023-07-14,6.48,6.53,6.4,6.5,2700900.0,0.0,渤海股份
000605,2023-07-17,6.5,6.6,6.43,6.57,3513200.0,0.0,渤海股份
000605,2023-07-18,6.56,6.58,6.48,6.54,2371500.0,0.0,渤海股份
000605,2023-07-19,6.53,6.6,6.5,6.54,1928600.0,0.0,渤海股份
000605,2023-07-20,6.56,6.56,6.46,6.47,2761300.0,0.0,渤海股份
000605,2023-07-21,6.45,6.65,6.44,6.59,6124000.0,0.0,渤海股份
000605,2023-07-24,6.58,6.59,6.46,6.53,4622900.0,0.0,渤海股份
000605,2023-07-25,6.53,6.59,6.51,6.59,3959800.0,0.0,渤海股份
000605,2023-07-26,6.59,6.73,6.58,6.67,6548800.0,0.0,渤海股份
000605,2023-07-27,6.69,6.73,6.6,6.65,4931300.0,0.0,渤海股份
000605,2023-07-28,6.66,6.67,6.55,6.64,3923400.0,0.0,渤海股份
000605,2023-07-31,6.63,6.7,6.61,6.69,4058800.0,0.0,渤海股份
000605,2023-08-01,6.71,6.71,6.61,6.7,3722300.0,0.0,渤海股份
000605,2023-08-02,6.7,6.75,6.64,6.74,4009000.0,0.0,渤海股份
000605,2023-08-03,6.72,6.73,6.61,6.69,3663900.0,0.0,渤海股份
000605,2023-08-04,6.7,6.72,6.61,6.62,3636200.0,0.0,渤海股份
000605,2023-08-07,6.6,6.64,6.49,6.51,2605300.0,0.0,渤海股份
000605,2023-08-08,6.55,6.56,6.44,6.46,2373000.0,0.0,渤海股份
000605,2023-08-09,6.48,6.68,6.41,6.48,5000100.0,0.0,渤海股份
000605,2023-08-10,6.49,6.65,6.45,6.57,5164800.0,0.0,渤海股份
000605,2023-08-11,6.58,6.63,6.39,6.4,4281500.0,0.0,渤海股份
000605,2023-08-14,6.38,6.44,6.29,6.41,2930300.0,0.0,渤海股份
000605,2023-08-15,6.41,6.49,6.38,6.43,2726000.0,0.0,渤海股份
000605,2023-08-16,6.4,6.5,6.34,6.42,3279600.0,0.0,渤海股份
000605,2023-08-17,6.45,6.53,6.31,6.51,4369700.0,0.0,渤海股份
000605,2023-08-18,6.53,6.68,6.49,6.58,6103600.0,0.0,渤海股份
000605,2023-08-21,6.6,6.89,6.59,6.76,12735500.0,0.0,渤海股份
000605,2023-08-22,6.75,6.77,6.5,6.63,12489700.0,0.0,渤海股份
000605,2023-08-23,6.62,6.89,6.53,6.83,17469300.0,0.0,渤海股份
000605,2023-08-24,6.89,6.89,6.48,6.71,21594300.0,0.0,渤海股份
000605,2023-08-25,6.55,6.92,6.51,6.74,18916800.0,0.0,渤海股份
000605,2023-08-28,6.94,7.0,6.66,6.72,15568700.0,0.0,渤海股份
000605,2023-08-29,6.69,6.86,6.6,6.77,12300000.0,0.0,渤海股份
000605,2023-08-30,6.76,6.76,6.44,6.45,12670300.0,0.0,渤海股份
000605,2023-08-31,6.41,6.43,6.05,6.14,14812000.0,0.0,渤海股份
000605,2023-09-01,6.14,6.15,6.0,6.08,9914300.0,0.0,渤海股份
000605,2023-09-04,6.12,6.28,6.08,6.25,10400500.0,0.0,渤海股份
000605,2023-09-05,6.25,6.28,6.11,6.2,7820000.0,0.0,渤海股份
000605,2023-09-06,6.2,6.21,6.14,6.17,4094900.0,0.0,渤海股份
000605,2023-09-07,6.16,6.19,6.04,6.05,5204500.0,0.0,渤海股份
000605,2023-09-08,6.05,6.1,6.01,6.06,4082200.0,0.0,渤海股份
000605,2023-09-11,6.07,6.17,6.05,6.16,4911000.0,0.0,渤海股份
000605,2023-09-12,6.15,6.2,6.13,6.14,3265300.0,0.0,渤海股份
000605,2023-09-13,6.17,6.18,6.09,6.18,4440100.0,0.0,渤海股份
000605,2023-09-14,6.18,6.19,6.11,6.16,3163500.0,0.0,渤海股份
000605,2023-09-15,6.18,6.19,6.11,6.14,3956300.0,0.0,渤海股份
000605,2023-09-18,6.14,6.21,6.09,6.19,4309400.0,0.0,渤海股份
000605,2023-09-19,6.18,6.25,6.15,6.16,3234200.0,0.0,渤海股份
000605,2023-09-20,6.17,6.23,6.12,6.14,4343600.0,0.0,渤海股份
000605,2023-09-21,6.16,6.19,6.05,6.06,3209500.0,0.0,渤海股份
000605,2023-09-22,6.04,6.12,6.03,6.09,3626900.0,0.0,渤海股份
000605,2023-09-25,6.09,6.17,6.06,6.08,3166500.0,0.0,渤海股份
000605,2023-09-26,6.06,6.11,6.03,6.08,2273300.0,0.0,渤海股份
000605,2023-09-27,6.08,6.14,6.05,6.07,3132900.0,0.0,渤海股份
000605,2023-09-28,6.1,6.18,6.09,6.14,3573600.0,0.0,渤海股份
000605,2023-10-09,6.17,6.18,5.9,5.93,6765100.0,0.0,渤海股份
000605,2023-10-10,5.93,5.99,5.86,5.88,3964300.0,0.0,渤海股份
000605,2023-10-11,5.89,5.95,5.85,5.88,3427300.0,0.0,渤海股份
000605,2023-10-12,5.89,5.91,5.85,5.91,2290300.0,0.0,渤海股份
000605,2023-10-13,5.89,5.9,5.75,5.78,4384800.0,0.0,渤海股份
000605,2023-10-16,5.76,5.89,5.76,5.83,3635900.0,0.0,渤海股份
000605,2023-10-17,5.83,5.9,5.78,5.8,3452300.0,0.0,渤海股份
000605,2023-10-18,5.81,5.83,5.67,5.67,3125900.0,0.0,渤海股份
000605,2023-10-19,5.66,5.82,5.64,5.69,3283500.0,0.0,渤海股份
000605,2023-10-20,5.69,5.75,5.64,5.66,3043000.0,0.0,渤海股份
000605,2023-10-23,5.61,5.72,5.5,5.55,4744100.0,0.0,渤海股份
000605,2023-10-24,5.59,5.77,5.55,5.76,5064400.0,0.0,渤海股份
000605,2023-10-25,5.89,6.02,5.89,6.0,7304200.0,0.0,渤海股份
000605,2023-10-26,5.96,6.03,5.95,6.0,5363700.0,0.0,渤海股份
000605,2023-10-27,6.01,6.11,5.97,6.09,5056100.0,0.0,渤海股份
000605,2023-10-30,6.09,6.13,6.02,6.03,4592700.0,0.0,渤海股份
000605,2023-10-31,6.07,6.08,6.02,6.03,3900900.0,0.0,渤海股份
000605,2023-11-01,6.07,6.16,6.05,6.14,4458400.0,0.0,渤海股份
000605,2023-11-02,6.14,6.17,6.08,6.12,2652700.0,0.0,渤海股份
000605,2023-11-03,6.13,6.2,6.1,6.11,2984700.0,0.0,渤海股份
000605,2023-11-06,6.13,6.18,6.08,6.09,3477000.0,0.0,渤海股份
000605,2023-11-07,6.11,6.15,6.03,6.11,4378600.0,0.0,渤海股份
000605,2023-11-08,6.15,6.17,6.08,6.09,2661200.0,0.0,渤海股份
000605,2023-11-09,6.12,6.19,6.09,6.15,4663200.0,0.0,渤海股份
000605,2023-11-10,6.13,6.18,6.06,6.18,4256800.0,0.0,渤海股份
000605,2023-11-13,6.18,6.26,6.15,6.26,4594400.0,0.0,渤海股份
000605,2023-11-14,6.25,6.26,6.17,6.2,2760600.0,0.0,渤海股份
000605,2023-11-15,6.22,6.24,6.15,6.18,2587400.0,0.0,渤海股份
000605,2023-11-16,6.19,6.2,6.14,6.16,2246300.0,0.0,渤海股份
000605,2023-11-17,6.16,6.22,6.14,6.17,2480400.0,0.0,渤海股份
000605,2023-11-20,6.17,6.26,6.17,6.23,3431800.0,0.0,渤海股份
000605,2023-11-21,6.26,6.3,6.21,6.23,2618800.0,0.0,渤海股份
000605,2023-11-22,6.22,6.28,6.19,6.21,2689000.0,0.0,渤海股份
000605,2023-11-23,6.19,6.27,6.19,6.25,2386100.0,0.0,渤海股份
000605,2023-11-24,6.26,6.28,6.2,6.24,2579400.0,0.0,渤海股份
000605,2023-11-27,6.24,6.28,6.18,6.27,3581500.0,0.0,渤海股份
000605,2023-11-28,6.25,6.29,6.19,6.25,3955100.0,0.0,渤海股份
000605,2023-11-29,6.25,6.3,6.23,6.26,3757400.0,0.0,渤海股份
000605,2023-11-30,6.25,6.29,6.2,6.26,3957900.0,0.0,渤海股份
000605,2023-12-01,6.26,6.37,6.22,6.31,5129800.0,0.0,渤海股份
000605,2023-12-04,6.33,6.4,6.28,6.39,4468500.0,0.0,渤海股份
000605,2023-12-05,6.39,6.39,6.28,6.29,3498700.0,0.0,渤海股份
000605,2023-12-06,6.34,6.47,6.29,6.46,8044000.0,0.0,渤海股份
000605,2023-12-07,6.68,6.68,6.4,6.47,19018600.0,0.0,渤海股份
000605,2023-12-08,6.43,6.48,6.26,6.36,12750300.0,0.0,渤海股份
000605,2023-12-11,6.27,6.44,6.15,6.42,9779800.0,0.0,渤海股份
000605,2023-12-12,6.45,6.55,6.35,6.46,6370900.0,0.0,渤海股份
000605,2023-12-13,6.5,6.78,6.47,6.63,15419700.0,0.0,渤海股份
000605,2023-12-14,6.68,6.87,6.67,6.75,13925900.0,0.0,渤海股份
000605,2023-12-15,6.7,6.75,6.61,6.7,7477000.0,0.0,渤海股份
000605,2023-12-18,6.7,6.73,6.54,6.59,8121300.0,0.0,渤海股份
000605,2023-12-19,6.63,6.64,6.38,6.49,7410700.0,0.0,渤海股份
000605,2023-12-20,6.55,6.64,6.47,6.5,6609100.0,0.0,渤海股份
000605,2023-12-21,6.47,6.56,6.36,6.53,7461300.0,0.0,渤海股份
000605,2023-12-22,6.55,6.58,6.35,6.38,5732200.0,0.0,渤海股份
000605,2023-12-25,6.36,6.42,6.23,6.31,5006100.0,0.0,渤海股份
000605,2023-12-26,6.28,6.45,6.25,6.34,5974800.0,0.0,渤海股份
000605,2023-12-27,6.32,6.39,6.2,6.31,4729400.0,0.0,渤海股份
000605,2023-12-28,6.31,6.34,6.19,6.28,5058100.0,0.0,渤海股份
000605,2023-12-29,6.29,6.66,6.27,6.41,11398800.0,0.0,渤海股份
000605,2024-01-02,6.38,6.64,6.33,6.59,11294900.0,0.0,渤海股份
000605,2024-01-03,6.57,7.25,6.53,6.98,46165600.0,0.0,渤海股份
000605,2024-01-04,7.11,7.12,6.78,6.9,31493700.0,0.0,渤海股份
000605,2024-01-05,6.9,6.96,6.68,6.74,20271400.0,0.0,渤海股份
000605,2024-01-08,6.78,6.78,6.54,6.56,11992400.0,0.0,渤海股份
000605,2024-01-09,6.53,6.95,6.51,6.7,19664400.0,0.0,渤海股份
000605,2024-01-10,6.71,6.82,6.61,6.71,13289500.0,0.0,渤海股份
000605,2024-01-11,6.67,6.78,6.65,6.68,8126400.0,0.0,渤海股份
000605,2024-01-12,6.73,6.98,6.73,6.78,14045900.0,0.0,渤海股份
000605,2024-01-15,6.78,6.88,6.56,6.63,11871400.0,0.0,渤海股份
000605,2024-01-16,6.57,6.65,6.4,6.51,12753100.0,0.0,渤海股份
000605,2024-01-17,6.51,6.72,6.45,6.51,18330400.0,0.0,渤海股份
000605,2024-01-18,6.51,6.64,6.18,6.37,16556800.0,0.0,渤海股份
000605,2024-01-19,6.37,6.39,6.05,6.09,8862000.0,0.0,渤海股份
000605,2024-01-22,6.12,6.12,5.62,5.67,10097000.0,0.0,渤海股份
000605,2024-01-23,5.68,5.75,5.48,5.59,8803100.0,0.0,渤海股份
000605,2024-01-24,5.6,5.88,5.6,5.87,9502900.0,0.0,渤海股份
000605,2024-01-25,5.91,6.28,5.91,6.28,9555500.0,0.0,渤海股份
000605,2024-01-26,6.27,6.5,6.24,6.43,8114300.0,0.0,渤海股份
000605,2024-01-29,6.49,6.49,6.2,6.2,7215700.0,0.0,渤海股份
000605,2024-01-30,6.18,6.27,5.99,6.01,5750600.0,0.0,渤海股份
000605,2024-01-31,6.0,6.06,5.66,5.71,5954800.0,0.0,渤海股份
000605,2024-02-01,5.66,5.71,5.33,5.43,9716700.0,0.0,渤海股份
000605,2024-02-02,5.43,5.54,4.91,5.06,9431000.0,0.0,渤海股份
000605,2024-02-05,5.08,5.11,4.55,4.55,10969500.0,0.0,渤海股份
000605,2024-02-06,4.41,4.47,4.1,4.25,17537500.0,0.0,渤海股份
000605,2024-02-07,4.24,4.3,3.83,3.83,21637400.0,0.0,渤海股份
000605,2024-02-08,3.8,4.13,3.6,4.08,21093800.0,0.0,渤海股份
000605,2024-02-19,4.12,4.29,4.12,4.29,13966800.0,0.0,渤海股份
000605,2024-02-20,4.31,4.36,4.2,4.34,9119800.0,0.0,渤海股份
000605,2024-02-21,4.33,4.63,4.26,4.48,10946500.0,0.0,渤海股份
000605,2024-02-22,4.49,4.64,4.46,4.63,6902500.0,0.0,渤海股份
000605,2024-02-23,4.68,4.83,4.63,4.82,8654900.0,0.0,渤海股份
000605,2024-02-26,4.87,5.05,4.77,4.89,10698300.0,0.0,渤海股份
000605,2024-02-27,4.87,4.99,4.79,4.99,7999800.0,0.0,渤海股份
000605,2024-02-28,4.99,5.18,4.53,4.54,14303400.0,0.0,渤海股份
000605,2024-02-29,4.5,4.76,4.41,4.73,10684300.0,0.0,渤海股份
000605,2024-03-01,4.74,4.79,4.65,4.75,7282300.0,0.0,渤海股份
000605,2024-03-04,4.74,4.76,4.55,4.69,6187300.0,0.0,渤海股份
000605,2024-03-05,4.66,4.66,4.5,4.5,6989900.0,0.0,渤海股份
000605,2024-03-06,4.5,4.64,4.47,4.58,5604900.0,0.0,渤海股份
000605,2024-03-07,4.61,4.78,4.61,4.67,7925300.0,0.0,渤海股份
000605,2024-03-08,4.67,4.73,4.6,4.7,4434200.0,0.0,渤海股份
000605,2024-03-11,4.68,4.8,4.68,4.78,5637400.0,0.0,渤海股份
000605,2024-03-12,4.8,4.89,4.76,4.89,7109300.0,0.0,渤海股份
000605,2024-03-13,4.9,4.91,4.8,4.85,5091400.0,0.0,渤海股份
000605,2024-03-14,4.87,4.98,4.81,4.89,6644300.0,0.0,渤海股份
000605,2024-03-15,4.87,5.02,4.84,5.0,7213500.0,0.0,渤海股份
000605,2024-03-18,5.02,5.09,5.01,5.09,6015000.0,0.0,渤海股份
000605,2024-03-19,5.09,5.17,5.05,5.06,5175900.0,0.0,渤海股份
000605,2024-03-20,5.08,5.2,5.05,5.2,5547300.0,0.0,渤海股份
000605,2024-03-21,5.19,5.29,5.14,5.26,6604900.0,0.0,渤海股份
000605,2024-03-22,5.26,5.29,5.11,5.14,6090000.0,0.0,渤海股份
000605,2024-03-25,5.15,5.16,5.02,5.04,5237400.0,0.0,渤海股份
000605,2024-03-26,5.04,5.08,4.9,5.05,6781200.0,0.0,渤海股份
000605,2024-03-27,5.04,5.09,4.91,4.91,4722800.0,0.0,渤海股份
000605,2024-03-28,4.93,5.1,4.91,5.04,5608900.0,0.0,渤海股份
000605,2024-03-29,5.06,5.16,5.04,5.16,5786400.0,0.0,渤海股份
000605,2024-04-01,5.16,5.27,5.16,5.26,5880400.0,0.0,渤海股份
000605,2024-04-02,5.28,5.36,5.27,5.29,5709400.0,0.0,渤海股份
000605,2024-04-03,5.29,5.38,5.26,5.35,6279600.0,0.0,渤海股份
000605,2024-04-08,5.3,5.35,5.16,5.19,5145000.0,0.0,渤海股份
000605,2024-04-09,5.24,5.31,5.2,5.3,3462600.0,0.0,渤海股份
000605,2024-04-10,5.27,5.3,5.14,5.18,3936000.0,0.0,渤海股份
000605,2024-04-11,5.1,5.32,5.07,5.23,4219800.0,0.0,渤海股份
000605,2024-04-12,5.2,5.27,5.07,5.09,5028900.0,0.0,渤海股份
000605,2024-04-15,5.03,5.11,4.64,4.74,10736300.0,0.0,渤海股份
000605,2024-04-16,4.7,4.71,4.27,4.27,10553700.0,0.0,渤海股份
000605,2024-04-17,4.27,4.65,4.27,4.65,9718400.0,0.0,渤海股份
000605,2024-04-18,4.65,4.66,4.47,4.53,6580000.0,0.0,渤海股份
000605,2024-04-19,4.5,4.58,4.42,4.46,4586000.0,0.0,渤海股份
000605,2024-04-22,4.44,4.49,4.32,4.35,4543400.0,0.0,渤海股份
000605,2024-04-23,4.35,4.5,4.35,4.46,4808600.0,0.0,渤海股份
000605,2024-04-24,4.47,4.57,4.46,4.57,4108300.0,0.0,渤海股份
000605,2024-04-25,4.57,4.68,4.51,4.66,3923700.0,0.0,渤海股份
000605,2024-04-26,4.66,4.74,4.54,4.69,5580100.0,0.0,渤海股份
000605,2024-04-29,4.69,4.86,4.69,4.86,4488300.0,0.0,渤海股份
000605,2024-04-30,4.95,5.05,4.89,4.95,7811100.0,0.0,渤海股份
000605,2024-05-06,4.99,5.43,4.99,5.22,15113400.0,0.0,渤海股份
000605,2024-05-07,5.2,5.22,5.1,5.2,8568600.0,0.0,渤海股份
000605,2024-05-08,5.2,5.24,5.15,5.2,5783000.0,0.0,渤海股份
000605,2024-05-09,5.18,5.37,5.18,5.32,5675800.0,0.0,渤海股份
000605,2024-05-10,5.29,5.38,5.26,5.29,4925200.0,0.0,渤海股份
000605,2024-05-13,5.54,5.66,5.27,5.31,13987200.0,0.0,渤海股份
000605,2024-05-14,5.32,5.34,5.2,5.26,10325800.0,0.0,渤海股份
000605,2024-05-15,5.28,5.33,5.2,5.21,5902400.0,0.0,渤海股份
000605,2024-05-16,5.25,5.37,5.25,5.31,5699600.0,0.0,渤海股份
000605,2024-05-17,5.28,5.43,5.28,5.38,5755800.0,0.0,渤海股份
000605,2024-05-20,5.42,5.45,5.35,5.39,5775800.0,0.0,渤海股份
000605,2024-05-21,5.35,5.41,5.32,5.39,4592400.0,0.0,渤海股份
000605,2024-05-22,5.37,5.39,5.32,5.35,3631900.0,0.0,渤海股份
000605,2024-05-23,5.35,5.35,5.18,5.21,4930300.0,0.0,渤海股份
000605,2024-05-24,5.22,5.31,5.18,5.25,4848200.0,0.0,渤海股份
000605,2024-05-27,5.24,5.26,5.16,5.24,3986000.0,0.0,渤海股份
000605,2024-05-28,5.25,5.25,5.16,5.18,3439600.0,0.0,渤海股份
000605,2024-05-29,5.17,5.29,5.1,5.24,4062800.0,0.0,渤海股份
000605,2024-05-30,5.19,5.25,5.14,5.15,3324500.0,0.0,渤海股份
000605,2024-05-31,5.17,5.18,5.08,5.11,3196700.0,0.0,渤海股份
000605,2024-06-03,5.08,5.14,4.81,4.92,5882100.0,0.0,渤海股份
000605,2024-06-04,4.92,4.94,4.71,4.79,5055100.0,0.0,渤海股份
000605,2024-06-05,4.83,4.84,4.61,4.61,5463700.0,0.0,渤海股份
000605,2024-06-06,4.61,4.64,4.23,4.3,9441200.0,0.0,渤海股份
000605,2024-06-07,4.32,4.68,4.32,4.66,10052700.0,0.0,渤海股份
000605,2024-06-11,4.74,4.77,4.5,4.6,6687000.0,0.0,渤海股份
000605,2024-06-12,4.61,4.73,4.56,4.7,4521900.0,0.0,渤海股份
000605,2024-06-13,4.7,4.72,4.62,4.67,3602800.0,0.0,渤海股份
000605,2024-06-14,4.67,4.74,4.6,4.71,4323000.0,0.0,渤海股份
000605,2024-06-17,4.69,4.79,4.6,4.61,5086600.0,0.0,渤海股份
000605,2024-06-18,4.63,4.67,4.57,4.66,3108400.0,0.0,渤海股份
000605,2024-06-19,4.68,4.82,4.67,4.78,5646000.0,0.0,渤海股份
000605,2024-06-20,4.77,4.81,4.56,4.59,5353100.0,0.0,渤海股份
000605,2024-06-21,4.58,4.64,4.44,4.59,4172000.0,0.0,渤海股份
000605,2024-06-24,4.56,4.59,4.36,4.39,5163000.0,0.0,渤海股份
000605,2024-06-25,4.43,4.63,4.43,4.54,5062300.0,0.0,渤海股份
000605,2024-06-26,4.55,4.65,4.46,4.64,5100400.0,0.0,渤海股份
000605,2024-06-27,4.63,4.72,4.61,4.65,5228300.0,0.0,渤海股份
000605,2024-06-28,4.64,4.72,4.56,4.63,3662800.0,0.0,渤海股份
000605,2024-07-01,4.64,4.72,4.62,4.68,3809400.0,0.0,渤海股份
000605,2024-07-02,4.69,4.88,4.67,4.83,5745500.0,0.0,渤海股份
000605,2024-07-03,4.82,4.85,4.78,4.79,3086000.0,0.0,渤海股份
000605,2024-07-04,4.84,4.84,4.6,4.63,3425200.0,0.0,渤海股份
000605,2024-07-05,4.64,4.69,4.51,4.67,3436400.0,0.0,渤海股份
000605,2024-07-08,4.67,4.68,4.46,4.49,5236800.0,0.0,渤海股份
000605,2024-07-09,4.49,4.58,4.38,4.58,5240200.0,0.0,渤海股份
000605,2024-07-10,4.57,4.57,4.42,4.43,4821800.0,0.0,渤海股份
000605,2024-07-11,4.52,4.66,4.5,4.65,5503800.0,0.0,渤海股份
000605,2024-07-12,4.66,4.78,4.64,4.69,4571400.0,0.0,渤海股份
000605,2024-07-15,4.66,4.68,4.56,4.6,3062700.0,0.0,渤海股份
000605,2024-07-16,4.6,4.62,4.5,4.52,3608100.0,0.0,渤海股份
000605,2024-07-17,4.54,4.56,4.47,4.49,2587600.0,0.0,渤海股份
000605,2024-07-18,4.48,4.5,4.39,4.47,4421100.0,0.0,渤海股份
000605,2024-07-19,4.45,4.47,4.36,4.44,3683500.0,0.0,渤海股份
000605,2024-07-22,4.45,4.52,4.43,4.5,2434300.0,0.0,渤海股份
000605,2024-07-23,4.56,4.62,4.5,4.5,4050300.0,0.0,渤海股份
000605,2024-07-24,4.52,4.57,4.42,4.45,4455300.0,0.0,渤海股份
000605,2024-07-25,4.5,4.58,4.42,4.57,4200600.0,0.0,渤海股份
000605,2024-07-26,4.55,4.6,4.54,4.58,3901300.0,0.0,渤海股份
000605,2024-07-29,4.57,4.7,4.54,4.67,3703900.0,0.0,渤海股份
000605,2024-07-30,4.66,4.71,4.65,4.69,3560200.0,0.0,渤海股份
000605,2024-07-31,4.7,4.79,4.68,4.77,5481300.0,0.0,渤海股份
000605,2024-08-01,4.77,4.83,4.74,4.81,4728900.0,0.0,渤海股份
000605,2024-08-02,4.78,4.81,4.7,4.74,3928100.0,0.0,渤海股份
000605,2024-08-05,4.67,4.79,4.66,4.66,3583300.0,0.0,渤海股份
000605,2024-08-06,4.69,4.74,4.67,4.74,3138200.0,0.0,渤海股份
000605,2024-08-07,4.73,4.75,4.68,4.72,2158300.0,0.0,渤海股份
000605,2024-08-08,4.7,4.74,4.66,4.72,2327800.0,0.0,渤海股份
000605,2024-08-09,4.72,4.76,4.66,4.69,2284200.0,0.0,渤海股份
000605,2024-08-12,4.71,4.76,4.66,4.68,3079700.0,0.0,渤海股份
000605,2024-08-13,4.7,4.74,4.62,4.74,3164800.0,0.0,渤海股份
000605,2024-08-14,4.72,4.75,4.71,4.72,2192700.0,0.0,渤海股份
000605,2024-08-15,4.7,4.73,4.63,4.7,3047000.0,0.0,渤海股份
000605,2024-08-16,4.7,4.72,4.59,4.61,3797400.0,0.0,渤海股份
000605,2024-08-19,4.6,4.63,4.56,4.61,2406700.0,0.0,渤海股份
000605,2024-08-20,4.61,4.62,4.47,4.49,3363500.0,0.0,渤海股份
000605,2024-08-21,4.5,4.54,4.45,4.49,2584700.0,0.0,渤海股份
000605,2024-08-22,4.48,4.52,4.4,4.41,3217700.0,0.0,渤海股份
000605,2024-08-23,4.41,4.43,4.36,4.39,3468000.0,0.0,渤海股份
000605,2024-08-26,4.38,4.48,4.35,4.47,3707800.0,0.0,渤海股份
000605,2024-08-27,4.48,4.48,4.39,4.41,2694100.0,0.0,渤海股份
000605,2024-08-28,4.42,4.5,4.37,4.45,3004800.0,0.0,渤海股份
000605,2024-08-29,4.45,4.47,4.38,4.45,3438000.0,0.0,渤海股份
000605,2024-08-30,4.46,4.54,4.42,4.48,4772600.0,0.0,渤海股份
000605,2024-09-02,4.48,4.53,4.39,4.4,4126600.0,0.0,渤海股份
000605,2024-09-03,4.4,4.45,4.37,4.42,3369100.0,0.0,渤海股份
000605,2024-09-04,4.41,4.42,4.35,4.35,2966200.0,0.0,渤海股份
000605,2024-09-05,4.37,4.41,4.36,4.4,2410000.0,0.0,渤海股份
000605,2024-09-06,4.41,4.42,4.33,4.33,2751800.0,0.0,渤海股份
000605,2024-09-09,4.32,4.38,4.27,4.35,2376800.0,0.0,渤海股份
000605,2024-09-10,4.35,4.43,4.3,4.37,2590200.0,0.0,渤海股份
000605,2024-09-11,4.36,4.38,4.31,4.33,1905700.0,0.0,渤海股份
000605,2024-09-12,4.33,4.46,4.33,4.41,4106100.0,0.0,渤海股份
000605,2024-09-13,4.4,4.47,4.37,4.39,3092600.0,0.0,渤海股份
000605,2024-09-18,4.39,4.43,4.19,4.27,3490600.0,0.0,渤海股份
000605,2024-09-19,4.31,4.47,4.29,4.45,3813400.0,0.0,渤海股份
000605,2024-09-20,4.46,4.47,4.41,4.43,2697400.0,0.0,渤海股份
000605,2024-09-23,4.43,4.44,4.38,4.43,1597900.0,0.0,渤海股份
000605,2024-09-24,4.41,4.71,4.41,4.66,7649300.0,0.0,渤海股份
000605,2024-09-25,4.78,5.06,4.69,4.79,15794000.0,0.0,渤海股份
000605,2024-09-26,4.85,5.0,4.81,4.99,15354900.0,0.0,渤海股份
000605,2024-09-27,4.99,5.15,4.89,5.07,15490500.0,0.0,渤海股份
000605,2024-09-30,5.53,5.58,5.17,5.48,28583800.0,0.0,渤海股份
000605,2024-10-08,6.02,6.03,5.48,5.7,28072100.0,0.0,渤海股份
000605,2024-10-09,5.5,5.54,5.17,5.2,17896400.0,0.0,渤海股份
000605,2024-10-10,5.21,5.42,5.11,5.3,11913700.0,0.0,渤海股份
000605,2024-10-11,5.29,5.55,5.23,5.32,14610500.0,0.0,渤海股份
000605,2024-10-14,5.42,5.5,5.33,5.41,12180600.0,0.0,渤海股份
000605,2024-10-15,5.39,5.42,5.21,5.24,9830900.0,0.0,渤海股份
000605,2024-10-16,5.3,5.38,5.26,5.34,9044200.0,0.0,渤海股份
000605,2024-10-17,5.35,5.38,5.18,5.19,7853200.0,0.0,渤海股份
000605,2024-10-18,5.16,5.3,5.13,5.24,7800700.0,0.0,渤海股份
000605,2024-10-21,5.24,5.55,5.18,5.38,14509900.0,0.0,渤海股份
000605,2024-10-22,5.35,5.41,5.32,5.37,7186700.0,0.0,渤海股份
000605,2024-10-23,5.36,5.45,5.35,5.38,6725300.0,0.0,渤海股份
000605,2024-10-24,5.36,5.46,5.34,5.44,6737100.0,0.0,渤海股份
000605,2024-10-25,5.44,5.53,5.44,5.52,7057200.0,0.0,渤海股份
000605,2024-10-28,5.55,5.74,5.55,5.73,11147100.0,0.0,渤海股份
000605,2024-10-29,5.76,5.83,5.55,5.58,9677400.0,0.0,渤海股份
000605,2024-10-30,5.58,5.63,5.5,5.57,5441900.0,0.0,渤海股份
000605,2024-10-31,5.57,5.63,5.53,5.58,7505500.0,0.0,渤海股份
000605,2024-11-01,5.56,5.61,5.37,5.46,9398100.0,0.0,渤海股份
000605,2024-11-04,5.46,5.54,5.37,5.52,6659700.0,0.0,渤海股份
000605,2024-11-05,5.52,6.07,5.52,6.07,24113300.0,0.0,渤海股份
000605,2024-11-06,6.68,6.68,6.68,6.68,5336500.0,0.0,渤海股份
000605,2024-11-07,7.35,7.35,6.7,7.35,54750600.0,0.0,渤海股份
000605,2024-11-08,8.09,8.09,7.9,8.09,13387400.0,0.0,渤海股份
000605,2024-11-11,8.17,8.9,7.5,8.06,82805600.0,0.0,渤海股份
000605,2024-11-12,7.8,8.86,7.25,8.49,76518800.0,0.0,渤海股份
000605,2024-11-13,8.1,8.3,7.64,7.66,47259500.0,0.0,渤海股份
000605,2024-11-14,7.96,8.43,7.96,8.43,32540500.0,0.0,渤海股份
000605,2024-11-15,8.8,9.27,8.2,8.4,52305800.0,0.0,渤海股份
000605,2024-11-18,9.0,9.24,8.68,9.24,58419000.0,0.0,渤海股份
000605,2024-11-19,9.24,10.16,8.52,10.16,45101600.0,0.0,渤海股份
000605,2024-11-20,11.18,11.18,11.1,11.18,12719700.0,0.0,渤海股份
000605,2024-11-21,12.3,12.3,10.58,12.3,93542800.0,0.0,渤海股份
000605,2024-11-22,12.37,13.53,12.35,13.53,89127200.0,0.0,渤海股份
000605,2024-11-25,12.18,12.84,12.18,12.18,58244300.0,0.0,渤海股份
000605,2024-11-26,10.96,11.02,10.96,10.96,7996600.0,0.0,渤海股份
000605,2024-11-27,9.86,10.39,9.86,9.86,59363900.0,0.0,渤海股份
000605,2024-11-28,9.6,9.7,9.08,9.15,72022300.0,0.0,渤海股份
000605,2024-11-29,8.93,9.06,8.75,8.94,50500600.0,0.0,渤海股份
000605,2024-12-02,8.94,9.18,8.94,9.05,40207200.0,0.0,渤海股份
000605,2024-12-03,9.16,9.18,8.92,9.1,31899800.0,0.0,渤海股份
000605,2024-12-04,9.01,9.05,8.77,8.87,27744900.0,0.0,渤海股份
000605,2024-12-05,8.83,9.05,8.81,9.05,24614900.0,0.0,渤海股份
000605,2024-12-06,9.06,9.18,8.9,9.11,29515700.0,0.0,渤海股份
000605,2024-12-09,9.14,9.34,8.81,8.93,25044200.0,0.0,渤海股份
000605,2024-12-10,9.1,9.15,8.9,8.91,21847900.0,0.0,渤海股份
000605,2024-12-11,8.87,9.01,8.81,8.99,16143500.0,0.0,渤海股份
000605,2024-12-12,8.95,8.96,8.81,8.88,15837100.0,0.0,渤海股份
000605,2024-12-13,8.87,8.98,8.8,8.81,15830700.0,0.0,渤海股份
000605,2024-12-16,8.76,8.8,8.48,8.57,19297600.0,0.0,渤海股份
000605,2024-12-17,8.55,8.59,8.12,8.24,18788300.0,0.0,渤海股份
000605,2024-12-18,8.42,8.59,8.3,8.47,21176800.0,0.0,渤海股份
000605,2024-12-19,8.27,8.37,8.2,8.31,12184300.0,0.0,渤海股份
000605,2024-12-20,8.31,8.49,8.28,8.33,10148000.0,0.0,渤海股份
000605,2024-12-23,8.31,8.35,7.83,7.94,15917100.0,0.0,渤海股份
000605,2024-12-24,7.87,7.99,7.72,7.95,10630800.0,0.0,渤海股份
000605,2024-12-25,7.99,8.0,7.61,7.76,9997000.0,0.0,渤海股份
000605,2024-12-26,7.71,7.94,7.71,7.8,7156100.0,0.0,渤海股份
000605,2024-12-27,7.8,8.41,7.77,7.98,18495200.0,0.0,渤海股份
000605,2024-12-30,8.03,8.08,7.75,8.01,12094600.0,0.0,渤海股份
000605,2024-12-31,8.0,8.1,7.82,7.94,8510800.0,0.0,渤海股份
000605,2025-01-02,7.91,8.14,7.68,7.75,11495500.0,0.0,渤海股份
000605,2025-01-03,7.82,7.84,7.14,7.24,15224100.0,0.0,渤海股份
000605,2025-01-06,7.14,7.17,6.81,7.12,11398700.0,0.0,渤海股份
000605,2025-01-07,7.14,7.28,7.07,7.26,7647300.0,0.0,渤海股份
000605,2025-01-08,7.15,7.33,7.06,7.3,7780300.0,0.0,渤海股份
000605,2025-01-09,7.24,7.38,7.23,7.36,6125700.0,0.0,渤海股份
000605,2025-01-10,7.33,7.38,7.08,7.13,6951300.0,0.0,渤海股份
000605,2025-01-13,7.04,7.16,6.85,7.12,5974200.0,0.0,渤海股份
000605,2025-01-14,7.12,7.48,7.12,7.46,8582400.0,0.0,渤海股份
000605,2025-01-15,7.43,7.53,7.31,7.36,7022200.0,0.0,渤海股份
000605,2025-01-16,7.35,7.53,7.34,7.44,6583300.0,0.0,渤海股份
000605,2025-01-17,7.39,7.51,7.34,7.45,5434500.0,0.0,渤海股份
000605,2025-01-20,7.48,7.65,7.34,7.56,8167900.0,0.0,渤海股份
000605,2025-01-21,7.55,7.61,7.36,7.43,6105700.0,0.0,渤海股份
000605,2025-01-22,7.39,7.4,7.22,7.28,5352100.0,0.0,渤海股份
000605,2025-01-23,7.35,7.51,7.29,7.31,7003100.0,0.0,渤海股份
000605,2025-01-24,7.35,7.35,7.22,7.29,4963900.0,0.0,渤海股份
000605,2025-01-27,7.29,7.47,7.23,7.27,5565300.0,0.0,渤海股份
000605,2025-02-05,7.27,7.36,7.26,7.33,3554900.0,0.0,渤海股份
000605,2025-02-06,7.35,7.47,7.23,7.47,6689900.0,0.0,渤海股份
000605,2025-02-07,7.47,7.66,7.47,7.58,8218400.0,0.0,渤海股份
000605,2025-02-10,7.63,7.74,7.61,7.74,7057700.0,0.0,渤海股份
000605,2025-02-11,7.77,7.77,7.57,7.63,7151400.0,0.0,渤海股份
000605,2025-02-12,7.62,7.75,7.58,7.75,6485800.0,0.0,渤海股份
000605,2025-02-13,7.75,7.79,7.69,7.72,6918600.0,0.0,渤海股份
000605,2025-02-14,7.73,7.91,7.63,7.7,9122300.0,0.0,渤海股份
000605,2025-02-17,7.7,7.82,7.65,7.74,9164400.0,0.0,渤海股份
000605,2025-02-18,7.74,7.77,7.43,7.46,8123500.0,0.0,渤海股份
000605,2025-02-19,7.47,7.58,7.44,7.53,7046200.0,0.0,渤海股份
000605,2025-02-20,7.56,7.58,7.46,7.56,6340200.0,0.0,渤海股份
000605,2025-02-21,7.56,7.57,7.34,7.41,9915400.0,0.0,渤海股份
000605,2025-02-24,7.42,7.56,7.39,7.47,7078300.0,0.0,渤海股份
000605,2025-02-25,7.45,7.78,7.37,7.62,11819400.0,0.0,渤海股份
000605,2025-02-26,7.62,7.74,7.55,7.63,8469800.0,0.0,渤海股份
000605,2025-02-27,7.63,7.66,7.43,7.6,6979200.0,0.0,渤海股份
000605,2025-02-28,7.56,7.59,7.4,7.46,6259200.0,0.0,渤海股份
000605,2025-03-03,7.45,7.65,7.42,7.6,8003700.0,0.0,渤海股份
000605,2025-03-04,7.61,7.74,7.52,7.72,7824300.0,0.0,渤海股份
000605,2025-03-05,7.72,7.73,7.47,7.71,10080500.0,0.0,渤海股份
000605,2025-03-06,7.71,7.77,7.65,7.72,8363400.0,0.0,渤海股份
000605,2025-03-07,7.75,7.87,7.6,7.66,12432800.0,0.0,渤海股份
000605,2025-03-10,7.62,7.69,7.57,7.66,7892100.0,0.0,渤海股份
000605,2025-03-11,7.6,7.67,7.51,7.67,8577400.0,0.0,渤海股份
000605,2025-03-12,7.67,7.73,7.61,7.64,6423500.0,0.0,渤海股份
000605,2025-03-13,7.62,7.65,7.43,7.58,7739400.0,0.0,渤海股份
000605,2025-03-14,7.54,7.8,7.5,7.78,11736900.0,0.0,渤海股份
000605,2025-03-17,7.8,7.87,7.74,7.84,7911900.0,0.0,渤海股份
000605,2025-03-18,7.88,7.89,7.78,7.85,5015800.0,0.0,渤海股份
000605,2025-03-19,7.8,7.88,7.77,7.84,5971500.0,0.0,渤海股份
000605,2025-03-20,7.85,8.45,7.78,8.06,31744000.0,0.0,渤海股份
000605,2025-03-21,8.1,8.13,7.75,7.93,20294300.0,0.0,渤海股份
000605,2025-03-24,7.9,7.9,7.47,7.59,13493500.0,0.0,渤海股份
000605,2025-03-25,7.6,7.65,7.42,7.52,7956200.0,0.0,渤海股份
000605,2025-03-26,7.51,7.73,7.43,7.65,8104600.0,0.0,渤海股份
000605,2025-03-27,7.59,7.63,7.47,7.51,6688700.0,0.0,渤海股份
000605,2025-03-28,7.48,7.53,7.33,7.37,7090000.0,0.0,渤海股份
000605,2025-03-31,7.36,7.36,7.17,7.27,5067200.0,0.0,渤海股份
000605,2025-04-01,7.26,7.47,7.26,7.38,4911300.0,0.0,渤海股份
000605,2025-04-02,7.38,7.38,7.28,7.31,4434400.0,0.0,渤海股份
000605,2025-04-03,7.2,7.47,7.2,7.45,6216700.0,0.0,渤海股份
000605,2025-04-07,7.1,7.11,6.71,6.71,5966300.0,0.0,渤海股份
000605,2025-04-08,6.52,6.7,6.28,6.48,9527800.0,0.0,渤海股份
000605,2025-04-09,6.4,6.66,6.0,6.63,8585000.0,0.0,渤海股份
000605,2025-04-10,6.7,6.85,6.7,6.78,7329500.0,0.0,渤海股份
000605,2025-04-11,6.75,6.95,6.75,6.86,5073600.0,0.0,渤海股份
000605,2025-04-14,6.87,7.06,6.87,7.02,6763100.0,0.0,渤海股份
000605,2025-04-15,7.06,7.15,6.98,7.09,5333100.0,0.0,渤海股份
000605,2025-04-16,7.09,7.14,6.85,7.05,5917000.0,0.0,渤海股份
000605,2025-04-17,7.0,7.32,6.97,7.23,7314300.0,0.0,渤海股份
000605,2025-04-18,7.25,7.25,7.1,7.15,4630800.0,0.0,渤海股份
000605,2025-04-21,7.16,7.21,7.11,7.18,3751800.0,0.0,渤海股份
000605,2025-04-22,7.16,7.25,7.13,7.23,3242100.0,0.0,渤海股份
000605,2025-04-23,7.24,7.3,7.21,7.25,3353800.0,0.0,渤海股份
000605,2025-04-24,7.25,7.3,7.13,7.24,4925300.0,0.0,渤海股份
000605,2025-04-25,7.24,7.54,7.24,7.4,8282600.0,0.0,渤海股份
000605,2025-04-28,7.37,7.76,7.07,7.51,24141500.0,0.0,渤海股份
000605,2025-04-29,7.35,7.46,7.28,7.37,11373200.0,0.0,渤海股份
000605,2025-04-30,7.39,7.39,7.3,7.33,5865100.0,0.0,渤海股份
000605,2025-05-06,7.35,7.38,7.31,7.33,7683200.0,0.0,渤海股份
000605,2025-05-07,7.38,7.49,7.35,7.43,8642200.0,0.0,渤海股份
000605,2025-05-08,7.43,7.54,7.36,7.53,7004100.0,0.0,渤海股份
000605,2025-05-09,7.53,7.57,7.41,7.56,6782400.0,0.0,渤海股份
000605,2025-05-12,7.56,7.59,7.45,7.58,6166100.0,0.0,渤海股份
000605,2025-05-13,7.62,7.68,7.52,7.6,8655500.0,0.0,渤海股份
000605,2025-05-14,7.58,7.61,7.5,7.58,6260600.0,0.0,渤海股份
000605,2025-05-15,7.55,7.61,7.5,7.55,4352900.0,0.0,渤海股份
000605,2025-05-16,7.51,7.61,7.5,7.58,5105000.0,0.0,渤海股份
000605,2025-05-19,7.86,8.34,7.7,8.34,27241800.0,0.0,渤海股份
000605,2025-05-20,8.59,9.17,8.48,8.6,66698400.0,0.0,渤海股份
000605,2025-05-21,8.56,9.4,8.45,9.03,63292700.0,0.0,渤海股份
000605,2025-05-22,8.13,8.13,8.13,8.13,8358000.0,0.0,渤海股份
000605,2025-05-23,7.6,8.03,7.6,7.8,57522700.0,0.0,渤海股份
000605,2025-05-26,7.55,7.61,7.24,7.28,39958800.0,0.0,渤海股份
000605,2025-05-27,7.32,7.44,7.17,7.26,21699800.0,0.0,渤海股份
000605,2025-05-28,7.26,7.39,7.11,7.16,23310100.0,0.0,渤海股份
000605,2025-05-29,7.11,7.23,7.07,7.22,17608900.0,0.0,渤海股份
000605,2025-05-30,7.22,7.25,7.08,7.08,12738600.0,0.0,渤海股份
000605,2025-06-03,7.01,7.11,6.99,7.06,9754600.0,0.0,渤海股份
000605,2025-06-04,7.06,7.23,7.05,7.2,11421000.0,0.0,渤海股份
000605,2025-06-05,7.23,7.24,7.12,7.17,8547500.0,0.0,渤海股份
000605,2025-06-06,7.18,7.2,7.1,7.16,9066500.0,0.0,渤海股份
000605,2025-06-09,7.16,7.18,7.11,7.16,8404700.0,0.0,渤海股份
000605,2025-06-10,7.18,7.2,7.0,7.07,13230700.0,0.0,渤海股份
000605,2025-06-11,7.1,7.15,7.07,7.14,7781700.0,0.0,渤海股份
000605,2025-06-12,7.14,7.17,7.09,7.15,7249700.0,0.0,渤海股份
000605,2025-06-13,7.15,7.15,6.95,6.96,12403500.0,0.0,渤海股份
000605,2025-06-16,6.95,7.05,6.92,7.0,5137700.0,0.0,渤海股份
000605,2025-06-17,7.02,7.03,6.92,6.95,5440600.0,0.0,渤海股份
000605,2025-06-18,6.95,6.95,6.81,6.81,7588500.0,0.0,渤海股份
000605,2025-06-19,6.85,6.87,6.69,6.7,7236000.0,0.0,渤海股份
000605,2025-06-20,6.7,6.75,6.65,6.71,5949400.0,0.0,渤海股份
000605,2025-06-23,6.66,6.84,6.65,6.82,5920400.0,0.0,渤海股份
000605,2025-06-24,6.84,6.98,6.8,6.97,5788000.0,0.0,渤海股份
000605,2025-06-25,6.97,7.02,6.91,6.99,6729400.0,0.0,渤海股份
000605,2025-06-26,7.01,7.08,6.95,6.95,9276800.0,0.0,渤海股份
000605,2025-06-27,7.0,7.08,6.98,6.99,6138400.0,0.0,渤海股份
000605,2025-06-30,7.0,7.08,7.0,7.06,6648100.0,0.0,渤海股份
000605,2025-07-01,7.09,7.1,7.02,7.07,6451200.0,0.0,渤海股份
000605,2025-07-02,7.1,7.1,7.04,7.08,5459100.0,0.0,渤海股份
000605,2025-07-03,7.11,7.14,7.08,7.12,6814900.0,0.0,渤海股份
000605,2025-07-04,7.13,7.15,7.07,7.1,6464200.0,0.0,渤海股份
000605,2025-07-07,7.09,7.19,7.08,7.19,6655100.0,0.0,渤海股份
000605,2025-07-08,7.18,7.2,7.15,7.18,5390700.0,0.0,渤海股份
000605,2025-07-09,7.18,7.24,7.15,7.2,5351800.0,0.0,渤海股份
000605,2025-07-10,7.19,7.24,7.18,7.22,5292000.0,0.0,渤海股份
000605,2025-07-11,7.23,7.23,7.13,7.2,6391900.0,0.0,渤海股份
000605,2025-07-14,7.24,7.29,7.2,7.28,6082500.0,0.0,渤海股份
000605,2025-07-15,7.28,7.29,7.08,7.12,7580700.0,0.0,渤海股份
000605,2025-07-16,7.12,7.21,7.1,7.19,5420800.0,0.0,渤海股份
000605,2025-07-17,7.21,7.21,7.14,7.16,4350300.0,0.0,渤海股份
000605,2025-07-18,7.17,7.21,7.14,7.2,4868700.0,0.0,渤海股份
000605,2025-07-21,7.22,7.45,7.2,7.38,12446000.0,0.0,渤海股份
000605,2025-07-22,7.45,7.45,7.26,7.35,7021500.0,0.0,渤海股份
000605,2025-07-23,7.35,7.4,7.27,7.29,6826600.0,0.0,渤海股份
000605,2025-07-24,7.29,7.35,7.26,7.35,6178000.0,0.0,渤海股份
000605,2025-07-25,7.37,7.43,7.33,7.35,4733100.0,0.0,渤海股份
000605,2025-07-28,7.34,7.39,7.33,7.34,4621400.0,0.0,渤海股份
000605,2025-07-29,7.34,7.41,7.18,7.28,7778200.0,0.0,渤海股份
000605,2025-07-30,7.26,7.44,7.26,7.42,11564900.0,0.0,渤海股份
000605,2025-07-31,7.42,7.5,7.17,7.19,12130000.0,0.0,渤海股份
000605,2025-08-01,7.22,7.3,7.2,7.28,8643900.0,0.0,渤海股份
000605,2025-08-04,7.26,7.35,7.2,7.3,4925900.0,0.0,渤海股份
000605,2025-08-05,7.32,7.4,7.32,7.37,6342600.0,0.0,渤海股份
000605,2025-08-06,7.42,7.43,7.32,7.39,4625200.0,0.0,渤海股份
000605,2025-08-07,7.4,7.42,7.34,7.35,5459800.0,0.0,渤海股份
000605,2025-08-08,7.35,7.4,7.29,7.38,6458300.0,0.0,渤海股份
000605,2025-08-11,7.38,7.46,7.35,7.46,6837500.0,0.0,渤海股份
000605,2025-08-12,7.47,7.53,7.41,7.45,5782400.0,0.0,渤海股份
000605,2025-08-13,7.45,7.48,7.29,7.35,10238300.0,0.0,渤海股份
000605,2025-08-14,7.35,7.37,7.16,7.16,10557200.0,0.0,渤海股份
000605,2025-08-15,7.14,7.2,7.13,7.17,8213600.0,0.0,渤海股份
000605,2025-08-18,7.19,7.23,7.13,7.21,7618800.0,0.0,渤海股份
000605,2025-08-19,7.21,7.34,7.17,7.29,9009900.0,0.0,渤海股份
000605,2025-08-20,7.29,7.35,7.26,7.34,5998400.0,0.0,渤海股份
000605,2025-08-21,7.36,7.42,7.31,7.36,8412800.0,0.0,渤海股份
000605,2025-08-22,7.45,7.45,7.27,7.33,7585100.0,0.0,渤海股份
000605,2025-08-25,7.36,7.39,7.32,7.36,6692700.0,0.0,渤海股份
000605,2025-08-26,7.37,7.44,7.33,7.42,9132300.0,0.0,渤海股份
000605,2025-08-27,7.44,7.44,7.18,7.21,10765400.0,0.0,渤海股份
000605,2025-08-28,7.2,7.27,6.88,7.17,11662100.0,0.0,渤海股份
000605,2025-08-29,7.2,7.2,7.07,7.1,5976300.0,0.0,渤海股份
000605,2025-09-01,7.09,7.17,7.04,7.08,7575600.0,0.0,渤海股份
000605,2025-09-02,7.08,7.11,6.94,7.06,9586900.0,0.0,渤海股份
000605,2025-09-03,7.06,7.08,6.79,6.81,7944400.0,0.0,渤海股份
000605,2025-09-04,6.85,6.99,6.75,6.94,8951500.0,0.0,渤海股份
000605,2025-09-05,6.99,6.99,6.83,6.93,6303800.0,0.0,渤海股份
000605,2025-09-08,6.93,7.19,6.9,7.19,9763600.0,0.0,渤海股份
000605,2025-09-09,7.17,7.26,7.13,7.25,10514000.0,0.0,渤海股份
000605,2025-09-10,7.23,7.36,7.2,7.34,10201100.0,0.0,渤海股份
000605,2025-09-11,7.36,7.4,7.26,7.38,8851600.0,0.0,渤海股份
000605,2025-09-12,7.4,7.56,7.37,7.48,14618900.0,0.0,渤海股份
000605,2025-09-15,7.53,7.54,7.35,7.44,8424400.0,0.0,渤海股份
000605,2025-09-16,7.42,7.52,7.42,7.49,7887500.0,0.0,渤海股份
000605,2025-09-17,7.49,8.1,7.32,7.74,38655200.0,0.0,渤海股份
000605,2025-09-18,7.41,7.48,7.1,7.22,34010300.0,0.0,渤海股份
000605,2025-09-19,7.14,7.18,6.92,6.97,16927800.0,0.0,渤海股份
000605,2025-09-22,6.97,6.99,6.87,6.9,7220000.0,0.0,渤海股份
000605,2025-09-23,6.86,6.9,6.66,6.88,9136400.0,0.0,渤海股份
000605,2025-09-24,6.82,6.95,6.82,6.93,5699400.0,0.0,渤海股份
000605,2025-09-25,6.93,7.0,6.86,6.89,5060700.0,0.0,渤海股份
000605,2025-09-26,6.88,6.98,6.81,6.88,4901100.0,0.0,渤海股份
000605,2025-09-29,6.88,6.97,6.79,6.92,5652600.0,0.0,渤海股份
000605,2025-09-30,6.92,6.94,6.87,6.87,3981600.0,0.0,渤海股份
000605,2025-10-09,6.87,6.9,6.8,6.83,4558800.0,0.0,渤海股份
000605,2025-10-10,6.81,6.94,6.79,6.88,4366200.0,0.0,渤海股份
000605,2025-10-13,6.7,6.93,6.6,6.92,5721200.0,0.0,渤海股份
000605,2025-10-14,6.93,6.97,6.88,6.9,5003100.0,0.0,渤海股份
000605,2025-10-15,6.9,6.95,6.87,6.95,4350100.0,0.0,渤海股份
000605,2025-10-16,6.95,6.96,6.86,6.88,3333100.0,0.0,渤海股份
000605,2025-10-17,6.87,6.96,6.86,6.89,5548800.0,0.0,渤海股份
000605,2025-10-20,6.93,7.03,6.89,7.02,6107600.0,0.0,渤海股份
000605,2025-10-21,7.02,7.22,6.99,7.22,9317700.0,0.0,渤海股份
000605,2025-10-22,7.21,7.33,7.18,7.26,9148500.0,0.0,渤海股份
000605,2025-10-23,7.24,7.41,7.17,7.33,9825500.0,0.0,渤海股份
000605,2025-10-24,7.33,7.35,7.22,7.26,5985600.0,0.0,渤海股份
000605,2025-10-27,7.27,7.3,7.16,7.24,6052300.0,0.0,渤海股份
000605,2025-10-28,7.23,7.39,7.22,7.35,6294400.0,0.0,渤海股份
000605,2025-10-29,7.32,7.36,7.19,7.3,5056400.0,0.0,渤海股份
000605,2025-10-30,7.28,7.33,7.2,7.21,4577500.0,0.0,渤海股份
000605,2025-10-31,7.22,7.3,7.22,7.28,5106900.0,0.0,渤海股份
000605,2025-11-03,7.28,7.36,7.26,7.35,5496600.0,0.0,渤海股份
000605,2025-11-04,7.33,7.43,7.3,7.4,5712700.0,0.0,渤海股份
000605,2025-11-05,7.38,7.48,7.34,7.46,6256800.0,0.0,渤海股份
000605,2025-11-06,7.46,7.48,7.4,7.44,4387800.0,0.0,渤海股份
000605,2025-11-07,7.46,7.49,7.41,7.46,4333500.0,0.0,渤海股份
000605,2025-11-10,7.46,7.53,7.41,7.49,4471900.0,0.0,渤海股份
000605,2025-11-11,7.49,7.57,7.46,7.56,4665300.0,0.0,渤海股份
000605,2025-11-12,7.55,7.6,7.48,7.52,4551800.0,0.0,渤海股份
000605,2025-11-13,7.52,7.56,7.45,7.53,5148100.0,0.0,渤海股份
000605,2025-11-14,7.51,7.66,7.48,7.6,7203800.0,0.0,渤海股份
000605,2025-11-17,7.61,7.69,7.54,7.66,5366000.0,0.0,渤海股份
000605,2025-11-18,7.68,7.68,7.47,7.54,5239900.0,0.0,渤海股份
000605,2025-11-19,7.54,7.59,7.36,7.45,6235900.0,0.0,渤海股份
000605,2025-11-20,7.45,7.55,7.39,7.51,6470300.0,0.0,渤海股份
000605,2025-11-21,7.4,7.47,7.03,7.03,10342600.0,0.0,渤海股份
000605,2025-11-24,7.04,7.21,7.04,7.16,8647700.0,0.0,渤海股份
000605,2025-11-25,7.16,7.29,7.16,7.18,5545600.0,0.0,渤海股份
000605,2025-11-26,7.21,7.3,7.03,7.07,5749900.0,0.0,渤海股份
000605,2025-11-27,7.06,7.19,7.04,7.17,4847300.0,0.0,渤海股份
000605,2025-11-28,7.16,7.53,7.08,7.39,13827300.0,0.0,渤海股份
000605,2025-12-01,7.37,7.53,7.29,7.41,11676100.0,0.0,渤海股份
000605,2025-12-02,7.4,7.42,7.26,7.36,6042100.0,0.0,渤海股份
000605,2025-12-03,7.4,7.42,7.25,7.29,5157600.0,0.0,渤海股份
000605,2025-12-04,7.27,7.33,7.08,7.08,5427700.0,0.0,渤海股份
000605,2025-12-05,7.11,7.15,7.02,7.14,4717800.0,0.0,渤海股份
000605,2025-12-08,7.15,7.18,7.06,7.1,5219900.0,0.0,渤海股份
000605,2025-12-09,7.08,7.1,6.98,7.04,5861600.0,0.0,渤海股份
000605,2025-12-10,7.01,7.06,6.92,6.94,4609900.0,0.0,渤海股份
000605,2025-12-11,6.94,7.0,6.78,6.78,6410600.0,0.0,渤海股份
000605,2025-12-12,6.86,6.87,6.7,6.72,5040000.0,0.0,渤海股份
000605,2025-12-15,6.7,6.78,6.64,6.75,4753700.0,0.0,渤海股份
000605,2025-12-16,6.75,6.76,6.6,6.61,4100100.0,0.0,渤海股份
000605,2025-12-17,6.63,6.64,6.47,6.57,6494400.0,0.0,渤海股份
000605,2025-12-18,6.57,6.7,6.51,6.69,4718600.0,0.0,渤海股份
000605,2025-12-19,6.69,6.84,6.66,6.81,4356000.0,0.0,渤海股份
000605,2025-12-22,6.82,6.88,6.77,6.81,3829100.0,0.0,渤海股份
000605,2025-12-23,6.81,6.82,6.69,6.71,3472800.0,0.0,渤海股份
000605,2025-12-24,6.75,6.8,6.68,6.79,3610300.0,0.0,渤海股份
000605,2025-12-25,6.79,6.83,6.75,6.81,2922700.0,0.0,渤海股份
000605,2025-12-26,6.83,6.83,6.73,6.73,3648400.0,0.0,渤海股份
000605,2025-12-29,6.73,6.78,6.66,6.73,3455300.0,0.0,渤海股份
000605,2025-12-30,6.76,6.78,6.63,6.7,4655100.0,0.0,渤海股份
000605,2025-12-31,6.7,6.73,6.63,6.71,2849900.0,0.0,渤海股份
000605,2026-01-05,6.71,6.82,6.71,6.72,4843700.0,0.0,渤海股份
000605,2026-01-06,6.72,6.82,6.71,6.79,4893600.0,0.0,渤海股份
000605,2026-01-07,6.82,6.82,6.71,6.73,4626700.0,0.0,渤海股份
000605,2026-01-08,6.71,6.85,6.7,6.84,5344800.0,0.0,渤海股份
000605,2026-01-09,6.83,6.86,6.77,6.84,4145400.0,0.0,渤海股份
000605,2026-01-12,6.88,6.89,6.83,6.88,5168200.0,0.0,渤海股份
000605,2026-01-13,6.89,6.98,6.83,6.92,6032000.0,0.0,渤海股份
000605,2026-01-14,6.9,6.97,6.8,6.89,6139800.0,0.0,渤海股份
000605,2026-01-15,6.87,6.91,6.83,6.89,4175200.0,0.0,渤海股份
000605,2026-01-16,6.91,6.94,6.83,6.84,3486600.0,0.0,渤海股份
000605,2026-01-19,6.88,7.03,6.82,7.02,6315400.0,0.0,渤海股份
000605,2026-01-20,7.02,7.09,6.98,7.07,4944300.0,0.0,渤海股份
000605,2026-01-21,7.02,7.1,6.98,7.09,3645300.0,0.0,渤海股份
000605,2026-01-22,7.09,7.18,7.07,7.16,4214600.0,0.0,渤海股份
000605,2026-01-23,7.18,7.18,7.12,7.13,3966700.0,0.0,渤海股份
000605,2026-01-26,7.15,7.18,7.03,7.16,6956000.0,0.0,渤海股份
000605,2026-01-27,7.13,7.14,6.92,7.03,5865600.0,0.0,渤海股份
000605,2026-01-28,7.0,7.07,6.96,6.97,4194000.0,0.0,渤海股份
000605,2026-01-29,6.96,7.11,6.92,7.02,5229200.0,0.0,渤海股份
000605,2026-01-30,6.97,7.14,6.96,7.13,6728500.0,0.0,渤海股份
000605,2026-02-02,7.13,7.21,7.04,7.04,6397700.0,0.0,渤海股份
000605,2026-02-03,7.15,7.19,7.08,7.1,6310800.0,0.0,渤海股份
000605,2026-02-04,7.1,7.23,7.06,7.2,5615800.0,0.0,渤海股份
000605,2026-02-05,7.2,7.27,7.16,7.17,4290200.0,0.0,渤海股份
000605,2026-02-06,7.19,7.26,7.16,7.2,4546100.0,0.0,渤海股份
000605,2026-02-09,7.26,7.29,7.22,7.29,5041000.0,0.0,渤海股份
000605,2026-02-10,7.29,7.35,7.26,7.28,4741300.0,0.0,渤海股份
000605,2026-02-11,7.28,7.32,7.23,7.3,4249400.0,0.0,渤海股份
000605,2026-02-12,7.33,7.33,7.14,7.19,4524300.0,0.0,渤海股份
000605,2026-02-13,7.19,7.26,7.15,7.16,3536500.0,0.0,渤海股份
000605,2026-02-24,7.21,7.36,7.2,7.34,5204100.0,0.0,渤海股份
000605,2026-02-25,7.38,7.42,7.32,7.35,4054800.0,0.0,渤海股份
000605,2026-02-26,7.39,7.39,7.24,7.3,5038100.0,0.0,渤海股份
000605,2026-02-27,7.3,7.38,7.27,7.35,4532500.0,0.0,渤海股份
000605,2026-03-02,7.32,7.35,7.11,7.17,7201400.0,0.0,渤海股份
000605,2026-03-03,7.2,7.34,7.11,7.16,7420500.0,0.0,渤海股份
000605,2026-03-04,7.12,7.16,7.0,7.04,6741300.0,0.0,渤海股份
000605,2026-03-05,7.23,7.26,7.11,7.19,5892500.0,0.0,渤海股份
000605,2026-03-06,7.15,7.39,7.11,7.38,7425600.0,0.0,渤海股份
000605,2026-03-09,7.28,7.44,7.26,7.35,7011900.0,0.0,渤海股份
000605,2026-03-10,7.39,7.45,7.29,7.44,6868700.0,0.0,渤海股份
000605,2026-03-11,7.44,7.46,7.36,7.4,4401900.0,0.0,渤海股份
000605,2026-03-12,7.4,7.43,7.27,7.29,5300000.0,0.0,渤海股份
000605,2026-03-13,7.29,7.42,7.25,7.33,5314900.0,0.0,渤海股份
000605,2026-03-16,7.33,7.41,7.24,7.28,5370500.0,0.0,渤海股份
000605,2026-03-17,7.32,7.37,7.16,7.18,5457200.0,0.0,渤海股份
000605,2026-03-18,7.22,7.35,7.15,7.35,5556300.0,0.0,渤海股份
000605,2026-03-19,7.3,7.34,7.08,7.12,5280100.0,0.0,渤海股份
000605,2026-03-20,7.14,7.19,6.81,6.9,7918300.0,0.0,渤海股份
000605,2026-03-23,6.78,6.79,6.37,6.45,10089100.0,0.0,渤海股份
000605,2026-03-24,6.63,6.91,6.53,6.9,10736800.0,0.0,渤海股份
000605,2026-03-25,6.97,7.21,6.9,7.13,11699200.0,0.0,渤海股份
000605,2026-03-26,7.15,7.19,6.93,6.99,6171600.0,0.0,渤海股份
000605,2026-03-27,6.93,7.12,6.91,7.07,5631200.0,0.0,渤海股份
000605,2026-03-30,7.03,7.08,6.85,7.05,5471300.0,0.0,渤海股份
000605,2026-03-31,7.07,7.13,6.9,6.93,5221600.0,0.0,渤海股份
000605,2026-04-01,7.0,7.09,6.82,6.89,5831700.0,0.0,渤海股份
000605,2026-04-02,6.92,6.97,6.67,6.77,6482600.0,0.0,渤海股份
000605,2026-04-03,6.78,6.79,6.4,6.42,8292100.0,0.0,渤海股份
000605,2026-04-07,6.43,6.73,6.37,6.72,7343400.0,0.0,渤海股份
000605,2026-04-08,7.01,7.01,6.72,6.9,7064500.0,0.0,渤海股份
000605,2026-04-09,6.93,6.93,6.67,6.7,5185500.0,0.0,渤海股份
000605,2026-04-10,6.74,6.9,6.74,6.83,5656900.0,0.0,渤海股份
000605,2026-04-13,6.81,6.83,6.69,6.8,4553400.0,0.0,渤海股份
000605,2026-04-14,6.88,6.9,6.64,6.74,4754100.0,0.0,渤海股份
000605,2026-04-15,6.78,6.78,6.64,6.66,4969800.0,0.0,渤海股份
000605,2026-04-16,6.67,6.88,6.59,6.83,5485600.0,0.0,渤海股份
000605,2026-04-17,6.82,6.87,6.67,6.71,5078500.0,0.0,渤海股份
000605,2026-04-20,6.7,6.77,6.66,6.75,4609000.0,0.0,渤海股份
000605,2026-04-21,6.77,6.77,6.67,6.74,3441200.0,0.0,渤海股份
000605,2026-04-22,6.72,6.78,6.66,6.67,4100100.0,0.0,渤海股份
000605,2026-04-23,6.71,6.71,6.54,6.64,4360300.0,0.0,渤海股份
000605,2026-04-24,6.64,6.8,6.57,6.76,5375600.0,0.0,渤海股份
000605,2026-04-27,6.8,6.88,6.6,6.85,5801600.0,0.0,渤海股份
000605,2026-04-28,6.85,6.98,6.8,6.93,5649700.0,0.0,渤海股份
000605,2026-04-29,6.97,7.19,6.88,7.13,9140300.0,0.0,渤海股份
000605,2026-04-30,7.13,7.25,7.11,7.2,6952900.0,0.0,渤海股份
000605,2026-05-06,7.2,7.3,7.15,7.23,8123700.0,0.0,渤海股份
000605,2026-05-07,7.23,7.31,7.15,7.17,7294700.0,0.0,渤海股份
000605,2026-05-08,7.18,7.26,7.09,7.22,4424200.0,0.0,渤海股份
000605,2026-05-11,7.22,7.27,7.14,7.22,5934700.0,0.0,渤海股份
000605,2026-05-12,7.22,7.29,7.1,7.18,4666400.0,0.0,渤海股份
000605,2026-05-13,7.18,7.26,7.11,7.23,5015500.0,0.0,渤海股份
000605,2026-05-14,7.23,7.24,7.09,7.09,4222400.0,0.0,渤海股份
000605,2026-05-15,7.1,7.16,6.87,6.92,6692000.0,0.0,渤海股份
000605,2026-05-18,6.92,7.12,6.89,7.05,5275600.0,0.0,渤海股份
000605,2026-05-19,7.06,7.16,6.95,7.07,4134900.0,0.0,渤海股份
000605,2026-05-20,7.07,7.07,6.83,6.9,4497900.0,0.0,渤海股份
000605,2026-05-21,6.93,7.0,6.6,6.61,6530800.0,0.0,渤海股份
000605,2026-05-22,6.74,6.86,6.57,6.8,6102400.0,0.0,渤海股份
000605,2026-05-25,6.78,6.85,6.59,6.67,5936300.0,0.0,渤海股份
000605,2026-05-26,6.67,6.7,6.45,6.53,6580800.0,0.0,渤海股份
000605,2026-05-27,6.5,6.51,6.15,6.29,8858800.0,0.0,渤海股份
000605,2026-05-28,6.29,6.36,6.17,6.3,5995700.0,0.0,渤海股份
000605,2026-05-29,6.29,6.43,6.22,6.26,4872500.0,0.0,渤海股份
000605,2026-06-01,6.24,6.64,6.15,6.61,8520200.0,0.0,渤海股份
000605,2026-06-02,6.59,6.65,6.37,6.39,6260400.0,0.0,渤海股份
000605,2026-06-03,6.48,6.48,6.19,6.28,5779100.0,0.0,渤海股份
000605,2026-06-04,6.24,6.32,6.13,6.17,4905700.0,0.0,渤海股份
000605,2026-06-05,6.16,6.34,6.07,6.25,4720700.0,0.0,渤海股份
000605,2026-06-08,6.13,6.33,6.0,6.13,5276600.0,0.0,渤海股份
000605,2026-06-09,6.2,6.22,6.02,6.11,3673800.0,0.0,渤海股份
000605,2026-06-10,6.11,6.12,5.94,6.05,3846900.0,0.0,渤海股份
000605,2026-06-11,6.0,6.07,5.89,6.01,3407100.0,0.0,渤海股份
000605,2026-06-12,6.05,6.16,5.96,6.11,3811200.0,0.0,渤海股份
000605,2026-06-15,6.15,6.21,5.99,6.0,5057300.0,0.0,渤海股份
000605,2026-06-16,6.01,6.01,5.82,5.93,4453600.0,0.0,渤海股份
000605,2026-06-17,5.93,5.93,5.71,5.71,4975600.0,0.0,渤海股份
000605,2026-06-18,5.74,5.78,5.61,5.68,3947300.0,0.0,渤海股份
000605,2026-06-22,5.66,5.85,5.45,5.83,6672400.0,0.0,渤海股份
000605,2026-06-23,5.85,6.11,5.72,6.01,6978400.0,0.0,渤海股份
000605,2026-06-24,5.95,6.0,5.69,5.75,6047900.0,0.0,渤海股份
000605,2026-06-25,5.73,5.75,5.57,5.62,4666100.0,0.0,渤海股份
000605,2026-06-26,5.62,5.62,5.43,5.46,4556400.0,0.0,渤海股份
000605,2026-06-29,5.42,5.5,5.23,5.43,6398600.0,0.0,渤海股份
000605,2026-06-30,5.44,5.51,5.3,5.35,4680600.0,0.0,渤海股份
000605,2026-07-01,5.37,5.59,5.3,5.53,5353700.0,0.0,渤海股份
000605,2026-07-02,5.53,5.67,5.45,5.54,4907500.0,0.0,渤海股份
000605,2026-07-03,5.59,5.66,5.51,5.6,5088700.0,0.0,渤海股份
000605,2026-07-06,5.6,5.77,5.6,5.64,4007400.0,0.0,渤海股份
000605,2026-07-07,5.62,5.64,5.42,5.43,4583600.0,0.0,渤海股份
000605,2026-07-08,5.42,5.51,5.36,5.48,3511800.0,0.0,渤海股份
000605,2026-07-09,5.46,5.48,5.31,5.39,4218400.0,0.0,渤海股份
000605,2026-07-10,5.37,5.65,5.31,5.52,6399400.0,0.0,渤海股份
000605,2026-07-13,5.49,5.56,5.33,5.33,5047200.0,0.0,渤海股份
000605,2026-07-14,5.32,5.56,5.24,5.55,5343500.0,0.0,渤海股份
000605,2026-07-15,5.55,5.77,5.46,5.76,6553900.0,0.0,渤海股份
000605,2026-07-16,5.7,5.85,5.65,5.76,4623900.0,0.0,渤海股份
000605,2026-07-17,5.8,5.92,5.52,5.55,6105300.0,0.0,渤海股份
000605,2026-07-20,5.55,5.74,5.38,5.47,8038500.0,0.0,渤海股份
000605,2026-07-21,5.48,5.48,5.18,5.28,9526900.0,0.0,渤海股份
000605,2026-07-22,5.23,5.36,5.15,5.2,5682500.0,0.0,渤海股份
000605,2026-07-23,5.19,5.39,5.17,5.37,4968700.0,0.0,渤海股份
000605,2026-07-24,5.31,5.37,5.16,5.17,3854200.0,0.0,渤海股份
000605,2026-07-27,5.15,5.36,5.13,5.33,5037000.0,0.0,渤海股份
000605,2026-07-28,5.33,5.43,5.28,5.37,3631900.0,0.0,渤海股份
000605,2026-07-29,5.39,5.62,5.36,5.54,5716900.0,0.0,渤海股份
000605,2026-07-30,5.53,5.65,5.44,5.48,4071100.0,0.0,渤海股份
000605,2026-07-31,5.52,5.62,5.51,5.57,3581400.0,0.0,渤海股份
000605,2026-08-03,5.62,5.87,5.55,5.84,6758100.0,0.0,渤海股份
000605,2026-08-04,5.86,5.95,5.78,5.79,4876000.0,0.0,渤海股份
000605,2026-08-05,5.84,5.86,5.71,5.78,4116400.0,0.0,渤海股份
000605,2026-08-06,5.8,5.85,5.7,5.81,4429500.0,0.0,渤海股份
000605,2026-08-07,5.81,5.83,5.68,5.77,2799700.0,0.0,渤海股份
000605,2026-08-10,5.8,6.05,5.76,6.03,5192100.0,0.0,渤海股份
000605,2026-08-11,6.03,6.07,5.95,6.01,3799000.0,0.0,渤海股份
000605,2026-08-12,6.01,6.05,5.95,6.03,3082800.0,0.0,渤海股份
000605,2026-08-13,6.07,6.09,5.95,5.96,3117800.0,0.0,渤海股份
000605,2026-08-14,5.98,5.99,5.89,5.98,2877300.0,0.0,渤海股份
000605,2026-08-17,5.97,6.08,5.91,6.08,3386500.0,0.0,渤海股份
000605,2026-08-18,6.06,6.1,5.99,6.04,3182000.0,0.0,渤海股份
000605,2026-08-19,5.86,5.98,5.82,5.88,5772900.0,0.0,渤海股份
000605,2026-08-20,5.88,5.98,5.87,5.94,4739000.0,0.0,渤海股份
000605,2026-08-21,5.91,5.95,5.79,5.89,4224000.0,0.0,渤海股份
000605,2026-08-24,5.89,5.94,5.77,5.86,4684200.0,0.0,渤海股份
000605,2026-08-25,5.84,6.01,5.71,6.0,3716900.0,0.0,渤海股份
000605,2026-08-26,5.97,6.05,5.94,6.01,3853300.0,0.0,渤海股份
000605,2026-08-27,6.02,6.03,5.9,5.91,3396100.0,0.0,渤海股份
000605,2026-08-28,5.93,6.03,5.89,5.99,3428100.0,0.0,渤海股份
000605,2026-08-31,5.95,6.07,5.92,6.05,4409500.0,0.0,渤海股份
000605,2026-09-01,6.05,6.12,5.98,6.11,3628300.0,0.0,渤海股份
000605,2026-09-02,6.1,6.1,5.98,6.07,4131100.0,0.0,渤海股份
000605,2026-09-03,6.08,6.14,5.91,5.92,4441700.0,0.0,渤海股份
000605,2026-09-04,5.92,6.07,5.9,5.98,4219600.0,0.0,渤海股份
