code,date,open,high,low,close,volume,amount,name
002869,2023-05-23,22.3,23.43,22.08,22.83,4501400.0,0.0,金溢科技
002869,2023-05-24,22.86,23.58,22.7,23.28,3753800.0,0.0,金溢科技
002869,2023-05-25,23.1,23.55,22.45,22.66,2938800.0,0.0,金溢科技
002869,2023-05-26,22.5,23.25,22.5,23.21,2371100.0,0.0,金溢科技
002869,2023-05-29,23.22,23.52,22.83,23.15,2139100.0,0.0,金溢科技
002869,2023-05-30,22.9,23.3,22.85,23.25,1773800.0,0.0,金溢科技
002869,2023-05-31,23.25,23.5,23.04,23.39,1947200.0,0.0,金溢科技
002869,2023-06-01,23.39,23.5,22.79,22.85,3700200.0,0.0,金溢科技
002869,2023-06-02,22.96,23.32,22.95,23.15,2226600.0,0.0,金溢科技
002869,2023-06-05,23.05,24.2,23.0,23.54,3483500.0,0.0,金溢科技
002869,2023-06-06,23.43,23.58,22.92,23.05,2746500.0,0.0,金溢科技
002869,2023-06-07,22.92,23.74,22.89,23.6,3023400.0,0.0,金溢科技
002869,2023-06-08,23.6,23.76,23.26,23.38,1786900.0,0.0,金溢科技
002869,2023-06-09,23.39,23.68,23.08,23.41,2173000.0,0.0,金溢科技
002869,2023-06-12,23.3,24.65,23.3,24.24,4147900.0,0.0,金溢科技
002869,2023-06-13,24.24,24.74,24.15,24.28,3693900.0,0.0,金溢科技
002869,2023-06-14,24.23,24.45,23.89,24.06,3352500.0,0.0,金溢科技
002869,2023-06-15,24.26,24.26,23.51,23.6,3014700.0,0.0,金溢科技
002869,2023-06-16,23.68,24.29,23.42,23.89,2416000.0,0.0,金溢科技
002869,2023-06-19,23.8,24.1,23.53,23.77,2691300.0,0.0,金溢科技
002869,2023-06-20,23.77,23.95,22.95,23.43,4471000.0,0.0,金溢科技
002869,2023-06-21,23.33,23.4,22.58,22.78,2983600.0,0.0,金溢科技
002869,2023-06-26,22.49,22.99,21.38,21.5,3170800.0,0.0,金溢科技
002869,2023-06-27,21.5,22.08,21.38,21.75,2884800.0,0.0,金溢科技
002869,2023-06-28,21.9,21.94,20.72,21.23,2793600.0,0.0,金溢科技
002869,2023-06-29,21.32,21.63,21.0,21.4,2334700.0,0.0,金溢科技
002869,2023-06-30,21.44,22.1,21.34,21.98,2531100.0,0.0,金溢科技
002869,2023-07-03,22.22,23.29,21.81,21.93,3786700.0,0.0,金溢科技
002869,2023-07-04,21.79,23.25,21.79,22.82,4320100.0,0.0,金溢科技
002869,2023-07-05,22.76,23.03,22.2,22.41,3124500.0,0.0,金溢科技
002869,2023-07-06,22.27,22.49,22.08,22.32,1849700.0,0.0,金溢科技
002869,2023-07-07,22.15,22.35,21.76,21.86,1754200.0,0.0,金溢科技
002869,2023-07-10,22.46,22.89,21.91,21.97,2665500.0,0.0,金溢科技
002869,2023-07-11,21.61,23.3,21.61,22.82,5178100.0,0.0,金溢科技
002869,2023-07-12,23.82,25.1,23.19,23.37,15190400.0,0.0,金溢科技
002869,2023-07-13,23.37,23.63,22.73,23.41,7384600.0,0.0,金溢科技
002869,2023-07-14,23.25,23.37,22.5,22.53,6976100.0,0.0,金溢科技
002869,2023-07-17,22.28,22.5,21.88,22.12,3586600.0,0.0,金溢科技
002869,2023-07-18,22.09,22.53,21.72,21.78,3094300.0,0.0,金溢科技
002869,2023-07-19,21.79,22.03,21.3,21.36,2268900.0,0.0,金溢科技
002869,2023-07-20,21.31,21.41,20.13,20.16,4523100.0,0.0,金溢科技
002869,2023-07-21,20.17,20.34,19.54,19.54,4858700.0,0.0,金溢科技
002869,2023-07-24,19.55,20.0,19.4,19.69,2526500.0,0.0,金溢科技
002869,2023-07-25,19.88,20.14,19.6,19.71,3750200.0,0.0,金溢科技
002869,2023-07-26,19.72,19.72,18.58,18.71,6300300.0,0.0,金溢科技
002869,2023-07-27,18.95,19.12,18.4,18.49,3765700.0,0.0,金溢科技
002869,2023-07-28,18.57,18.61,18.15,18.33,3548000.0,0.0,金溢科技
002869,2023-07-31,18.27,18.7,18.21,18.58,3237600.0,0.0,金溢科技
002869,2023-08-01,18.64,18.69,18.21,18.31,2827100.0,0.0,金溢科技
002869,2023-08-02,18.28,18.51,18.16,18.41,2415200.0,0.0,金溢科技
002869,2023-08-03,18.41,18.52,17.98,18.08,3452000.0,0.0,金溢科技
002869,2023-08-04,18.14,18.35,18.06,18.14,3441500.0,0.0,金溢科技
002869,2023-08-07,18.1,18.22,17.93,18.07,2497700.0,0.0,金溢科技
002869,2023-08-08,17.96,18.13,17.91,17.94,2343300.0,0.0,金溢科技
002869,2023-08-09,17.94,17.97,17.61,17.72,2520600.0,0.0,金溢科技
002869,2023-08-10,17.75,18.12,17.6,18.05,3248900.0,0.0,金溢科技
002869,2023-08-11,18.11,18.11,17.37,17.39,4297900.0,0.0,金溢科技
002869,2023-08-14,17.4,17.54,17.14,17.51,3758500.0,0.0,金溢科技
002869,2023-08-15,17.65,17.67,17.14,17.31,2498200.0,0.0,金溢科技
002869,2023-08-16,17.2,17.35,16.68,16.93,2778700.0,0.0,金溢科技
002869,2023-08-17,16.85,17.35,16.68,17.24,3015800.0,0.0,金溢科技
002869,2023-08-18,17.24,17.39,16.71,16.72,2633400.0,0.0,金溢科技
002869,2023-08-21,16.88,17.08,16.48,16.48,3442700.0,0.0,金溢科技
002869,2023-08-22,16.54,16.96,16.41,16.89,4518100.0,0.0,金溢科技
002869,2023-08-23,16.97,17.16,16.69,16.74,4105800.0,0.0,金溢科技
002869,2023-08-24,16.92,17.2,16.71,16.94,4032800.0,0.0,金溢科技
002869,2023-08-25,16.94,16.96,16.09,16.18,3728700.0,0.0,金溢科技
002869,2023-08-28,16.9,17.24,16.46,16.48,6069200.0,0.0,金溢科技
002869,2023-08-29,16.48,17.15,16.4,17.07,4504000.0,0.0,金溢科技
002869,2023-08-30,17.11,17.54,17.09,17.52,4402200.0,0.0,金溢科技
002869,2023-08-31,17.35,17.62,17.32,17.52,3253400.0,0.0,金溢科技
002869,2023-09-01,17.55,17.79,17.4,17.68,4273000.0,0.0,金溢科技
002869,2023-09-04,17.72,17.87,17.3,17.72,4766200.0,0.0,金溢科技
002869,2023-09-05,17.65,17.85,17.51,17.66,3634700.0,0.0,金溢科技
002869,2023-09-06,17.59,17.88,17.5,17.85,3511800.0,0.0,金溢科技
002869,2023-09-07,17.78,17.84,17.3,17.47,4317700.0,0.0,金溢科技
002869,2023-09-08,17.4,17.85,17.32,17.71,3145600.0,0.0,金溢科技
002869,2023-09-11,17.71,18.58,17.58,17.95,4840300.0,0.0,金溢科技
002869,2023-09-12,18.18,18.47,17.95,18.11,6148900.0,0.0,金溢科技
002869,2023-09-13,17.9,18.11,17.3,17.48,4444400.0,0.0,金溢科技
002869,2023-09-14,17.42,17.49,16.97,17.06,4489000.0,0.0,金溢科技
002869,2023-09-15,17.1,17.2,16.78,16.88,2820000.0,0.0,金溢科技
002869,2023-09-18,16.92,17.37,16.71,17.06,3900500.0,0.0,金溢科技
002869,2023-09-19,16.99,17.0,16.44,16.47,3370100.0,0.0,金溢科技
002869,2023-09-20,16.39,16.68,16.26,16.31,2950700.0,0.0,金溢科技
002869,2023-09-21,16.43,16.62,16.2,16.47,2509700.0,0.0,金溢科技
002869,2023-09-22,16.37,16.98,16.21,16.95,3595700.0,0.0,金溢科技
002869,2023-09-25,16.98,17.11,16.51,16.66,3411800.0,0.0,金溢科技
002869,2023-09-26,16.6,16.86,16.51,16.68,2520100.0,0.0,金溢科技
002869,2023-09-27,16.63,16.89,16.53,16.61,2681100.0,0.0,金溢科技
002869,2023-09-28,16.61,17.45,16.61,17.26,4467800.0,0.0,金溢科技
002869,2023-10-09,17.28,17.56,17.15,17.3,3607700.0,0.0,金溢科技
002869,2023-10-10,17.32,19.03,17.32,19.03,9378100.0,0.0,金溢科技
002869,2023-10-11,20.28,20.28,18.49,18.55,25492200.0,0.0,金溢科技
002869,2023-10-12,18.63,19.78,18.5,19.1,20031500.0,0.0,金溢科技
002869,2023-10-13,19.09,19.1,18.7,18.73,12133400.0,0.0,金溢科技
002869,2023-10-16,18.86,18.86,18.1,18.25,8681000.0,0.0,金溢科技
002869,2023-10-17,18.18,18.33,17.92,18.08,5919700.0,0.0,金溢科技
002869,2023-10-18,17.96,17.98,17.51,17.73,5596800.0,0.0,金溢科技
002869,2023-10-19,17.58,18.25,17.53,17.83,7662300.0,0.0,金溢科技
002869,2023-10-20,17.63,18.47,16.93,17.8,13612400.0,0.0,金溢科技
002869,2023-10-23,18.0,19.15,17.71,18.64,19531000.0,0.0,金溢科技
002869,2023-10-24,18.22,19.5,17.82,19.16,20581600.0,0.0,金溢科技
002869,2023-10-25,19.16,19.3,18.6,19.3,18139200.0,0.0,金溢科技
002869,2023-10-26,19.31,21.23,19.2,20.49,36141800.0,0.0,金溢科技
002869,2023-10-27,21.19,21.9,20.49,20.71,30845600.0,0.0,金溢科技
002869,2023-10-30,20.6,22.78,20.6,21.61,28336700.0,0.0,金溢科技
002869,2023-10-31,21.0,21.6,20.28,20.55,19741400.0,0.0,金溢科技
002869,2023-11-01,19.87,21.47,19.87,20.94,16840700.0,0.0,金溢科技
002869,2023-11-02,21.29,23.0,21.29,21.91,28168800.0,0.0,金溢科技
002869,2023-11-03,22.0,22.7,21.3,21.37,19794800.0,0.0,金溢科技
002869,2023-11-06,21.9,22.11,21.32,21.64,14837400.0,0.0,金溢科技
002869,2023-11-07,21.4,21.99,21.25,21.72,14311500.0,0.0,金溢科技
002869,2023-11-08,22.02,22.15,21.41,22.0,17158800.0,0.0,金溢科技
002869,2023-11-09,21.81,21.81,20.7,20.79,16306300.0,0.0,金溢科技
002869,2023-11-10,20.7,21.09,20.42,20.75,8366900.0,0.0,金溢科技
002869,2023-11-13,20.75,21.18,20.7,21.08,6262800.0,0.0,金溢科技
002869,2023-11-14,20.9,22.37,20.72,21.81,15100200.0,0.0,金溢科技
002869,2023-11-15,21.8,21.88,21.38,21.78,10275900.0,0.0,金溢科技
002869,2023-11-16,21.69,22.22,21.35,22.07,14810600.0,0.0,金溢科技
002869,2023-11-17,22.06,22.95,21.68,22.71,18420300.0,0.0,金溢科技
002869,2023-11-20,22.71,24.98,22.71,23.85,34391500.0,0.0,金溢科技
002869,2023-11-21,23.47,23.65,22.7,23.0,23942900.0,0.0,金溢科技
002869,2023-11-22,22.85,25.3,22.71,24.42,35648700.0,0.0,金溢科技
002869,2023-11-23,23.59,26.86,23.35,26.24,38397000.0,0.0,金溢科技
002869,2023-11-24,26.64,26.98,24.24,24.65,31141800.0,0.0,金溢科技
002869,2023-11-27,25.0,26.35,23.87,25.43,27411800.0,0.0,金溢科技
002869,2023-11-28,25.01,27.35,24.9,26.51,26823600.0,0.0,金溢科技
002869,2023-11-29,26.25,27.35,25.52,25.97,23042700.0,0.0,金溢科技
002869,2023-11-30,25.05,25.38,23.37,23.49,21767100.0,0.0,金溢科技
002869,2023-12-01,23.7,24.67,23.4,24.12,15664700.0,0.0,金溢科技
002869,2023-12-04,23.81,23.98,23.15,23.4,14235600.0,0.0,金溢科技
002869,2023-12-05,23.2,23.3,22.16,22.36,14561900.0,0.0,金溢科技
002869,2023-12-06,22.35,22.46,21.57,21.74,11354800.0,0.0,金溢科技
002869,2023-12-07,21.63,22.0,21.46,21.46,7856600.0,0.0,金溢科技
002869,2023-12-08,21.29,21.86,21.27,21.35,8050600.0,0.0,金溢科技
002869,2023-12-11,21.38,21.7,21.24,21.56,8017300.0,0.0,金溢科技
002869,2023-12-12,21.5,22.18,21.5,22.06,9689200.0,0.0,金溢科技
002869,2023-12-13,22.0,22.0,21.08,21.08,8432400.0,0.0,金溢科技
002869,2023-12-14,21.13,21.53,20.9,20.96,6765400.0,0.0,金溢科技
002869,2023-12-15,21.03,21.28,20.75,20.87,5932300.0,0.0,金溢科技
002869,2023-12-18,20.75,21.05,20.62,20.66,4434900.0,0.0,金溢科技
002869,2023-12-19,20.66,20.7,20.25,20.41,5383300.0,0.0,金溢科技
002869,2023-12-20,20.46,20.54,20.21,20.22,5355200.0,0.0,金溢科技
002869,2023-12-21,20.03,20.49,19.91,20.31,4887100.0,0.0,金溢科技
002869,2023-12-22,20.34,20.56,19.84,19.95,6475500.0,0.0,金溢科技
002869,2023-12-25,19.9,20.1,19.52,19.68,5267200.0,0.0,金溢科技
002869,2023-12-26,19.64,19.85,19.15,19.28,4741000.0,0.0,金溢科技
002869,2023-12-27,19.18,19.72,19.18,19.64,3739000.0,0.0,金溢科技
002869,2023-12-28,19.64,20.04,19.58,19.8,4130600.0,0.0,金溢科技
002869,2023-12-29,19.72,20.29,19.72,20.24,3965900.0,0.0,金溢科技
002869,2024-01-02,20.41,20.56,20.18,20.25,3741800.0,0.0,金溢科技
002869,2024-01-03,20.16,20.41,19.81,20.07,3620900.0,0.0,金溢科技
002869,2024-01-04,20.12,20.66,19.88,20.38,6362800.0,0.0,金溢科技
002869,2024-01-05,20.49,20.58,19.61,19.78,4674600.0,0.0,金溢科技
002869,2024-01-08,19.82,20.03,19.43,19.5,4264400.0,0.0,金溢科技
002869,2024-01-09,19.58,20.0,19.37,19.65,3540800.0,0.0,金溢科技
002869,2024-01-10,19.54,19.65,18.98,19.39,4382500.0,0.0,金溢科技
002869,2024-01-11,19.22,20.16,19.22,20.11,5326700.0,0.0,金溢科技
002869,2024-01-12,20.12,20.12,19.58,19.62,3447200.0,0.0,金溢科技
002869,2024-01-15,19.53,19.58,19.16,19.41,2887000.0,0.0,金溢科技
002869,2024-01-16,19.46,19.47,19.01,19.33,3524000.0,0.0,金溢科技
002869,2024-01-17,19.42,19.42,18.72,18.73,3510300.0,0.0,金溢科技
002869,2024-01-18,18.89,19.0,18.31,18.88,4690700.0,0.0,金溢科技
002869,2024-01-19,18.89,19.09,18.39,18.39,3252200.0,0.0,金溢科技
002869,2024-01-22,18.39,18.55,17.1,17.2,4854000.0,0.0,金溢科技
002869,2024-01-23,17.19,17.36,16.91,17.17,3904000.0,0.0,金溢科技
002869,2024-01-24,17.32,17.49,16.57,17.28,3581000.0,0.0,金溢科技
002869,2024-01-25,17.8,18.32,17.42,18.31,5362500.0,0.0,金溢科技
002869,2024-01-26,18.32,18.44,18.0,18.1,3524400.0,0.0,金溢科技
002869,2024-01-29,18.26,18.26,17.21,17.21,3061800.0,0.0,金溢科技
002869,2024-01-30,17.17,17.38,16.63,16.72,3204900.0,0.0,金溢科技
002869,2024-01-31,16.4,16.71,15.15,15.15,6159000.0,0.0,金溢科技
002869,2024-02-01,15.0,15.3,14.39,14.86,6222200.0,0.0,金溢科技
002869,2024-02-02,14.95,15.35,13.37,13.8,7021600.0,0.0,金溢科技
002869,2024-02-05,13.67,13.8,12.42,12.42,4820300.0,0.0,金溢科技
002869,2024-02-06,11.75,12.38,11.18,11.57,11515100.0,0.0,金溢科技
002869,2024-02-07,11.7,11.98,11.01,11.19,13292200.0,0.0,金溢科技
002869,2024-02-08,11.38,12.31,11.02,12.31,10801400.0,0.0,金溢科技
002869,2024-02-19,12.55,13.33,12.55,13.15,11180900.0,0.0,金溢科技
002869,2024-02-20,13.16,13.86,12.92,13.66,8807400.0,0.0,金溢科技
002869,2024-02-21,13.5,14.54,13.4,13.98,7649000.0,0.0,金溢科技
002869,2024-02-22,13.98,14.62,13.98,14.62,7650300.0,0.0,金溢科技
002869,2024-02-23,14.65,15.96,14.65,15.86,8783100.0,0.0,金溢科技
002869,2024-02-26,15.87,16.3,15.4,15.92,8829100.0,0.0,金溢科技
002869,2024-02-27,15.92,16.47,15.6,16.46,6292400.0,0.0,金溢科技
002869,2024-02-28,16.52,16.9,14.81,14.82,11180700.0,0.0,金溢科技
002869,2024-02-29,14.5,15.72,14.47,15.68,7594900.0,0.0,金溢科技
002869,2024-03-01,15.74,16.8,15.71,16.68,9756000.0,0.0,金溢科技
002869,2024-03-04,16.98,16.98,15.86,16.35,8197400.0,0.0,金溢科技
002869,2024-03-05,16.1,16.1,15.6,15.81,5907200.0,0.0,金溢科技
002869,2024-03-06,15.6,16.18,15.6,16.02,5129100.0,0.0,金溢科技
002869,2024-03-07,16.13,16.63,15.95,15.96,6917700.0,0.0,金溢科技
002869,2024-03-08,15.9,16.06,15.61,16.0,4873000.0,0.0,金溢科技
002869,2024-03-11,15.82,16.2,15.75,16.2,4836900.0,0.0,金溢科技
002869,2024-03-12,16.2,16.55,16.08,16.52,5581000.0,0.0,金溢科技
002869,2024-03-13,16.55,16.7,16.36,16.6,5283900.0,0.0,金溢科技
002869,2024-03-14,16.5,16.66,16.05,16.28,4631100.0,0.0,金溢科技
002869,2024-03-15,16.27,16.56,16.09,16.53,4268400.0,0.0,金溢科技
002869,2024-03-18,16.66,17.2,16.66,17.2,5814300.0,0.0,金溢科技
002869,2024-03-19,17.5,18.92,17.17,18.92,7211000.0,0.0,金溢科技
002869,2024-03-20,19.35,20.2,18.6,19.28,24379400.0,0.0,金溢科技
002869,2024-03-21,18.6,20.1,18.5,19.7,20196600.0,0.0,金溢科技
002869,2024-03-22,19.35,19.95,18.79,19.2,14449700.0,0.0,金溢科技
002869,2024-03-25,19.08,19.18,17.95,17.96,11090700.0,0.0,金溢科技
002869,2024-03-26,18.05,19.76,18.05,18.89,17195400.0,0.0,金溢科技
002869,2024-03-27,18.9,20.78,18.9,20.78,24888700.0,0.0,金溢科技
002869,2024-03-28,19.8,22.8,19.6,21.78,33940000.0,0.0,金溢科技
002869,2024-03-29,21.15,21.49,20.55,21.04,19157300.0,0.0,金溢科技
002869,2024-04-01,21.25,22.5,21.0,22.08,19584000.0,0.0,金溢科技
002869,2024-04-02,21.77,21.78,20.28,20.9,15601300.0,0.0,金溢科技
002869,2024-04-03,20.28,21.24,19.37,20.62,14169300.0,0.0,金溢科技
002869,2024-04-08,20.63,22.07,20.62,21.57,17085500.0,0.0,金溢科技
002869,2024-04-09,21.92,22.1,20.71,20.97,10067100.0,0.0,金溢科技
002869,2024-04-10,20.51,20.54,19.0,19.25,10782000.0,0.0,金溢科技
002869,2024-04-11,19.2,19.36,18.5,18.6,7381300.0,0.0,金溢科技
002869,2024-04-12,18.7,20.18,18.7,19.14,8683900.0,0.0,金溢科技
002869,2024-04-15,18.8,19.12,17.38,17.97,8729400.0,0.0,金溢科技
002869,2024-04-16,17.62,17.95,16.17,16.17,8392100.0,0.0,金溢科技
002869,2024-04-17,16.41,17.58,16.41,17.47,6796700.0,0.0,金溢科技
002869,2024-04-18,17.5,17.94,17.03,17.61,5404300.0,0.0,金溢科技
002869,2024-04-19,17.4,17.44,16.53,16.61,6356400.0,0.0,金溢科技
002869,2024-04-22,16.3,16.3,15.57,16.01,5146400.0,0.0,金溢科技
002869,2024-04-23,16.11,17.61,16.11,16.8,9805000.0,0.0,金溢科技
002869,2024-04-24,16.97,18.28,16.89,18.05,10737500.0,0.0,金溢科技
002869,2024-04-25,17.88,18.24,17.76,17.89,5177900.0,0.0,金溢科技
002869,2024-04-26,17.89,19.2,17.75,18.79,9427600.0,0.0,金溢科技
002869,2024-04-29,19.57,19.72,18.93,19.45,9521400.0,0.0,金溢科技
002869,2024-04-30,19.61,20.1,19.05,19.26,7462700.0,0.0,金溢科技
002869,2024-05-06,19.6,21.01,19.33,19.94,13423300.0,0.0,金溢科技
002869,2024-05-07,19.62,19.71,18.77,18.9,11622500.0,0.0,金溢科技
002869,2024-05-08,18.99,19.3,18.55,18.56,5791500.0,0.0,金溢科技
002869,2024-05-09,18.58,18.78,18.4,18.49,4376500.0,0.0,金溢科技
002869,2024-05-10,18.4,18.45,17.76,17.86,5022200.0,0.0,金溢科技
002869,2024-05-13,17.81,17.81,17.1,17.3,3757600.0,0.0,金溢科技
002869,2024-05-14,17.52,17.9,17.45,17.72,3760800.0,0.0,金溢科技
002869,2024-05-15,17.73,17.73,17.26,17.34,2924800.0,0.0,金溢科技
002869,2024-05-16,17.48,17.7,17.33,17.4,2599500.0,0.0,金溢科技
002869,2024-05-17,17.39,17.77,17.23,17.7,2938500.0,0.0,金溢科技
002869,2024-05-20,17.59,18.52,17.5,18.12,5339400.0,0.0,金溢科技
002869,2024-05-21,18.06,18.63,17.78,18.52,6771000.0,0.0,金溢科技
002869,2024-05-22,18.25,19.35,18.25,18.96,7045500.0,0.0,金溢科技
002869,2024-05-23,18.81,18.96,18.1,18.28,4741600.0,0.0,金溢科技
002869,2024-05-24,18.27,19.1,18.01,18.61,6466800.0,0.0,金溢科技
002869,2024-05-27,18.45,19.6,18.4,19.23,11350300.0,0.0,金溢科技
002869,2024-05-28,18.9,19.5,18.57,18.9,7453100.0,0.0,金溢科技
002869,2024-05-29,18.8,19.5,18.61,19.05,8903700.0,0.0,金溢科技
002869,2024-05-30,18.94,18.95,18.4,18.44,5577700.0,0.0,金溢科技
002869,2024-05-31,18.31,19.05,18.31,18.81,7431400.0,0.0,金溢科技
002869,2024-06-03,20.69,20.69,19.52,19.68,21488100.0,0.0,金溢科技
002869,2024-06-04,20.29,21.65,20.25,21.65,24207100.0,0.0,金溢科技
002869,2024-06-05,23.82,23.82,22.65,23.82,28523800.0,0.0,金溢科技
002869,2024-06-06,24.3,25.91,23.5,25.05,46769000.0,0.0,金溢科技
002869,2024-06-07,24.33,25.08,22.55,22.55,40223700.0,0.0,金溢科技
002869,2024-06-11,22.4,24.15,22.0,23.57,35365900.0,0.0,金溢科技
002869,2024-06-12,22.89,25.5,22.38,24.08,41089300.0,0.0,金溢科技
002869,2024-06-13,24.23,25.43,23.25,24.91,38751900.0,0.0,金溢科技
002869,2024-06-14,24.5,26.99,23.65,25.7,40060800.0,0.0,金溢科技
002869,2024-06-17,27.85,28.27,27.7,28.27,31730500.0,0.0,金溢科技
002869,2024-06-18,27.85,31.1,27.27,31.1,42627200.0,0.0,金溢科技
002869,2024-06-19,33.0,34.21,32.23,34.21,37859100.0,0.0,金溢科技
002869,2024-06-20,34.81,37.62,34.41,36.5,58234900.0,0.0,金溢科技
002869,2024-06-21,35.66,39.02,35.28,37.74,51372500.0,0.0,金溢科技
002869,2024-06-24,37.08,38.36,35.95,36.52,45826900.0,0.0,金溢科技
002869,2024-06-25,36.43,36.43,32.87,34.02,50220500.0,0.0,金溢科技
002869,2024-06-26,34.11,34.5,32.68,33.93,46494100.0,0.0,金溢科技
002869,2024-06-27,33.5,35.83,32.02,34.01,56632700.0,0.0,金溢科技
002869,2024-06-28,33.5,33.5,31.4,32.21,43008800.0,0.0,金溢科技
002869,2024-07-01,32.21,32.59,30.81,32.22,35224200.0,0.0,金溢科技
002869,2024-07-02,32.3,33.0,31.66,32.33,30870100.0,0.0,金溢科技
002869,2024-07-03,33.29,35.3,32.88,33.0,50392300.0,0.0,金溢科技
002869,2024-07-04,34.3,34.68,29.7,29.7,49113300.0,0.0,金溢科技
002869,2024-07-05,28.9,29.27,27.69,28.0,39467900.0,0.0,金溢科技
002869,2024-07-08,28.41,28.85,27.53,27.79,28046500.0,0.0,金溢科技
002869,2024-07-09,27.89,28.73,27.03,28.66,34315600.0,0.0,金溢科技
002869,2024-07-10,28.68,30.4,28.59,29.74,39956300.0,0.0,金溢科技
002869,2024-07-11,29.0,30.47,28.96,29.71,33508400.0,0.0,金溢科技
002869,2024-07-12,29.81,30.14,28.18,28.4,27454600.0,0.0,金溢科技
002869,2024-07-15,28.6,31.24,28.4,30.64,44828600.0,0.0,金溢科技
002869,2024-07-16,30.14,32.27,30.09,31.34,41722700.0,0.0,金溢科技
002869,2024-07-17,30.65,30.9,28.64,28.69,29017200.0,0.0,金溢科技
002869,2024-07-18,28.12,29.2,27.57,28.11,20182900.0,0.0,金溢科技
002869,2024-07-19,27.52,28.62,27.25,27.7,20998800.0,0.0,金溢科技
002869,2024-07-22,27.64,29.59,27.64,29.59,29666000.0,0.0,金溢科技
002869,2024-07-23,29.79,32.55,29.19,32.02,52354000.0,0.0,金溢科技
002869,2024-07-24,29.78,30.36,28.82,28.82,26956300.0,0.0,金溢科技
002869,2024-07-25,27.4,28.83,26.66,27.93,24681300.0,0.0,金溢科技
002869,2024-07-26,28.38,28.59,26.99,27.66,20199500.0,0.0,金溢科技
002869,2024-07-29,27.54,30.43,27.3,30.43,41444900.0,0.0,金溢科技
002869,2024-07-30,32.25,33.47,32.22,33.47,23332500.0,0.0,金溢科技
002869,2024-07-31,33.47,35.53,31.33,32.48,58816100.0,0.0,金溢科技
002869,2024-08-01,32.49,35.08,32.49,34.2,46199800.0,0.0,金溢科技
002869,2024-08-02,31.93,32.83,30.83,31.12,39774300.0,0.0,金溢科技
002869,2024-08-05,30.18,30.66,28.58,28.88,26387200.0,0.0,金溢科技
002869,2024-08-06,28.89,29.43,27.68,29.36,21823400.0,0.0,金溢科技
002869,2024-08-07,29.2,31.14,29.03,30.58,26212600.0,0.0,金溢科技
002869,2024-08-08,29.95,29.95,28.01,28.27,21357200.0,0.0,金溢科技
002869,2024-08-09,28.68,29.39,28.12,28.67,14994800.0,0.0,金溢科技
002869,2024-08-12,28.23,29.45,28.23,28.85,14741800.0,0.0,金溢科技
002869,2024-08-13,28.28,28.72,27.5,28.37,14739100.0,0.0,金溢科技
002869,2024-08-14,28.43,29.68,28.04,29.02,20647400.0,0.0,金溢科技
002869,2024-08-15,28.5,29.32,27.6,28.8,17459500.0,0.0,金溢科技
002869,2024-08-16,27.61,27.79,25.92,25.92,27562600.0,0.0,金溢科技
002869,2024-08-19,24.8,25.52,24.25,24.46,22494300.0,0.0,金溢科技
002869,2024-08-20,24.46,24.5,23.82,24.07,11851400.0,0.0,金溢科技
002869,2024-08-21,24.0,25.85,23.63,24.63,21435900.0,0.0,金溢科技
002869,2024-08-22,24.69,24.8,23.8,24.03,11586100.0,0.0,金溢科技
002869,2024-08-23,23.69,23.99,23.27,23.67,10651100.0,0.0,金溢科技
002869,2024-08-26,23.63,23.79,23.08,23.54,9824300.0,0.0,金溢科技
002869,2024-08-27,23.31,23.59,22.95,23.03,7981200.0,0.0,金溢科技
002869,2024-08-28,23.0,23.16,22.61,22.7,7017800.0,0.0,金溢科技
002869,2024-08-29,22.5,23.18,22.3,22.98,8899600.0,0.0,金溢科技
002869,2024-08-30,22.99,24.3,22.99,23.81,14397100.0,0.0,金溢科技
002869,2024-09-02,23.81,23.98,23.0,23.07,9295000.0,0.0,金溢科技
002869,2024-09-03,22.88,23.27,22.75,23.14,7177600.0,0.0,金溢科技
002869,2024-09-04,22.99,22.99,22.56,22.73,5779500.0,0.0,金溢科技
002869,2024-09-05,22.81,23.5,22.68,23.28,9218900.0,0.0,金溢科技
002869,2024-09-06,23.58,23.86,22.85,22.85,11725100.0,0.0,金溢科技
002869,2024-09-09,22.65,22.87,22.0,22.63,7109700.0,0.0,金溢科技
002869,2024-09-10,22.84,23.62,22.26,22.89,10018100.0,0.0,金溢科技
002869,2024-09-11,22.62,22.82,22.38,22.54,6885300.0,0.0,金溢科技
002869,2024-09-12,22.58,22.75,22.05,22.08,5874500.0,0.0,金溢科技
002869,2024-09-13,22.07,22.15,21.64,21.64,6101400.0,0.0,金溢科技
002869,2024-09-18,21.75,21.86,21.14,21.59,4756100.0,0.0,金溢科技
002869,2024-09-19,21.72,22.19,21.6,22.08,6511300.0,0.0,金溢科技
002869,2024-09-20,22.02,22.36,21.92,22.18,6155500.0,0.0,金溢科技
002869,2024-09-23,22.1,23.36,22.1,22.8,13965600.0,0.0,金溢科技
002869,2024-09-24,23.0,23.9,22.3,23.49,20452800.0,0.0,金溢科技
002869,2024-09-25,23.45,24.06,23.25,23.39,17157200.0,0.0,金溢科技
002869,2024-09-26,23.19,23.84,23.05,23.8,12883300.0,0.0,金溢科技
002869,2024-09-27,23.97,25.61,23.87,25.45,20935100.0,0.0,金溢科技
002869,2024-09-30,26.45,28.0,25.75,28.0,26513300.0,0.0,金溢科技
002869,2024-10-08,30.8,30.8,28.0,30.8,33267300.0,0.0,金溢科技
002869,2024-10-09,30.33,31.76,28.14,31.18,37786500.0,0.0,金溢科技
002869,2024-10-10,31.52,31.82,28.68,29.51,23995300.0,0.0,金溢科技
002869,2024-10-11,28.98,28.98,26.56,26.69,17984200.0,0.0,金溢科技
002869,2024-10-14,26.69,28.85,26.05,28.7,19755900.0,0.0,金溢科技
002869,2024-10-15,29.25,30.35,28.33,28.38,25233200.0,0.0,金溢科技
002869,2024-10-16,27.5,29.52,27.39,28.87,16101300.0,0.0,金溢科技
002869,2024-10-17,29.0,29.77,28.66,28.75,19820600.0,0.0,金溢科技
002869,2024-10-18,28.21,31.45,28.01,30.58,34203800.0,0.0,金溢科技
002869,2024-10-21,30.9,32.65,30.8,31.59,31697900.0,0.0,金溢科技
002869,2024-10-22,31.05,31.76,30.25,30.5,22153100.0,0.0,金溢科技
002869,2024-10-23,30.51,32.68,29.87,31.06,24744900.0,0.0,金溢科技
002869,2024-10-24,30.5,30.6,29.11,29.6,18156000.0,0.0,金溢科技
002869,2024-10-25,29.9,30.25,29.37,29.56,14542300.0,0.0,金溢科技
002869,2024-10-28,29.55,29.93,29.05,29.3,13410100.0,0.0,金溢科技
002869,2024-10-29,29.3,32.23,29.3,32.23,27357100.0,0.0,金溢科技
002869,2024-10-30,32.81,34.78,32.52,34.43,51252300.0,0.0,金溢科技
002869,2024-10-31,33.2,36.18,32.9,34.86,37848100.0,0.0,金溢科技
002869,2024-11-01,34.0,34.1,31.37,31.37,22915100.0,0.0,金溢科技
002869,2024-11-04,30.0,31.68,30.0,31.16,12979500.0,0.0,金溢科技
002869,2024-11-05,30.93,32.4,30.66,32.01,16168100.0,0.0,金溢科技
002869,2024-11-06,32.0,32.22,31.13,31.32,15411900.0,0.0,金溢科技
002869,2024-11-07,31.1,32.14,30.45,31.73,12614000.0,0.0,金溢科技
002869,2024-11-08,32.01,33.52,31.77,32.95,21933400.0,0.0,金溢科技
002869,2024-11-11,32.5,33.58,31.84,33.57,17655800.0,0.0,金溢科技
002869,2024-11-12,33.67,34.1,32.71,32.86,14753100.0,0.0,金溢科技
002869,2024-11-13,32.44,33.04,31.49,32.95,11488100.0,0.0,金溢科技
002869,2024-11-14,32.9,32.9,31.5,31.5,7837000.0,0.0,金溢科技
002869,2024-11-15,31.0,31.68,28.71,28.86,13201800.0,0.0,金溢科技
002869,2024-11-18,28.86,29.44,27.41,28.32,9473900.0,0.0,金溢科技
002869,2024-11-19,28.77,29.5,28.31,29.5,7425900.0,0.0,金溢科技
002869,2024-11-20,29.26,30.09,28.9,29.79,7486100.0,0.0,金溢科技
002869,2024-11-21,29.5,30.31,29.4,29.79,6774200.0,0.0,金溢科技
002869,2024-11-22,29.65,30.01,28.02,28.19,6707800.0,0.0,金溢科技
002869,2024-11-25,28.19,28.3,27.08,27.92,6649400.0,0.0,金溢科技
002869,2024-11-26,27.81,29.29,27.64,28.2,8597800.0,0.0,金溢科技
002869,2024-11-27,27.9,28.39,26.9,28.39,7928300.0,0.0,金溢科技
002869,2024-11-28,28.35,29.22,28.2,28.54,7829300.0,0.0,金溢科技
002869,2024-11-29,28.35,29.2,28.25,29.05,7252800.0,0.0,金溢科技
002869,2024-12-02,29.1,31.19,28.9,30.52,13671300.0,0.0,金溢科技
002869,2024-12-03,30.53,30.57,29.81,30.33,8042600.0,0.0,金溢科技
002869,2024-12-04,30.1,30.49,29.4,29.59,6514400.0,0.0,金溢科技
002869,2024-12-05,29.26,31.39,29.23,30.99,14547100.0,0.0,金溢科技
002869,2024-12-06,31.5,31.68,30.31,31.21,14399300.0,0.0,金溢科技
002869,2024-12-09,30.5,32.2,30.5,31.75,15461700.0,0.0,金溢科技
002869,2024-12-10,32.68,32.7,31.0,31.18,13294200.0,0.0,金溢科技
002869,2024-12-11,31.0,31.13,30.32,30.84,8461200.0,0.0,金溢科技
002869,2024-12-12,30.71,30.83,29.9,30.43,7726000.0,0.0,金溢科技
002869,2024-12-13,30.35,31.19,30.1,30.45,8985800.0,0.0,金溢科技
002869,2024-12-16,30.15,30.26,29.15,29.22,7294900.0,0.0,金溢科技
002869,2024-12-17,28.97,29.59,28.15,28.34,5975800.0,0.0,金溢科技
002869,2024-12-18,28.34,29.47,28.06,29.19,6403900.0,0.0,金溢科技
002869,2024-12-19,28.5,29.55,28.45,29.44,5543000.0,0.0,金溢科技
002869,2024-12-20,29.01,29.93,29.0,29.53,4975500.0,0.0,金溢科技
002869,2024-12-23,29.53,29.62,27.8,27.88,6218400.0,0.0,金溢科技
002869,2024-12-24,28.42,28.5,27.35,28.0,4354500.0,0.0,金溢科技
002869,2024-12-25,28.01,28.45,27.1,27.82,5190700.0,0.0,金溢科技
002869,2024-12-26,27.6,28.17,27.54,27.82,4159400.0,0.0,金溢科技
002869,2024-12-27,27.82,28.23,27.61,27.86,4097400.0,0.0,金溢科技
002869,2024-12-30,27.69,27.98,27.15,27.55,3284500.0,0.0,金溢科技
002869,2024-12-31,27.7,27.76,26.59,26.6,5147200.0,0.0,金溢科技
002869,2025-01-02,26.22,26.79,25.74,25.95,4310800.0,0.0,金溢科技
002869,2025-01-03,26.02,26.24,24.0,24.03,5738500.0,0.0,金溢科技
002869,2025-01-06,23.91,24.09,23.26,23.55,4360300.0,0.0,金溢科技
002869,2025-01-07,23.6,24.48,23.6,24.48,4677500.0,0.0,金溢科技
002869,2025-01-08,24.82,24.95,23.72,24.58,5054100.0,0.0,金溢科技
002869,2025-01-09,24.48,25.0,24.31,24.85,4111900.0,0.0,金溢科技
002869,2025-01-10,24.93,25.63,24.41,24.41,6556700.0,0.0,金溢科技
002869,2025-01-13,23.8,24.5,23.53,24.27,3701400.0,0.0,金溢科技
002869,2025-01-14,24.37,25.43,24.31,25.42,5336100.0,0.0,金溢科技
002869,2025-01-15,25.43,25.81,25.3,25.44,4179900.0,0.0,金溢科技
002869,2025-01-16,25.54,25.95,25.3,25.66,4028700.0,0.0,金溢科技
002869,2025-01-17,26.98,26.98,25.61,25.68,7929700.0,0.0,金溢科技
002869,2025-01-20,26.14,26.51,25.77,26.35,5908600.0,0.0,金溢科技
002869,2025-01-21,26.61,26.69,25.93,26.21,4182400.0,0.0,金溢科技
002869,2025-01-22,26.0,26.48,25.9,25.94,3363900.0,0.0,金溢科技
002869,2025-01-23,26.1,26.48,25.78,25.8,4248900.0,0.0,金溢科技
002869,2025-01-24,25.71,26.25,25.57,26.24,4120700.0,0.0,金溢科技
002869,2025-01-27,26.51,26.52,25.79,25.79,3197500.0,0.0,金溢科技
002869,2025-02-05,26.1,26.9,26.04,26.89,6692200.0,0.0,金溢科技
002869,2025-02-06,26.89,28.09,26.59,28.08,7330400.0,0.0,金溢科技
002869,2025-02-07,28.48,29.07,28.04,28.9,12611300.0,0.0,金溢科技
002869,2025-02-10,28.76,29.46,28.44,29.26,9026900.0,0.0,金溢科技
002869,2025-02-11,29.28,29.28,28.61,28.83,7106800.0,0.0,金溢科技
002869,2025-02-12,28.78,29.15,28.68,29.13,5879000.0,0.0,金溢科技
002869,2025-02-13,29.05,30.99,28.91,30.04,16407000.0,0.0,金溢科技
002869,2025-02-14,30.0,30.64,29.31,29.67,12142000.0,0.0,金溢科技
002869,2025-02-17,29.3,29.56,28.83,29.02,11241900.0,0.0,金溢科技
002869,2025-02-18,28.81,29.08,27.85,27.9,6892500.0,0.0,金溢科技
002869,2025-02-19,28.15,28.64,28.13,28.46,5047500.0,0.0,金溢科技
002869,2025-02-20,28.41,28.6,28.08,28.38,4163200.0,0.0,金溢科技
002869,2025-02-21,28.37,28.8,28.02,28.68,6243000.0,0.0,金溢科技
002869,2025-02-24,28.58,28.96,28.16,28.45,6608400.0,0.0,金溢科技
002869,2025-02-25,28.2,29.71,28.02,29.22,9610600.0,0.0,金溢科技
002869,2025-02-26,29.09,29.5,28.89,29.44,7979500.0,0.0,金溢科技
002869,2025-02-27,29.5,29.8,28.04,28.71,7594100.0,0.0,金溢科技
002869,2025-02-28,28.34,28.59,27.38,27.51,6611400.0,0.0,金溢科技
002869,2025-03-03,28.66,30.26,28.38,28.77,19106200.0,0.0,金溢科技
002869,2025-03-04,28.21,29.45,28.1,29.35,13068900.0,0.0,金溢科技
002869,2025-03-05,29.32,29.78,29.0,29.53,8821400.0,0.0,金溢科技
002869,2025-03-06,29.65,30.6,29.63,30.11,13347300.0,0.0,金溢科技
002869,2025-03-07,29.91,30.97,29.3,29.61,11920600.0,0.0,金溢科技
002869,2025-03-10,29.52,29.73,29.02,29.3,6494000.0,0.0,金溢科技
002869,2025-03-11,29.28,29.63,29.02,29.24,6175200.0,0.0,金溢科技
002869,2025-03-12,29.5,29.78,29.3,29.51,5379900.0,0.0,金溢科技
002869,2025-03-13,29.29,29.37,27.88,28.75,8026300.0,0.0,金溢科技
002869,2025-03-14,28.49,28.85,28.1,28.75,4583800.0,0.0,金溢科技
002869,2025-03-17,28.78,29.0,28.58,28.62,3506100.0,0.0,金溢科技
002869,2025-03-18,28.66,29.04,28.56,28.78,3389000.0,0.0,金溢科技
002869,2025-03-19,28.77,28.77,28.15,28.25,3780100.0,0.0,金溢科技
002869,2025-03-20,28.22,28.56,27.97,28.11,3023700.0,0.0,金溢科技
002869,2025-03-21,27.96,28.15,27.01,27.2,4575200.0,0.0,金溢科技
002869,2025-03-24,27.2,27.46,25.92,26.75,4385600.0,0.0,金溢科技
002869,2025-03-25,26.63,26.94,26.46,26.6,2697200.0,0.0,金溢科技
002869,2025-03-26,26.35,27.08,26.35,26.76,3128700.0,0.0,金溢科技
002869,2025-03-27,26.6,26.81,26.21,26.53,2040800.0,0.0,金溢科技
002869,2025-03-28,26.53,26.68,26.14,26.15,2259200.0,0.0,金溢科技
002869,2025-03-31,25.98,26.16,25.46,26.11,2660900.0,0.0,金溢科技
002869,2025-04-01,26.12,26.58,26.11,26.56,2614500.0,0.0,金溢科技
002869,2025-04-02,26.98,27.06,26.52,26.73,3286400.0,0.0,金溢科技
002869,2025-04-03,26.16,27.06,26.13,26.57,2888200.0,0.0,金溢科技
002869,2025-04-07,25.3,25.33,23.91,23.91,2918300.0,0.0,金溢科技
002869,2025-04-08,23.26,23.9,21.52,21.92,7338500.0,0.0,金溢科技
002869,2025-04-09,20.79,23.1,19.82,22.57,6725700.0,0.0,金溢科技
002869,2025-04-10,22.86,23.67,22.86,23.07,4858100.0,0.0,金溢科技
002869,2025-04-11,22.7,23.54,22.7,23.39,3128800.0,0.0,金溢科技
002869,2025-04-14,24.07,24.24,23.57,23.63,2668300.0,0.0,金溢科技
002869,2025-04-15,23.65,23.82,23.36,23.73,2499000.0,0.0,金溢科技
002869,2025-04-16,23.51,23.65,22.63,22.96,3288700.0,0.0,金溢科技
002869,2025-04-17,22.73,23.3,22.66,22.92,2313000.0,0.0,金溢科技
002869,2025-04-18,22.95,23.3,22.79,23.17,1763300.0,0.0,金溢科技
002869,2025-04-21,23.21,24.04,23.04,23.94,2905000.0,0.0,金溢科技
002869,2025-04-22,24.38,24.7,24.0,24.26,4609700.0,0.0,金溢科技
002869,2025-04-23,24.6,25.06,24.51,24.96,4059600.0,0.0,金溢科技
002869,2025-04-24,24.79,24.98,24.49,24.57,2830300.0,0.0,金溢科技
002869,2025-04-25,24.52,24.85,24.45,24.59,1768400.0,0.0,金溢科技
002869,2025-04-28,24.6,24.86,24.28,24.57,2541700.0,0.0,金溢科技
002869,2025-04-29,23.51,23.76,22.88,22.96,6574900.0,0.0,金溢科技
002869,2025-04-30,22.97,23.78,22.97,23.64,4872200.0,0.0,金溢科技
002869,2025-05-06,23.88,24.36,23.81,24.36,2748600.0,0.0,金溢科技
002869,2025-05-07,24.74,24.89,23.91,24.2,3432500.0,0.0,金溢科技
002869,2025-05-08,24.05,24.7,24.05,24.65,2813800.0,0.0,金溢科技
002869,2025-05-09,24.58,24.71,23.93,24.17,2339900.0,0.0,金溢科技
002869,2025-05-12,24.45,24.65,24.25,24.6,2541800.0,0.0,金溢科技
002869,2025-05-13,24.81,24.89,24.01,24.17,2937300.0,0.0,金溢科技
002869,2025-05-14,24.17,24.32,23.8,24.05,2674900.0,0.0,金溢科技
002869,2025-05-15,24.05,24.07,23.44,23.56,2476100.0,0.0,金溢科技
002869,2025-05-16,23.58,24.38,23.49,23.67,3517700.0,0.0,金溢科技
002869,2025-05-19,23.51,24.0,23.51,23.84,2248800.0,0.0,金溢科技
002869,2025-05-20,23.85,23.91,23.42,23.81,2297000.0,0.0,金溢科技
002869,2025-05-21,23.86,24.32,23.22,23.58,4065200.0,0.0,金溢科技
002869,2025-05-22,23.52,23.79,23.11,23.15,3013400.0,0.0,金溢科技
002869,2025-05-23,23.18,23.3,22.65,22.68,2763100.0,0.0,金溢科技
002869,2025-05-26,22.7,24.0,22.7,23.34,5506500.0,0.0,金溢科技
002869,2025-05-27,23.34,23.53,22.85,22.99,2712900.0,0.0,金溢科技
002869,2025-05-28,23.15,24.57,23.15,23.51,7622400.0,0.0,金溢科技
002869,2025-05-29,23.51,25.86,23.51,25.86,12756900.0,0.0,金溢科技
002869,2025-05-30,26.0,26.04,24.73,24.85,12230200.0,0.0,金溢科技
002869,2025-06-03,24.73,25.02,24.49,24.81,7234600.0,0.0,金溢科技
002869,2025-06-04,24.8,24.84,24.43,24.77,5528300.0,0.0,金溢科技
002869,2025-06-05,24.77,24.98,24.5,24.97,5712000.0,0.0,金溢科技
002869,2025-06-06,24.88,25.05,24.62,24.88,4372400.0,0.0,金溢科技
002869,2025-06-09,24.8,25.0,24.8,24.95,4196300.0,0.0,金溢科技
002869,2025-06-10,24.88,24.97,24.03,24.36,4716000.0,0.0,金溢科技
002869,2025-06-11,24.36,24.56,24.06,24.19,4339200.0,0.0,金溢科技
002869,2025-06-12,24.05,24.3,23.94,24.22,3501500.0,0.0,金溢科技
002869,2025-06-13,24.01,24.13,23.03,23.08,6206100.0,0.0,金溢科技
002869,2025-06-16,23.03,23.33,23.0,23.19,2789700.0,0.0,金溢科技
002869,2025-06-17,23.45,23.93,23.17,23.51,3671400.0,0.0,金溢科技
002869,2025-06-18,23.36,23.5,23.15,23.43,2100300.0,0.0,金溢科技
002869,2025-06-19,23.38,23.48,22.83,22.9,2897200.0,0.0,金溢科技
002869,2025-06-20,22.98,23.13,22.56,22.69,1974200.0,0.0,金溢科技
002869,2025-06-23,22.5,23.09,22.22,23.08,2542600.0,0.0,金溢科技
002869,2025-06-24,23.4,24.04,23.4,23.8,4544200.0,0.0,金溢科技
002869,2025-06-25,23.62,23.95,23.51,23.91,4162200.0,0.0,金溢科技
002869,2025-06-26,23.7,23.79,23.42,23.54,3214300.0,0.0,金溢科技
002869,2025-06-27,23.71,23.81,23.57,23.68,3122500.0,0.0,金溢科技
002869,2025-06-30,23.76,23.94,23.71,23.93,2450100.0,0.0,金溢科技
002869,2025-07-01,23.99,24.03,23.51,23.77,2308200.0,0.0,金溢科技
002869,2025-07-02,23.78,23.78,23.18,23.33,2672200.0,0.0,金溢科技
002869,2025-07-03,23.44,23.58,23.2,23.48,1810800.0,0.0,金溢科技
002869,2025-07-04,23.43,23.43,22.83,23.01,4067000.0,0.0,金溢科技
002869,2025-07-07,23.04,23.04,22.74,22.86,2349400.0,0.0,金溢科技
002869,2025-07-08,22.87,23.14,22.77,23.12,2200000.0,0.0,金溢科技
002869,2025-07-09,23.11,23.24,22.93,23.11,2576600.0,0.0,金溢科技
002869,2025-07-10,23.07,23.76,22.95,23.5,5227500.0,0.0,金溢科技
002869,2025-07-11,23.5,23.85,23.5,23.84,4691200.0,0.0,金溢科技
002869,2025-07-14,23.85,23.85,23.1,23.8,3178300.0,0.0,金溢科技
002869,2025-07-15,23.56,23.6,22.85,23.29,6009600.0,0.0,金溢科技
002869,2025-07-16,23.28,23.78,23.24,23.62,5415200.0,0.0,金溢科技
002869,2025-07-17,23.53,24.35,23.38,24.25,6982300.0,0.0,金溢科技
002869,2025-07-18,24.29,24.5,23.97,24.35,5011400.0,0.0,金溢科技
002869,2025-07-21,24.16,24.64,23.9,23.98,4484900.0,0.0,金溢科技
002869,2025-07-22,23.96,24.0,23.55,23.7,3581600.0,0.0,金溢科技
002869,2025-07-23,23.71,23.96,23.52,23.65,3596800.0,0.0,金溢科技
002869,2025-07-24,23.66,24.0,23.6,23.96,3682700.0,0.0,金溢科技
002869,2025-07-25,24.06,24.16,23.88,24.1,3182800.0,0.0,金溢科技
002869,2025-07-28,24.1,24.51,24.02,24.42,4424600.0,0.0,金溢科技
002869,2025-07-29,24.59,25.84,24.5,25.79,13771600.0,0.0,金溢科技
002869,2025-07-30,25.51,25.8,24.7,25.01,7697000.0,0.0,金溢科技
002869,2025-07-31,24.95,25.65,24.82,24.96,4866700.0,0.0,金溢科技
002869,2025-08-01,25.04,26.5,24.83,26.16,13025300.0,0.0,金溢科技
002869,2025-08-04,25.93,26.6,25.71,26.22,7578100.0,0.0,金溢科技
002869,2025-08-05,26.22,26.31,25.96,26.01,4263900.0,0.0,金溢科技
002869,2025-08-06,25.9,26.88,25.88,26.36,7035600.0,0.0,金溢科技
002869,2025-08-07,26.36,26.88,26.26,26.66,7028900.0,0.0,金溢科技
002869,2025-08-08,26.66,26.88,26.12,26.75,6463400.0,0.0,金溢科技
002869,2025-08-11,26.67,27.57,26.56,27.16,6921200.0,0.0,金溢科技
002869,2025-08-12,27.01,28.09,27.01,28.06,8685300.0,0.0,金溢科技
002869,2025-08-13,28.02,28.27,27.3,27.76,8406300.0,0.0,金溢科技
002869,2025-08-14,28.05,28.17,27.45,27.53,6308200.0,0.0,金溢科技
002869,2025-08-15,27.69,28.08,27.5,27.97,5226200.0,0.0,金溢科技
002869,2025-08-18,27.95,28.92,27.81,28.49,7987500.0,0.0,金溢科技
002869,2025-08-19,28.49,28.76,28.0,28.07,4583500.0,0.0,金溢科技
002869,2025-08-20,27.93,28.17,27.51,28.16,5526400.0,0.0,金溢科技
002869,2025-08-21,28.1,28.52,27.75,28.4,5843900.0,0.0,金溢科技
002869,2025-08-22,28.24,28.77,28.24,28.6,4469300.0,0.0,金溢科技
002869,2025-08-25,29.0,29.45,28.5,28.57,9251500.0,0.0,金溢科技
002869,2025-08-26,28.4,29.65,28.18,29.08,8331800.0,0.0,金溢科技
002869,2025-08-27,28.92,31.68,28.92,29.89,16644900.0,0.0,金溢科技
002869,2025-08-28,29.88,30.97,29.3,30.8,11931700.0,0.0,金溢科技
002869,2025-08-29,31.18,31.42,30.58,30.81,10644900.0,0.0,金溢科技
002869,2025-09-01,31.11,32.6,30.33,32.0,12979400.0,0.0,金溢科技
002869,2025-09-02,31.45,31.75,30.28,30.56,11152900.0,0.0,金溢科技
002869,2025-09-03,30.55,30.99,30.0,30.65,7177600.0,0.0,金溢科技
002869,2025-09-04,30.8,31.08,29.08,29.7,7054600.0,0.0,金溢科技
002869,2025-09-05,29.7,31.49,29.42,31.3,7756400.0,0.0,金溢科技
002869,2025-09-08,31.31,32.29,31.0,31.87,6110700.0,0.0,金溢科技
002869,2025-09-09,31.88,32.19,31.0,31.15,5566600.0,0.0,金溢科技
002869,2025-09-10,31.0,31.34,30.36,30.52,4643400.0,0.0,金溢科技
002869,2025-09-11,30.5,32.96,29.96,32.77,11898200.0,0.0,金溢科技
002869,2025-09-12,32.8,32.9,32.27,32.34,6437700.0,0.0,金溢科技
002869,2025-09-15,32.64,32.65,31.16,31.2,8451200.0,0.0,金溢科技
002869,2025-09-16,31.3,31.75,30.85,31.56,6350000.0,0.0,金溢科技
002869,2025-09-17,31.74,33.55,31.36,32.8,10663200.0,0.0,金溢科技
002869,2025-09-18,32.73,33.06,31.3,31.88,8640700.0,0.0,金溢科技
002869,2025-09-19,31.54,32.2,31.3,31.36,4758400.0,0.0,金溢科技
002869,2025-09-22,31.5,31.54,30.57,30.86,5917100.0,0.0,金溢科技
002869,2025-09-23,30.71,30.94,29.0,29.83,8618900.0,0.0,金溢科技
002869,2025-09-24,29.78,31.49,29.36,31.25,9533800.0,0.0,金溢科技
002869,2025-09-25,31.3,31.3,30.6,30.72,6511300.0,0.0,金溢科技
002869,2025-09-26,30.75,30.98,29.31,29.47,5640200.0,0.0,金溢科技
002869,2025-09-29,29.47,31.73,29.35,31.25,8647800.0,0.0,金溢科技
002869,2025-09-30,31.27,32.21,31.27,32.0,8626500.0,0.0,金溢科技
002869,2025-10-09,32.08,32.19,30.85,30.95,6058100.0,0.0,金溢科技
002869,2025-10-10,30.96,31.2,30.26,30.68,3647400.0,0.0,金溢科技
002869,2025-10-13,29.06,31.86,29.06,31.3,7432500.0,0.0,金溢科技
002869,2025-10-14,31.35,31.64,30.08,30.13,4905100.0,0.0,金溢科技
002869,2025-10-15,30.13,30.58,29.17,29.6,5498000.0,0.0,金溢科技
002869,2025-10-16,29.54,29.9,28.88,28.98,3967900.0,0.0,金溢科技
002869,2025-10-17,28.93,28.98,27.03,27.14,4814200.0,0.0,金溢科技
002869,2025-10-20,27.48,27.95,26.94,27.34,3557800.0,0.0,金溢科技
002869,2025-10-21,27.38,27.87,27.2,27.66,2363900.0,0.0,金溢科技
002869,2025-10-22,27.66,27.99,27.2,27.24,2362200.0,0.0,金溢科技
002869,2025-10-23,27.04,27.58,26.52,27.19,2666300.0,0.0,金溢科技
002869,2025-10-24,27.07,28.65,27.07,27.63,5384700.0,0.0,金溢科技
002869,2025-10-27,27.63,28.29,27.45,27.88,5383000.0,0.0,金溢科技
002869,2025-10-28,27.88,28.2,27.65,27.85,3159100.0,0.0,金溢科技
002869,2025-10-29,27.84,27.95,27.04,27.25,3790800.0,0.0,金溢科技
002869,2025-10-30,27.3,28.18,26.94,27.66,5952000.0,0.0,金溢科技
002869,2025-10-31,27.52,28.59,26.8,28.34,6612900.0,0.0,金溢科技
002869,2025-11-03,28.34,28.69,27.04,27.55,5639200.0,0.0,金溢科技
002869,2025-11-04,27.56,27.83,26.82,27.01,3114800.0,0.0,金溢科技
002869,2025-11-05,26.78,27.16,26.63,26.98,2320100.0,0.0,金溢科技
002869,2025-11-06,26.98,29.02,26.81,28.74,7629000.0,0.0,金溢科技
002869,2025-11-07,28.7,28.79,28.12,28.55,3910900.0,0.0,金溢科技
002869,2025-11-10,28.56,28.98,28.48,28.7,2913400.0,0.0,金溢科技
002869,2025-11-11,28.79,28.82,25.83,26.28,16046300.0,0.0,金溢科技
002869,2025-11-12,26.31,26.63,25.86,26.33,7442600.0,0.0,金溢科技
002869,2025-11-13,26.34,26.5,26.12,26.24,3714600.0,0.0,金溢科技
002869,2025-11-14,25.97,26.15,25.37,25.43,4059100.0,0.0,金溢科技
002869,2025-11-17,25.33,25.58,25.17,25.32,2230700.0,0.0,金溢科技
002869,2025-11-18,25.32,25.45,25.05,25.38,2351000.0,0.0,金溢科技
002869,2025-11-19,25.38,25.43,24.45,24.52,3496100.0,0.0,金溢科技
002869,2025-11-20,24.68,24.77,24.34,24.53,2230400.0,0.0,金溢科技
002869,2025-11-21,24.22,24.51,23.38,23.38,3248100.0,0.0,金溢科技
002869,2025-11-24,23.6,24.0,23.35,23.94,2443000.0,0.0,金溢科技
002869,2025-11-25,23.99,24.71,23.99,24.32,2508900.0,0.0,金溢科技
002869,2025-11-26,24.32,24.67,24.11,24.17,2131600.0,0.0,金溢科技
002869,2025-11-27,24.17,24.49,24.09,24.31,1691500.0,0.0,金溢科技
002869,2025-11-28,24.36,24.56,24.22,24.52,1485400.0,0.0,金溢科技
002869,2025-12-01,24.51,24.67,24.28,24.35,2123400.0,0.0,金溢科技
002869,2025-12-02,24.43,24.43,23.77,23.88,2715900.0,0.0,金溢科技
002869,2025-12-03,24.0,24.01,23.13,23.25,3155700.0,0.0,金溢科技
002869,2025-12-04,23.26,23.39,22.82,22.97,2248200.0,0.0,金溢科技
002869,2025-12-05,23.09,23.18,22.78,23.0,2458900.0,0.0,金溢科技
002869,2025-12-08,23.05,23.35,22.9,22.97,3684400.0,0.0,金溢科技
002869,2025-12-09,22.97,23.14,22.7,22.72,2793600.0,0.0,金溢科技
002869,2025-12-10,22.79,22.8,22.4,22.77,1914900.0,0.0,金溢科技
002869,2025-12-11,22.87,23.08,22.33,22.39,2882900.0,0.0,金溢科技
002869,2025-12-12,22.44,22.67,22.22,22.34,2588500.0,0.0,金溢科技
002869,2025-12-15,22.24,22.5,21.95,22.21,2003800.0,0.0,金溢科技
002869,2025-12-16,23.1,24.34,22.18,23.29,13411000.0,0.0,金溢科技
002869,2025-12-17,23.1,23.8,22.28,22.87,9010200.0,0.0,金溢科技
002869,2025-12-18,22.61,23.39,22.41,22.99,5526900.0,0.0,金溢科技
002869,2025-12-19,22.99,25.1,22.92,24.08,10997200.0,0.0,金溢科技
002869,2025-12-22,24.73,25.21,24.3,24.65,8597000.0,0.0,金溢科技
002869,2025-12-23,24.57,24.98,23.66,23.72,6312000.0,0.0,金溢科技
002869,2025-12-24,23.72,24.3,23.62,23.7,5108300.0,0.0,金溢科技
002869,2025-12-25,23.6,24.65,23.42,24.15,6060700.0,0.0,金溢科技
002869,2025-12-26,24.0,24.3,23.53,23.77,4791500.0,0.0,金溢科技
002869,2025-12-29,23.74,23.74,23.23,23.33,4018400.0,0.0,金溢科技
002869,2025-12-30,23.33,23.5,23.02,23.04,3724600.0,0.0,金溢科技
002869,2025-12-31,23.01,23.44,22.75,23.26,3685300.0,0.0,金溢科技
002869,2026-01-05,23.25,23.65,23.2,23.64,3248400.0,0.0,金溢科技
002869,2026-01-06,23.6,25.8,23.5,25.35,13063100.0,0.0,金溢科技
002869,2026-01-07,25.27,25.4,24.76,25.09,6891000.0,0.0,金溢科技
002869,2026-01-08,25.04,25.2,24.82,25.0,4732500.0,0.0,金溢科技
002869,2026-01-09,25.12,25.12,24.4,24.76,6592500.0,0.0,金溢科技
002869,2026-01-12,24.77,25.27,24.77,25.25,7778300.0,0.0,金溢科技
002869,2026-01-13,25.28,25.85,24.6,25.02,10827800.0,0.0,金溢科技
002869,2026-01-14,24.88,25.54,24.55,25.1,9118100.0,0.0,金溢科技
002869,2026-01-15,24.93,25.54,24.78,24.98,5843000.0,0.0,金溢科技
002869,2026-01-16,24.98,25.2,24.51,25.13,5695900.0,0.0,金溢科技
002869,2026-01-19,24.85,24.98,24.53,24.73,4666100.0,0.0,金溢科技
002869,2026-01-20,24.67,24.74,24.06,24.2,5779700.0,0.0,金溢科技
002869,2026-01-21,24.03,25.2,24.03,24.82,5934000.0,0.0,金溢科技
002869,2026-01-22,25.0,25.38,24.8,25.14,5241700.0,0.0,金溢科技
002869,2026-01-23,25.12,25.4,24.86,25.35,5646000.0,0.0,金溢科技
002869,2026-01-26,25.31,26.18,25.03,26.07,11467800.0,0.0,金溢科技
002869,2026-01-27,26.09,26.2,23.46,24.12,13276600.0,0.0,金溢科技
002869,2026-01-28,24.12,24.12,23.1,23.13,8004900.0,0.0,金溢科技
002869,2026-01-29,23.13,23.42,22.5,22.76,4610600.0,0.0,金溢科技
002869,2026-01-30,22.38,23.76,22.37,23.21,5529300.0,0.0,金溢科技
002869,2026-02-02,23.0,23.23,22.47,22.89,3759500.0,0.0,金溢科技
002869,2026-02-03,22.9,23.04,22.61,22.94,2366500.0,0.0,金溢科技
002869,2026-02-04,22.95,23.03,22.29,22.5,3396200.0,0.0,金溢科技
002869,2026-02-05,22.51,22.64,22.31,22.51,1605200.0,0.0,金溢科技
002869,2026-02-06,22.32,22.58,22.26,22.42,1944600.0,0.0,金溢科技
002869,2026-02-09,22.56,22.77,22.51,22.75,2144000.0,0.0,金溢科技
002869,2026-02-10,22.79,22.98,22.7,22.95,2429200.0,0.0,金溢科技
002869,2026-02-11,22.83,23.22,22.79,22.8,2449200.0,0.0,金溢科技
002869,2026-02-12,22.79,23.07,22.5,22.83,2711200.0,0.0,金溢科技
002869,2026-02-13,22.71,23.26,22.71,23.03,2911700.0,0.0,金溢科技
002869,2026-02-24,23.29,23.49,23.13,23.28,2420300.0,0.0,金溢科技
002869,2026-02-25,23.32,23.45,23.02,23.13,2162200.0,0.0,金溢科技
002869,2026-02-26,23.13,23.26,22.91,23.07,1851400.0,0.0,金溢科技
002869,2026-02-27,23.01,23.23,22.91,23.06,2164100.0,0.0,金溢科技
002869,2026-03-02,22.78,22.78,21.78,21.9,5356800.0,0.0,金溢科技
002869,2026-03-03,21.9,22.02,20.93,20.97,4119700.0,0.0,金溢科技
002869,2026-03-04,20.68,21.28,20.6,20.95,2456100.0,0.0,金溢科技
002869,2026-03-05,21.29,21.55,21.12,21.41,2392000.0,0.0,金溢科技
002869,2026-03-06,21.4,21.75,21.21,21.72,1580400.0,0.0,金溢科技
002869,2026-03-09,21.46,21.53,20.84,21.34,2851600.0,0.0,金溢科技
002869,2026-03-10,21.68,22.41,21.55,22.15,4080800.0,0.0,金溢科技
002869,2026-03-11,22.15,22.2,21.85,21.95,2029000.0,0.0,金溢科技
002869,2026-03-12,21.83,24.15,21.71,24.15,12018400.0,0.0,金溢科技
002869,2026-03-13,23.99,24.0,22.88,23.0,10655900.0,0.0,金溢科技
002869,2026-03-16,22.95,23.0,22.58,22.85,5127700.0,0.0,金溢科技
002869,2026-03-17,22.96,23.23,22.6,23.17,7164500.0,0.0,金溢科技
002869,2026-03-18,23.01,24.0,22.79,23.79,11131800.0,0.0,金溢科技
002869,2026-03-19,23.31,23.95,23.3,23.68,6100300.0,0.0,金溢科技
002869,2026-03-20,23.72,24.18,22.62,23.03,7139900.0,0.0,金溢科技
002869,2026-03-23,22.45,23.57,21.65,23.21,9902700.0,0.0,金溢科技
002869,2026-03-24,23.51,23.68,22.44,23.21,7830600.0,0.0,金溢科技
002869,2026-03-25,23.2,25.53,22.84,24.9,18666400.0,0.0,金溢科技
002869,2026-03-26,24.65,24.93,24.03,24.9,10361800.0,0.0,金溢科技
002869,2026-03-27,24.51,25.2,24.5,24.5,8880000.0,0.0,金溢科技
002869,2026-03-30,24.11,25.8,24.1,25.39,9626900.0,0.0,金溢科技
002869,2026-03-31,25.4,25.63,24.91,25.25,6695000.0,0.0,金溢科技
002869,2026-04-01,25.63,25.67,24.52,25.29,11570300.0,0.0,金溢科技
002869,2026-04-02,25.05,25.6,23.03,24.35,11261800.0,0.0,金溢科技
002869,2026-04-03,24.0,26.79,23.75,25.95,22156800.0,0.0,金溢科技
002869,2026-04-07,25.89,25.94,23.38,23.38,21243900.0,0.0,金溢科技
002869,2026-04-08,23.41,23.69,22.37,23.6,11694500.0,0.0,金溢科技
002869,2026-04-09,23.12,23.12,22.5,22.53,8395900.0,0.0,金溢科技
002869,2026-04-10,22.45,22.78,22.28,22.44,5827200.0,0.0,金溢科技
002869,2026-04-13,22.0,22.3,21.9,22.2,4216600.0,0.0,金溢科技
002869,2026-04-14,22.21,22.49,22.11,22.3,3659900.0,0.0,金溢科技
002869,2026-04-15,22.5,22.52,22.1,22.1,3146100.0,0.0,金溢科技
002869,2026-04-16,22.07,22.3,22.03,22.26,3335300.0,0.0,金溢科技
002869,2026-04-17,22.26,22.26,21.5,21.56,6767700.0,0.0,金溢科技
002869,2026-04-20,21.55,21.69,21.3,21.67,3330900.0,0.0,金溢科技
002869,2026-04-21,21.49,21.66,21.3,21.4,2741000.0,0.0,金溢科技
002869,2026-04-22,21.4,21.4,21.15,21.21,2527500.0,0.0,金溢科技
002869,2026-04-23,21.16,21.29,20.91,20.98,2900900.0,0.0,金溢科技
002869,2026-04-24,21.15,21.32,20.9,21.22,2725700.0,0.0,金溢科技
002869,2026-04-27,21.22,21.6,21.15,21.31,3206900.0,0.0,金溢科技
002869,2026-04-28,21.0,21.49,20.36,21.47,3826900.0,0.0,金溢科技
002869,2026-04-29,21.15,21.53,21.15,21.29,2594400.0,0.0,金溢科技
002869,2026-04-30,21.39,21.4,21.06,21.09,1952800.0,0.0,金溢科技
002869,2026-05-06,21.1,21.33,21.1,21.19,2090600.0,0.0,金溢科技
002869,2026-05-07,21.2,21.3,20.8,20.99,3894400.0,0.0,金溢科技
002869,2026-05-08,21.0,21.22,20.9,21.16,2300600.0,0.0,金溢科技
002869,2026-05-11,21.29,21.3,20.62,20.83,4893700.0,0.0,金溢科技
002869,2026-05-12,20.84,20.88,20.13,20.23,3722400.0,0.0,金溢科技
002869,2026-05-13,20.25,20.47,19.65,20.47,4363600.0,0.0,金溢科技
002869,2026-05-14,20.49,20.49,19.8,19.83,3248600.0,0.0,金溢科技
002869,2026-05-15,19.83,20.05,19.45,19.48,3244400.0,0.0,金溢科技
002869,2026-05-18,19.48,19.61,19.15,19.53,4022900.0,0.0,金溢科技
002869,2026-05-19,19.42,21.08,19.4,20.42,7090800.0,0.0,金溢科技
002869,2026-05-20,20.31,20.36,19.74,19.81,3107700.0,0.0,金溢科技
002869,2026-05-21,19.81,20.4,19.52,19.56,3238500.0,0.0,金溢科技
002869,2026-05-22,19.54,20.0,19.42,19.71,2099500.0,0.0,金溢科技
002869,2026-05-25,19.76,19.92,19.26,19.31,2365200.0,0.0,金溢科技
002869,2026-05-26,19.19,19.19,17.98,18.44,5635400.0,0.0,金溢科技
002869,2026-05-27,18.29,18.54,17.98,18.13,2786000.0,0.0,金溢科技
002869,2026-05-28,18.12,18.8,18.03,18.53,3251000.0,0.0,金溢科技
002869,2026-05-29,18.54,18.77,17.76,18.07,3457000.0,0.0,金溢科技
002869,2026-06-01,17.86,18.39,17.81,18.06,2768400.0,0.0,金溢科技
002869,2026-06-02,17.98,18.23,17.64,17.88,2627100.0,0.0,金溢科技
002869,2026-06-03,17.88,18.7,17.67,18.44,5716400.0,0.0,金溢科技
002869,2026-06-04,18.31,19.81,18.3,19.36,7812200.0,0.0,金溢科技
002869,2026-06-05,19.16,19.26,18.55,18.74,3913500.0,0.0,金溢科技
002869,2026-06-08,18.11,19.21,18.1,18.18,3148200.0,0.0,金溢科技
002869,2026-06-09,18.26,18.5,17.87,18.3,2486400.0,0.0,金溢科技
002869,2026-06-10,18.2,20.13,17.81,19.4,8196800.0,0.0,金溢科技
002869,2026-06-11,18.85,18.88,17.95,18.03,5614500.0,0.0,金溢科技
002869,2026-06-12,18.12,18.48,17.94,18.24,2929800.0,0.0,金溢科技
002869,2026-06-15,18.16,18.56,18.1,18.56,2530000.0,0.0,金溢科技
002869,2026-06-16,18.4,19.18,18.23,19.02,3258400.0,0.0,金溢科技
002869,2026-06-17,18.77,18.98,18.56,18.69,2272600.0,0.0,金溢科技
002869,2026-06-18,18.75,18.82,18.23,18.34,2990400.0,0.0,金溢科技
002869,2026-06-22,18.3,19.15,18.0,18.86,3974900.0,0.0,金溢科技
002869,2026-06-23,18.73,19.45,18.7,19.37,4919900.0,0.0,金溢科技
002869,2026-06-24,19.18,19.37,18.38,18.58,3944000.0,0.0,金溢科技
002869,2026-06-25,18.54,18.55,17.73,17.77,3256300.0,0.0,金溢科技
002869,2026-06-26,17.7,17.7,16.4,16.41,4395100.0,0.0,金溢科技
002869,2026-06-29,16.21,16.55,15.77,16.36,2945200.0,0.0,金溢科技
002869,2026-06-30,16.33,16.64,16.19,16.41,1984800.0,0.0,金溢科技
002869,2026-07-01,16.4,16.97,16.23,16.61,3124000.0,0.0,金溢科技
002869,2026-07-02,16.55,16.75,16.19,16.2,2027900.0,0.0,金溢科技
002869,2026-07-03,16.19,16.49,16.12,16.34,1793700.0,0.0,金溢科技
002869,2026-07-06,16.49,16.49,15.76,15.85,2044400.0,0.0,金溢科技
002869,2026-07-07,15.81,16.0,15.4,15.46,1603400.0,0.0,金溢科技
002869,2026-07-08,15.4,15.6,15.2,15.31,1391000.0,0.0,金溢科技
002869,2026-07-09,15.26,15.34,14.75,15.2,2025800.0,0.0,金溢科技
002869,2026-07-10,15.21,15.93,15.01,15.48,2599000.0,0.0,金溢科技
002869,2026-07-13,15.48,15.56,14.4,14.47,2938200.0,0.0,金溢科技
002869,2026-07-14,14.54,14.85,14.33,14.81,2426300.0,0.0,金溢科技
002869,2026-07-15,14.79,15.14,14.62,15.0,2156700.0,0.0,金溢科技
002869,2026-07-16,14.92,15.28,14.56,14.81,4079600.0,0.0,金溢科技
002869,2026-07-17,14.81,15.01,14.08,14.2,2670700.0,0.0,金溢科技
002869,2026-07-20,14.24,14.73,13.62,13.85,3370000.0,0.0,金溢科技
002869,2026-07-21,13.85,14.06,13.15,13.74,4237600.0,0.0,金溢科技
002869,2026-07-22,13.71,13.88,13.42,13.49,2555000.0,0.0,金溢科技
002869,2026-07-23,13.4,13.78,13.4,13.75,2455100.0,0.0,金溢科技
002869,2026-07-24,13.62,13.95,13.5,13.73,2513700.0,0.0,金溢科技
002869,2026-07-27,13.6,14.47,13.55,14.34,3969600.0,0.0,金溢科技
002869,2026-07-28,14.18,15.77,14.13,15.77,6954200.0,0.0,金溢科技
002869,2026-07-29,15.76,15.76,15.0,15.67,7666000.0,0.0,金溢科技
002869,2026-07-30,15.59,16.17,15.13,15.16,4523300.0,0.0,金溢科技
002869,2026-07-31,15.19,15.78,15.19,15.49,2976500.0,0.0,金溢科技
002869,2026-08-03,15.56,15.85,15.51,15.85,2931800.0,0.0,金溢科技
002869,2026-08-04,15.88,16.06,15.78,16.02,2394100.0,0.0,金溢科技
002869,2026-08-05,16.33,17.12,15.91,16.04,5260000.0,0.0,金溢科技
002869,2026-08-06,15.86,16.48,15.86,16.16,4281800.0,0.0,金溢科技
002869,2026-08-07,16.09,16.2,15.5,15.83,3543600.0,0.0,金溢科技
002869,2026-08-10,15.89,16.18,15.6,16.18,2734100.0,0.0,金溢科技
002869,2026-08-11,16.19,16.24,15.94,16.09,1641300.0,0.0,金溢科技
002869,2026-08-12,16.0,16.32,15.99,16.26,1968800.0,0.0,金溢科技
002869,2026-08-13,16.36,16.44,16.0,16.0,2000000.0,0.0,金溢科技
002869,2026-08-14,15.99,16.19,15.85,15.93,1879500.0,0.0,金溢科技
002869,2026-08-17,15.93,16.34,15.75,16.29,2571000.0,0.0,金溢科技
002869,2026-08-18,16.42,16.42,15.96,16.27,2462300.0,0.0,金溢科技
002869,2026-08-19,16.18,16.19,15.53,15.55,2445900.0,0.0,金溢科技
002869,2026-08-20,15.73,15.95,15.55,15.87,1963000.0,0.0,金溢科技
002869,2026-08-21,15.82,15.99,15.58,15.96,1834200.0,0.0,金溢科技
002869,2026-08-24,15.93,16.25,15.73,15.93,1753700.0,0.0,金溢科技
002869,2026-08-25,15.93,16.37,15.75,16.28,2110000.0,0.0,金溢科技
002869,2026-08-26,16.39,16.72,16.11,16.5,2499000.0,0.0,金溢科技
002869,2026-08-27,16.21,16.53,16.2,16.4,2271100.0,0.0,金溢科技
002869,2026-08-28,16.3,16.48,16.15,16.17,1718800.0,0.0,金溢科技
002869,2026-08-31,16.08,17.12,16.08,16.92,5113600.0,0.0,金溢科技
002869,2026-09-01,16.83,17.05,16.56,16.96,3225600.0,0.0,金溢科技
002869,2026-09-02,16.88,16.88,16.51,16.72,2162700.0,0.0,金溢科技
002869,2026-09-03,16.72,16.93,16.42,16.46,1500700.0,0.0,金溢科技
002869,2026-09-04,17.07,17.44,16.28,16.4,4837900.0,0.0,金溢科技
