code,date,open,high,low,close,volume,amount,name
300649,2023-05-23,18.82,19.28,18.65,19.01,2296000.0,0.0,杭州园林
300649,2023-05-24,18.9,19.29,18.78,19.1,2162100.0,0.0,杭州园林
300649,2023-05-25,19.1,22.92,18.91,22.92,12495600.0,0.0,杭州园林
300649,2023-05-26,22.69,26.39,22.01,23.56,23886400.0,0.0,杭州园林
300649,2023-05-29,22.35,23.26,21.63,22.7,14392500.0,0.0,杭州园林
300649,2023-05-30,22.18,23.15,21.42,21.8,11284700.0,0.0,杭州园林
300649,2023-05-31,21.56,21.68,20.93,21.1,7088400.0,0.0,杭州园林
300649,2023-06-01,21.15,21.86,20.81,20.96,7098000.0,0.0,杭州园林
300649,2023-06-02,20.96,21.38,20.56,21.06,6564300.0,0.0,杭州园林
300649,2023-06-05,21.16,22.3,20.9,21.67,10852700.0,0.0,杭州园林
300649,2023-06-06,21.39,22.96,21.1,22.1,12720600.0,0.0,杭州园林
300649,2023-06-07,21.71,22.46,21.17,21.28,8763000.0,0.0,杭州园林
300649,2023-06-08,21.08,24.7,20.91,23.12,17207600.0,0.0,杭州园林
300649,2023-06-09,22.29,22.6,21.6,21.82,11584900.0,0.0,杭州园林
300649,2023-06-12,21.9,23.55,21.34,23.07,12536300.0,0.0,杭州园林
300649,2023-06-13,23.42,23.49,22.66,22.96,8494400.0,0.0,杭州园林
300649,2023-06-14,22.78,23.33,22.42,22.5,7242000.0,0.0,杭州园林
300649,2023-06-15,22.46,22.81,22.09,22.22,5354300.0,0.0,杭州园林
300649,2023-06-16,22.03,22.56,21.92,22.16,6116000.0,0.0,杭州园林
300649,2023-06-19,22.2,22.25,21.69,21.83,4542200.0,0.0,杭州园林
300649,2023-06-20,21.8,21.88,21.38,21.45,4166300.0,0.0,杭州园林
300649,2023-06-21,21.5,21.75,21.07,21.11,3047100.0,0.0,杭州园林
300649,2023-06-26,21.18,21.8,20.7,21.6,5291200.0,0.0,杭州园林
300649,2023-06-27,21.8,22.27,21.15,21.97,5114000.0,0.0,杭州园林
300649,2023-06-28,21.78,23.0,21.62,22.15,6569900.0,0.0,杭州园林
300649,2023-06-29,21.71,22.33,21.27,21.8,4646800.0,0.0,杭州园林
300649,2023-06-30,21.8,22.6,21.69,21.76,4054700.0,0.0,杭州园林
300649,2023-07-03,21.92,22.5,21.85,22.0,4700900.0,0.0,杭州园林
300649,2023-07-04,22.14,22.17,21.1,21.44,4951900.0,0.0,杭州园林
300649,2023-07-05,21.24,21.64,21.09,21.62,2946300.0,0.0,杭州园林
300649,2023-07-06,21.58,21.75,21.1,21.1,2492700.0,0.0,杭州园林
300649,2023-07-07,20.99,21.66,20.7,21.45,3517000.0,0.0,杭州园林
300649,2023-07-10,21.36,22.96,21.29,22.89,10026700.0,0.0,杭州园林
300649,2023-07-11,22.9,23.2,22.37,22.65,6104500.0,0.0,杭州园林
300649,2023-07-12,22.83,23.12,22.2,22.43,5380400.0,0.0,杭州园林
300649,2023-07-13,22.5,22.75,20.78,21.37,8873400.0,0.0,杭州园林
300649,2023-07-14,21.1,21.34,20.91,21.24,3502500.0,0.0,杭州园林
300649,2023-07-17,21.19,21.63,20.41,21.33,4197800.0,0.0,杭州园林
300649,2023-07-18,21.29,21.87,20.9,21.81,4813800.0,0.0,杭州园林
300649,2023-07-19,21.91,22.45,21.66,22.22,6117100.0,0.0,杭州园林
300649,2023-07-20,22.2,23.93,22.02,23.07,12740500.0,0.0,杭州园林
300649,2023-07-21,23.4,25.88,22.7,24.33,17550000.0,0.0,杭州园林
300649,2023-07-24,25.26,26.77,23.45,23.45,17432600.0,0.0,杭州园林
300649,2023-07-25,23.58,25.42,23.15,24.96,17284800.0,0.0,杭州园林
300649,2023-07-26,24.5,26.55,24.36,25.84,19500100.0,0.0,杭州园林
300649,2023-07-27,24.61,25.17,23.0,23.4,15055600.0,0.0,杭州园林
300649,2023-07-28,23.41,24.23,22.27,22.35,12349700.0,0.0,杭州园林
300649,2023-07-31,22.39,23.33,21.93,22.86,9741500.0,0.0,杭州园林
300649,2023-08-01,23.01,23.01,21.66,21.96,8458000.0,0.0,杭州园林
300649,2023-08-02,21.69,22.38,21.68,21.98,4747600.0,0.0,杭州园林
300649,2023-08-03,21.2,21.24,20.48,20.63,8390400.0,0.0,杭州园林
300649,2023-08-04,20.65,20.87,20.22,20.23,6032800.0,0.0,杭州园林
300649,2023-08-07,20.06,20.24,19.8,19.92,3734600.0,0.0,杭州园林
300649,2023-08-08,19.93,20.79,19.92,20.63,7675700.0,0.0,杭州园林
300649,2023-08-09,20.45,21.63,20.13,20.72,8458200.0,0.0,杭州园林
300649,2023-08-10,20.23,20.48,20.0,20.07,5198200.0,0.0,杭州园林
300649,2023-08-11,20.02,20.39,19.8,19.87,3621200.0,0.0,杭州园林
300649,2023-08-14,19.74,20.41,19.45,20.3,3405900.0,0.0,杭州园林
300649,2023-08-15,20.35,20.39,19.72,19.91,2520900.0,0.0,杭州园林
300649,2023-08-16,19.87,20.35,19.6,20.12,3774700.0,0.0,杭州园林
300649,2023-08-17,20.02,20.85,19.83,20.79,5176000.0,0.0,杭州园林
300649,2023-08-18,20.63,21.7,20.4,20.8,7724200.0,0.0,杭州园林
300649,2023-08-21,20.54,22.5,20.52,21.84,10816600.0,0.0,杭州园林
300649,2023-08-22,22.0,22.0,21.17,21.59,7133100.0,0.0,杭州园林
300649,2023-08-23,21.4,21.4,20.7,20.82,4564200.0,0.0,杭州园林
300649,2023-08-24,20.74,20.92,20.16,20.27,3776000.0,0.0,杭州园林
300649,2023-08-25,20.31,20.81,19.95,20.43,4652600.0,0.0,杭州园林
300649,2023-08-28,21.8,22.43,20.8,21.4,9872200.0,0.0,杭州园林
300649,2023-08-29,21.3,22.04,21.22,21.8,6895100.0,0.0,杭州园林
300649,2023-08-30,21.5,21.78,20.82,21.02,5601200.0,0.0,杭州园林
300649,2023-08-31,21.04,21.32,20.31,20.32,4055400.0,0.0,杭州园林
300649,2023-09-01,20.4,24.38,20.19,24.38,13816500.0,0.0,杭州园林
300649,2023-09-04,25.72,26.36,24.48,25.07,23899900.0,0.0,杭州园林
300649,2023-09-05,24.15,26.38,23.56,26.38,26179100.0,0.0,杭州园林
300649,2023-09-06,25.45,25.63,24.16,24.16,19567100.0,0.0,杭州园林
300649,2023-09-07,24.24,28.22,24.24,26.96,27629200.0,0.0,杭州园林
300649,2023-09-08,25.2,26.5,24.79,25.73,22299600.0,0.0,杭州园林
300649,2023-09-11,24.99,24.99,23.2,23.97,15110400.0,0.0,杭州园林
300649,2023-09-12,24.0,24.21,22.74,22.99,12185900.0,0.0,杭州园林
300649,2023-09-13,22.99,24.98,22.8,24.31,19335100.0,0.0,杭州园林
300649,2023-09-14,23.5,23.85,22.8,23.12,12273000.0,0.0,杭州园林
300649,2023-09-15,23.14,23.88,22.5,23.86,12283700.0,0.0,杭州园林
300649,2023-09-18,23.32,26.0,23.32,24.81,17985400.0,0.0,杭州园林
300649,2023-09-19,24.81,25.6,23.13,23.31,15001000.0,0.0,杭州园林
300649,2023-09-20,22.83,23.0,21.1,21.26,12814900.0,0.0,杭州园林
300649,2023-09-21,21.25,21.62,20.85,21.45,8162000.0,0.0,杭州园林
300649,2023-09-22,21.01,21.33,20.39,21.22,7565500.0,0.0,杭州园林
300649,2023-09-25,20.98,21.09,20.11,20.38,8610200.0,0.0,杭州园林
300649,2023-09-26,20.3,20.3,19.47,19.57,7661200.0,0.0,杭州园林
300649,2023-09-27,19.5,19.7,18.97,18.99,7832400.0,0.0,杭州园林
300649,2023-09-28,18.98,19.29,18.89,18.98,5373700.0,0.0,杭州园林
300649,2023-10-09,18.99,19.06,18.39,18.5,5579700.0,0.0,杭州园林
300649,2023-10-10,18.5,18.63,18.12,18.19,4583300.0,0.0,杭州园林
300649,2023-10-11,18.25,18.27,17.9,18.01,3952500.0,0.0,杭州园林
300649,2023-10-12,18.01,18.15,17.76,18.15,3792200.0,0.0,杭州园林
300649,2023-10-13,18.05,18.08,17.61,17.65,4177800.0,0.0,杭州园林
300649,2023-10-16,17.76,17.82,17.45,17.56,3611300.0,0.0,杭州园林
300649,2023-10-17,17.6,17.63,17.19,17.36,3439300.0,0.0,杭州园林
300649,2023-10-18,17.36,17.36,16.9,16.9,3011200.0,0.0,杭州园林
300649,2023-10-19,16.96,17.3,16.72,16.94,3227600.0,0.0,杭州园林
300649,2023-10-20,16.89,17.26,16.8,16.88,2841700.0,0.0,杭州园林
300649,2023-10-23,16.8,16.84,16.24,16.32,3143900.0,0.0,杭州园林
300649,2023-10-24,16.5,17.12,16.37,17.11,4948700.0,0.0,杭州园林
300649,2023-10-25,17.9,18.23,17.47,17.66,7509900.0,0.0,杭州园林
300649,2023-10-26,17.45,17.86,17.0,17.38,5025200.0,0.0,杭州园林
300649,2023-10-27,17.25,17.37,17.05,17.2,3379000.0,0.0,杭州园林
300649,2023-10-30,17.0,17.56,17.0,17.47,3540400.0,0.0,杭州园林
300649,2023-10-31,17.57,18.26,17.43,17.76,6499600.0,0.0,杭州园林
300649,2023-11-01,17.6,18.36,17.51,18.03,6009800.0,0.0,杭州园林
300649,2023-11-02,18.19,18.25,17.72,17.74,4203900.0,0.0,杭州园林
300649,2023-11-03,17.7,17.96,17.6,17.72,2779400.0,0.0,杭州园林
300649,2023-11-06,17.88,18.1,17.73,18.03,3744800.0,0.0,杭州园林
300649,2023-11-07,18.0,18.2,17.88,18.16,3812300.0,0.0,杭州园林
300649,2023-11-08,18.26,18.26,17.84,18.03,3700500.0,0.0,杭州园林
300649,2023-11-09,18.07,18.42,17.92,18.09,3985900.0,0.0,杭州园林
300649,2023-11-10,17.98,18.06,17.63,17.91,2705700.0,0.0,杭州园林
300649,2023-11-13,17.89,18.57,17.81,18.56,4970000.0,0.0,杭州园林
300649,2023-11-14,18.43,18.6,18.26,18.39,2899500.0,0.0,杭州园林
300649,2023-11-15,18.45,18.56,18.26,18.29,2807000.0,0.0,杭州园林
300649,2023-11-16,18.29,18.4,18.21,18.31,2347200.0,0.0,杭州园林
300649,2023-11-17,18.23,18.4,18.1,18.21,1851700.0,0.0,杭州园林
300649,2023-11-20,18.22,18.33,18.1,18.32,2179400.0,0.0,杭州园林
300649,2023-11-21,18.3,18.68,18.18,18.19,3856600.0,0.0,杭州园林
300649,2023-11-22,18.2,18.54,18.15,18.18,3069100.0,0.0,杭州园林
300649,2023-11-23,18.1,18.43,17.85,18.3,2818700.0,0.0,杭州园林
300649,2023-11-24,18.39,18.49,17.92,17.96,2104200.0,0.0,杭州园林
300649,2023-11-27,17.96,18.19,17.79,17.86,1879700.0,0.0,杭州园林
300649,2023-11-28,17.86,18.14,17.73,18.06,1728100.0,0.0,杭州园林
300649,2023-11-29,18.05,18.08,17.55,17.56,2181000.0,0.0,杭州园林
300649,2023-11-30,17.68,17.75,17.33,17.46,1625600.0,0.0,杭州园林
300649,2023-12-01,17.5,17.82,17.27,17.74,1870700.0,0.0,杭州园林
300649,2023-12-04,17.72,18.01,17.72,17.87,1701500.0,0.0,杭州园林
300649,2023-12-05,17.87,17.88,17.32,17.32,1699600.0,0.0,杭州园林
300649,2023-12-06,17.49,17.68,17.23,17.45,1566200.0,0.0,杭州园林
300649,2023-12-07,17.54,17.63,17.18,17.26,1551600.0,0.0,杭州园林
300649,2023-12-08,17.28,17.36,16.8,16.85,1994000.0,0.0,杭州园林
300649,2023-12-11,16.8,17.08,16.51,16.96,2038700.0,0.0,杭州园林
300649,2023-12-12,17.1,17.32,16.88,17.28,1705600.0,0.0,杭州园林
300649,2023-12-13,17.29,17.55,17.2,17.2,1929100.0,0.0,杭州园林
300649,2023-12-14,17.48,17.48,17.1,17.29,1616500.0,0.0,杭州园林
300649,2023-12-15,17.26,17.5,17.15,17.22,1112700.0,0.0,杭州园林
300649,2023-12-18,17.18,17.41,16.9,16.97,1676600.0,0.0,杭州园林
300649,2023-12-19,16.89,17.21,16.81,16.91,889100.0,0.0,杭州园林
300649,2023-12-20,17.02,17.27,16.96,16.98,1727200.0,0.0,杭州园林
300649,2023-12-21,16.99,17.05,16.58,16.93,1495500.0,0.0,杭州园林
300649,2023-12-22,16.98,17.11,16.59,16.61,1537200.0,0.0,杭州园林
300649,2023-12-25,16.59,16.68,16.13,16.16,1675300.0,0.0,杭州园林
300649,2023-12-26,16.34,16.35,15.95,16.01,1407100.0,0.0,杭州园林
300649,2023-12-27,16.0,16.23,15.84,16.05,1271100.0,0.0,杭州园林
300649,2023-12-28,16.01,16.59,15.81,16.49,1787300.0,0.0,杭州园林
300649,2023-12-29,16.55,16.8,16.22,16.75,1501800.0,0.0,杭州园林
300649,2024-01-02,16.87,17.11,16.83,17.01,1701000.0,0.0,杭州园林
300649,2024-01-03,16.99,17.02,16.7,16.79,1367000.0,0.0,杭州园林
300649,2024-01-04,16.82,16.96,16.7,16.87,1812700.0,0.0,杭州园林
300649,2024-01-05,16.94,17.06,16.58,16.65,1494200.0,0.0,杭州园林
300649,2024-01-08,16.7,17.47,16.61,16.63,3968500.0,0.0,杭州园林
300649,2024-01-09,16.5,16.96,16.36,16.49,3084100.0,0.0,杭州园林
300649,2024-01-10,16.49,16.64,16.12,16.29,1809500.0,0.0,杭州园林
300649,2024-01-11,16.5,16.78,16.32,16.77,1955600.0,0.0,杭州园林
300649,2024-01-12,17.31,17.51,16.7,16.7,5484200.0,0.0,杭州园林
300649,2024-01-15,16.25,16.49,16.01,16.15,3974300.0,0.0,杭州园林
300649,2024-01-16,16.04,16.75,15.78,16.19,3792600.0,0.0,杭州园林
300649,2024-01-17,16.18,16.26,15.63,15.63,2211700.0,0.0,杭州园林
300649,2024-01-18,15.6,15.68,15.02,15.49,2127100.0,0.0,杭州园林
300649,2024-01-19,15.5,15.54,15.07,15.07,1513300.0,0.0,杭州园林
300649,2024-01-22,15.07,15.12,13.96,14.1,2246400.0,0.0,杭州园林
300649,2024-01-23,14.1,14.15,13.74,14.09,2270700.0,0.0,杭州园林
300649,2024-01-24,14.14,14.6,13.98,14.6,2596100.0,0.0,杭州园林
300649,2024-01-25,14.7,15.65,14.59,15.63,3589000.0,0.0,杭州园林
300649,2024-01-26,15.76,16.44,15.52,15.82,3906200.0,0.0,杭州园林
300649,2024-01-29,15.82,15.93,14.96,14.96,2682100.0,0.0,杭州园林
300649,2024-01-30,14.94,14.98,14.39,14.41,1955300.0,0.0,杭州园林
300649,2024-01-31,14.39,14.39,13.35,13.44,2286600.0,0.0,杭州园林
300649,2024-02-01,13.56,13.56,12.65,12.83,3351800.0,0.0,杭州园林
300649,2024-02-02,12.8,13.35,11.6,12.0,3596900.0,0.0,杭州园林
300649,2024-02-05,11.91,12.04,9.85,10.01,5393800.0,0.0,杭州园林
300649,2024-02-06,9.7,10.2,8.42,9.73,6336900.0,0.0,杭州园林
300649,2024-02-07,9.85,9.85,8.4,8.51,7327100.0,0.0,杭州园林
300649,2024-02-08,8.5,9.24,7.63,9.2,8020900.0,0.0,杭州园林
300649,2024-02-19,9.39,10.29,9.39,9.98,7524400.0,0.0,杭州园林
300649,2024-02-20,10.05,10.47,9.66,10.31,6663000.0,0.0,杭州园林
300649,2024-02-21,10.09,11.79,10.08,10.85,7288700.0,0.0,杭州园林
300649,2024-02-22,10.84,11.32,10.73,11.2,4715000.0,0.0,杭州园林
300649,2024-02-23,11.22,11.75,11.21,11.67,4793300.0,0.0,杭州园林
300649,2024-02-26,11.87,12.44,11.67,12.08,5636700.0,0.0,杭州园林
300649,2024-02-27,12.22,12.6,11.98,12.6,4559700.0,0.0,杭州园林
300649,2024-02-28,12.64,13.2,11.09,11.13,7627700.0,0.0,杭州园林
300649,2024-02-29,11.02,11.72,10.9,11.7,4815100.0,0.0,杭州园林
300649,2024-03-01,11.71,12.23,11.7,11.96,4284100.0,0.0,杭州园林
300649,2024-03-04,12.0,12.15,11.3,11.8,3940300.0,0.0,杭州园林
300649,2024-03-05,11.85,11.91,11.38,11.41,3247400.0,0.0,杭州园林
300649,2024-03-06,11.34,11.85,11.3,11.62,3235200.0,0.0,杭州园林
300649,2024-03-07,11.65,11.86,11.42,11.58,3176900.0,0.0,杭州园林
300649,2024-03-08,11.56,11.82,11.44,11.6,2535600.0,0.0,杭州园林
300649,2024-03-11,11.6,11.94,11.54,11.94,2784600.0,0.0,杭州园林
300649,2024-03-12,11.96,12.33,11.85,12.33,3852900.0,0.0,杭州园林
300649,2024-03-13,12.3,12.37,11.94,12.21,3334300.0,0.0,杭州园林
300649,2024-03-14,12.2,12.58,12.05,12.3,3818100.0,0.0,杭州园林
300649,2024-03-15,12.29,12.55,12.06,12.49,2947200.0,0.0,杭州园林
300649,2024-03-18,12.48,12.81,12.46,12.8,2750200.0,0.0,杭州园林
300649,2024-03-19,12.8,12.89,12.58,12.6,3074600.0,0.0,杭州园林
300649,2024-03-20,12.83,13.15,12.75,13.04,4103400.0,0.0,杭州园林
300649,2024-03-21,13.06,13.27,12.79,13.02,3734900.0,0.0,杭州园林
300649,2024-03-22,12.97,13.09,12.58,12.7,3177700.0,0.0,杭州园林
300649,2024-03-25,12.8,12.8,12.2,12.29,3044500.0,0.0,杭州园林
300649,2024-03-26,12.26,12.44,12.05,12.32,2416300.0,0.0,杭州园林
300649,2024-03-27,12.33,12.38,11.75,11.81,2268200.0,0.0,杭州园林
300649,2024-03-28,11.78,12.35,11.75,12.23,2853100.0,0.0,杭州园林
300649,2024-03-29,12.28,12.82,12.23,12.49,3174900.0,0.0,杭州园林
300649,2024-04-01,12.48,12.87,12.48,12.79,2638000.0,0.0,杭州园林
300649,2024-04-02,12.83,13.12,12.67,12.8,3212900.0,0.0,杭州园林
300649,2024-04-03,12.97,12.97,12.25,12.42,2354100.0,0.0,杭州园林
300649,2024-04-08,12.37,12.38,11.66,11.68,2921300.0,0.0,杭州园林
300649,2024-04-09,11.86,12.0,11.71,12.0,1959500.0,0.0,杭州园林
300649,2024-04-10,11.92,11.96,11.21,11.45,2729800.0,0.0,杭州园林
300649,2024-04-11,11.4,11.99,11.1,11.68,3180800.0,0.0,杭州园林
300649,2024-04-12,11.66,11.75,11.31,11.33,2439700.0,0.0,杭州园林
300649,2024-04-15,11.25,11.38,9.95,10.06,5308800.0,0.0,杭州园林
300649,2024-04-16,10.09,10.12,8.86,8.92,4883000.0,0.0,杭州园林
300649,2024-04-17,9.19,10.58,9.18,10.52,5864400.0,0.0,杭州园林
300649,2024-04-18,10.48,10.73,9.94,10.11,4096200.0,0.0,杭州园林
300649,2024-04-19,9.98,10.76,9.8,10.18,4672300.0,0.0,杭州园林
300649,2024-04-22,10.35,10.38,9.69,9.89,3714900.0,0.0,杭州园林
300649,2024-04-23,9.98,10.63,9.95,10.36,4138300.0,0.0,杭州园林
300649,2024-04-24,10.35,10.85,10.21,10.63,3786600.0,0.0,杭州园林
300649,2024-04-25,10.65,10.96,10.44,10.76,3155100.0,0.0,杭州园林
300649,2024-04-26,10.76,10.98,10.36,10.54,3672200.0,0.0,杭州园林
300649,2024-04-29,10.7,11.3,10.7,11.27,4627100.0,0.0,杭州园林
300649,2024-04-30,11.25,11.37,10.98,11.1,3579400.0,0.0,杭州园林
300649,2024-05-06,11.23,11.58,11.23,11.45,2628800.0,0.0,杭州园林
300649,2024-05-07,11.46,11.58,11.35,11.55,2392400.0,0.0,杭州园林
300649,2024-05-08,11.58,11.58,11.24,11.28,2260300.0,0.0,杭州园林
300649,2024-05-09,11.45,11.8,11.38,11.53,2354700.0,0.0,杭州园林
300649,2024-05-10,11.66,12.13,11.25,11.48,6026900.0,0.0,杭州园林
300649,2024-05-13,11.32,11.34,10.9,11.05,3815500.0,0.0,杭州园林
300649,2024-05-14,11.29,11.29,11.01,11.22,2573500.0,0.0,杭州园林
300649,2024-05-15,11.2,11.93,11.08,11.55,4309100.0,0.0,杭州园林
300649,2024-05-16,11.66,13.5,11.55,13.08,13122500.0,0.0,杭州园林
300649,2024-05-17,12.45,13.2,12.38,13.1,14462100.0,0.0,杭州园林
300649,2024-05-20,12.7,13.87,12.61,13.5,15619600.0,0.0,杭州园林
300649,2024-05-21,13.05,13.5,12.5,12.61,11363800.0,0.0,杭州园林
300649,2024-05-22,12.43,14.35,12.41,13.79,17750700.0,0.0,杭州园林
300649,2024-05-23,13.22,13.67,12.96,13.35,12136200.0,0.0,杭州园林
300649,2024-05-24,13.04,13.34,12.48,12.6,8366500.0,0.0,杭州园林
300649,2024-05-27,12.38,12.59,11.93,12.27,5778800.0,0.0,杭州园林
300649,2024-05-28,12.07,12.35,11.7,11.76,6000800.0,0.0,杭州园林
300649,2024-05-29,11.75,12.4,11.65,12.0,5204400.0,0.0,杭州园林
300649,2024-05-30,11.9,11.96,11.47,11.48,5095900.0,0.0,杭州园林
300649,2024-05-31,11.47,11.72,11.37,11.53,3467800.0,0.0,杭州园林
300649,2024-06-03,11.6,11.78,11.2,11.4,3250300.0,0.0,杭州园林
300649,2024-06-04,11.49,11.5,10.89,11.15,3671500.0,0.0,杭州园林
300649,2024-06-05,11.0,11.09,10.6,10.61,3196700.0,0.0,杭州园林
300649,2024-06-06,10.61,10.68,9.71,9.98,5002100.0,0.0,杭州园林
300649,2024-06-07,10.17,10.44,10.12,10.26,3333900.0,0.0,杭州园林
300649,2024-06-11,10.32,10.36,9.88,10.34,2821200.0,0.0,杭州园林
300649,2024-06-12,10.59,10.63,10.19,10.54,2347500.0,0.0,杭州园林
300649,2024-06-13,10.55,10.7,10.36,10.41,1946200.0,0.0,杭州园林
300649,2024-06-14,10.41,10.57,10.2,10.5,2051100.0,0.0,杭州园林
300649,2024-06-17,10.45,10.58,10.28,10.35,1545400.0,0.0,杭州园林
300649,2024-06-18,10.4,10.6,10.29,10.5,1879200.0,0.0,杭州园林
300649,2024-06-19,10.6,11.14,10.52,11.05,5394200.0,0.0,杭州园林
300649,2024-06-20,10.89,11.03,10.23,10.3,4800200.0,0.0,杭州园林
300649,2024-06-21,10.3,11.08,10.09,10.77,5144700.0,0.0,杭州园林
300649,2024-06-24,10.97,11.25,10.31,10.42,5209900.0,0.0,杭州园林
300649,2024-06-25,10.11,10.7,10.0,10.18,3479400.0,0.0,杭州园林
300649,2024-06-26,10.08,10.45,9.81,10.43,2837700.0,0.0,杭州园林
300649,2024-06-27,10.4,10.69,10.33,10.46,3108700.0,0.0,杭州园林
300649,2024-06-28,10.88,11.08,10.26,10.43,4701500.0,0.0,杭州园林
300649,2024-07-01,10.29,10.94,10.25,10.64,4668000.0,0.0,杭州园林
300649,2024-07-02,10.59,10.74,10.42,10.55,3695900.0,0.0,杭州园林
300649,2024-07-03,10.46,10.54,10.28,10.28,2468200.0,0.0,杭州园林
300649,2024-07-04,10.24,10.35,9.88,9.89,2829600.0,0.0,杭州园林
300649,2024-07-05,9.92,10.1,9.65,10.03,1921100.0,0.0,杭州园林
300649,2024-07-08,10.04,10.04,9.6,9.65,2077600.0,0.0,杭州园林
300649,2024-07-09,9.71,9.81,9.4,9.77,2392300.0,0.0,杭州园林
300649,2024-07-10,9.69,9.88,9.54,9.66,1592700.0,0.0,杭州园林
300649,2024-07-11,9.77,10.07,9.77,10.02,2458500.0,0.0,杭州园林
300649,2024-07-12,10.0,10.45,9.97,10.11,2910100.0,0.0,杭州园林
300649,2024-07-15,10.13,10.23,9.84,9.9,2460700.0,0.0,杭州园林
300649,2024-07-16,9.92,9.94,9.73,9.78,1514500.0,0.0,杭州园林
300649,2024-07-17,9.81,9.93,9.66,9.67,1834100.0,0.0,杭州园林
300649,2024-07-18,9.65,9.65,9.37,9.55,1986000.0,0.0,杭州园林
300649,2024-07-19,9.62,9.79,9.46,9.71,1780700.0,0.0,杭州园林
300649,2024-07-22,9.76,9.83,9.62,9.66,1617500.0,0.0,杭州园林
300649,2024-07-23,9.72,9.92,9.5,9.52,2081000.0,0.0,杭州园林
300649,2024-07-24,9.52,9.52,9.25,9.34,1955400.0,0.0,杭州园林
300649,2024-07-25,9.36,9.55,9.06,9.41,1502800.0,0.0,杭州园林
300649,2024-07-26,9.42,9.58,9.41,9.52,1427800.0,0.0,杭州园林
300649,2024-07-29,9.56,9.75,9.4,9.66,1665700.0,0.0,杭州园林
300649,2024-07-30,9.62,9.88,9.5,9.79,1789900.0,0.0,杭州园林
300649,2024-07-31,9.83,10.0,9.71,10.0,2426400.0,0.0,杭州园林
300649,2024-08-01,10.5,10.73,10.07,10.21,7045300.0,0.0,杭州园林
300649,2024-08-02,10.09,10.47,10.0,10.15,4693100.0,0.0,杭州园林
300649,2024-08-05,10.13,10.25,9.79,9.79,3261000.0,0.0,杭州园林
300649,2024-08-06,9.85,10.14,9.8,10.04,2366900.0,0.0,杭州园林
300649,2024-08-07,9.98,10.1,9.93,9.96,1851700.0,0.0,杭州园林
300649,2024-08-08,9.98,9.98,9.66,9.82,1805400.0,0.0,杭州园林
300649,2024-08-09,9.91,10.17,9.82,9.9,3035500.0,0.0,杭州园林
300649,2024-08-12,9.99,10.2,9.73,9.84,2537000.0,0.0,杭州园林
300649,2024-08-13,9.85,10.38,9.64,10.2,3901000.0,0.0,杭州园林
300649,2024-08-14,10.2,10.68,10.15,10.18,5013400.0,0.0,杭州园林
300649,2024-08-15,10.25,10.38,9.8,10.15,3460200.0,0.0,杭州园林
300649,2024-08-16,10.24,10.24,9.92,9.92,2364400.0,0.0,杭州园林
300649,2024-08-19,9.98,9.98,9.75,9.91,1522300.0,0.0,杭州园林
300649,2024-08-20,9.88,9.91,9.6,9.64,1689400.0,0.0,杭州园林
300649,2024-08-21,9.63,9.75,9.58,9.66,1270800.0,0.0,杭州园林
300649,2024-08-22,9.7,9.78,9.26,9.3,1681500.0,0.0,杭州园林
300649,2024-08-23,9.25,9.33,9.07,9.18,1436900.0,0.0,杭州园林
300649,2024-08-26,9.3,9.61,9.23,9.49,1828000.0,0.0,杭州园林
300649,2024-08-27,9.49,9.69,9.28,9.58,2456000.0,0.0,杭州园林
300649,2024-08-28,9.47,9.54,9.24,9.44,1795400.0,0.0,杭州园林
300649,2024-08-29,9.42,9.55,9.26,9.5,1578400.0,0.0,杭州园林
300649,2024-08-30,9.28,9.5,9.1,9.39,4415300.0,0.0,杭州园林
300649,2024-09-02,9.35,9.4,9.1,9.1,2376600.0,0.0,杭州园林
300649,2024-09-03,9.15,9.22,9.05,9.1,1729500.0,0.0,杭州园林
300649,2024-09-04,9.06,9.11,8.83,8.91,2078100.0,0.0,杭州园林
300649,2024-09-05,8.91,9.11,8.91,9.05,1408500.0,0.0,杭州园林
300649,2024-09-06,9.08,9.13,8.8,8.84,1564600.0,0.0,杭州园林
300649,2024-09-09,8.84,8.95,8.6,8.9,1231500.0,0.0,杭州园林
300649,2024-09-10,8.9,8.99,8.79,8.95,1014200.0,0.0,杭州园林
300649,2024-09-11,8.99,8.99,8.86,8.9,890800.0,0.0,杭州园林
300649,2024-09-12,8.92,9.09,8.89,8.9,1440800.0,0.0,杭州园林
300649,2024-09-13,8.96,9.02,8.81,8.81,1072800.0,0.0,杭州园林
300649,2024-09-18,8.8,8.81,8.4,8.52,1535300.0,0.0,杭州园林
300649,2024-09-19,8.58,8.9,8.52,8.89,2175600.0,0.0,杭州园林
300649,2024-09-20,8.94,8.96,8.8,8.86,1244300.0,0.0,杭州园林
300649,2024-09-23,8.85,8.95,8.75,8.91,1208400.0,0.0,杭州园林
300649,2024-09-24,9.0,9.18,8.93,9.18,1807500.0,0.0,杭州园林
300649,2024-09-25,9.25,9.43,9.22,9.22,2200400.0,0.0,杭州园林
300649,2024-09-26,9.25,9.88,9.21,9.63,4263600.0,0.0,杭州园林
300649,2024-09-27,9.66,10.2,9.66,10.13,5414400.0,0.0,杭州园林
300649,2024-09-30,10.49,11.68,10.34,11.52,8256600.0,0.0,杭州园林
300649,2024-10-08,13.49,13.49,11.53,12.69,9444200.0,0.0,杭州园林
300649,2024-10-09,12.1,12.2,10.69,10.73,7264100.0,0.0,杭州园林
300649,2024-10-10,11.03,11.8,10.71,11.28,6524000.0,0.0,杭州园林
300649,2024-10-11,11.25,11.26,10.6,10.7,4571900.0,0.0,杭州园林
300649,2024-10-14,11.5,12.34,11.29,11.88,11351700.0,0.0,杭州园林
300649,2024-10-15,11.33,11.85,11.22,11.23,8428300.0,0.0,杭州园林
300649,2024-10-16,11.1,12.3,11.1,12.16,11283100.0,0.0,杭州园林
300649,2024-10-17,12.1,12.2,11.5,11.7,8282100.0,0.0,杭州园林
300649,2024-10-18,11.52,11.92,11.29,11.73,6106000.0,0.0,杭州园林
300649,2024-10-21,11.73,11.89,11.59,11.77,5295600.0,0.0,杭州园林
300649,2024-10-22,11.9,11.94,11.59,11.78,3953400.0,0.0,杭州园林
300649,2024-10-23,11.72,11.96,11.55,11.66,3521900.0,0.0,杭州园林
300649,2024-10-24,11.56,11.69,11.41,11.42,2429700.0,0.0,杭州园林
300649,2024-10-25,11.47,11.88,11.43,11.78,3784000.0,0.0,杭州园林
300649,2024-10-28,11.96,12.19,11.79,12.15,4281400.0,0.0,杭州园林
300649,2024-10-29,12.2,12.47,11.81,11.85,4245800.0,0.0,杭州园林
300649,2024-10-30,11.76,12.22,11.74,12.01,3769500.0,0.0,杭州园林
300649,2024-10-31,12.04,12.5,12.03,12.2,4646500.0,0.0,杭州园林
300649,2024-11-01,12.2,12.29,11.45,11.51,4241300.0,0.0,杭州园林
300649,2024-11-04,11.65,11.81,11.35,11.78,2616100.0,0.0,杭州园林
300649,2024-11-05,11.78,12.02,11.75,11.99,2546900.0,0.0,杭州园林
300649,2024-11-06,11.99,12.21,11.78,12.14,3612100.0,0.0,杭州园林
300649,2024-11-07,12.15,12.62,12.03,12.58,4388400.0,0.0,杭州园林
300649,2024-11-08,12.75,12.85,12.25,12.37,4202000.0,0.0,杭州园林
300649,2024-11-11,12.6,12.63,12.33,12.59,3654300.0,0.0,杭州园林
300649,2024-11-12,12.63,12.86,12.36,12.54,4232900.0,0.0,杭州园林
300649,2024-11-13,12.58,13.19,12.38,12.75,5303200.0,0.0,杭州园林
300649,2024-11-14,12.7,12.98,12.41,12.43,4046600.0,0.0,杭州园林
300649,2024-11-15,12.43,12.88,12.1,12.27,4350500.0,0.0,杭州园林
300649,2024-11-18,12.24,12.4,11.53,11.71,3602300.0,0.0,杭州园林
300649,2024-11-19,11.8,11.99,11.5,11.99,2389300.0,0.0,杭州园林
300649,2024-11-20,12.0,12.65,11.95,12.6,4207100.0,0.0,杭州园林
300649,2024-11-21,12.59,12.77,12.38,12.58,3223300.0,0.0,杭州园林
300649,2024-11-22,12.59,12.66,11.8,11.83,3149700.0,0.0,杭州园林
300649,2024-11-25,11.8,12.27,11.7,12.27,2969500.0,0.0,杭州园林
300649,2024-11-26,12.22,12.94,12.03,12.5,6212800.0,0.0,杭州园林
300649,2024-11-27,12.39,13.99,12.2,13.9,16260100.0,0.0,杭州园林
300649,2024-11-28,13.63,13.78,13.1,13.16,12992900.0,0.0,杭州园林
300649,2024-11-29,13.13,13.31,12.86,13.02,7968800.0,0.0,杭州园林
300649,2024-12-02,12.99,13.22,12.8,13.15,6539200.0,0.0,杭州园林
300649,2024-12-03,13.16,14.68,12.91,14.01,14972700.0,0.0,杭州园林
300649,2024-12-04,13.75,13.81,13.11,13.29,8055900.0,0.0,杭州园林
300649,2024-12-05,13.23,13.46,13.03,13.43,4663100.0,0.0,杭州园林
300649,2024-12-06,13.44,13.64,13.22,13.25,4721000.0,0.0,杭州园林
300649,2024-12-09,13.18,13.48,12.84,13.22,5331400.0,0.0,杭州园林
300649,2024-12-10,13.6,13.74,12.94,13.08,5042400.0,0.0,杭州园林
300649,2024-12-11,13.01,13.3,13.0,13.16,3543600.0,0.0,杭州园林
300649,2024-12-12,13.16,13.4,13.02,13.36,4163400.0,0.0,杭州园林
300649,2024-12-13,13.39,13.39,13.02,13.06,3537300.0,0.0,杭州园林
300649,2024-12-16,13.13,13.5,13.13,13.3,4783500.0,0.0,杭州园林
300649,2024-12-17,13.36,13.4,12.32,12.4,4611100.0,0.0,杭州园林
300649,2024-12-18,12.4,12.5,12.0,12.31,2544400.0,0.0,杭州园林
300649,2024-12-19,12.19,12.48,11.98,12.42,2711800.0,0.0,杭州园林
300649,2024-12-20,12.44,12.65,12.36,12.49,1809900.0,0.0,杭州园林
300649,2024-12-23,12.5,12.5,11.41,11.53,3736800.0,0.0,杭州园林
300649,2024-12-24,11.54,11.75,11.01,11.25,3420200.0,0.0,杭州园林
300649,2024-12-25,11.33,11.33,10.63,10.83,3265600.0,0.0,杭州园林
300649,2024-12-26,10.9,11.27,10.69,11.11,3164700.0,0.0,杭州园林
300649,2024-12-27,11.17,11.46,10.89,11.15,3051400.0,0.0,杭州园林
300649,2024-12-30,11.12,11.26,10.6,10.89,2805000.0,0.0,杭州园林
300649,2024-12-31,11.11,11.14,10.69,10.71,2421400.0,0.0,杭州园林
300649,2025-01-02,10.71,11.11,10.26,10.65,3112300.0,0.0,杭州园林
300649,2025-01-03,10.68,10.74,10.0,10.01,3154800.0,0.0,杭州园林
300649,2025-01-06,10.01,10.36,9.4,10.06,3096200.0,0.0,杭州园林
300649,2025-01-07,10.1,10.57,10.08,10.53,2991100.0,0.0,杭州园林
300649,2025-01-08,10.5,10.65,10.06,10.37,2553000.0,0.0,杭州园林
300649,2025-01-09,10.36,10.49,10.27,10.39,1581000.0,0.0,杭州园林
300649,2025-01-10,10.42,10.45,9.77,9.85,2087600.0,0.0,杭州园林
300649,2025-01-13,9.91,10.05,9.5,10.0,1930100.0,0.0,杭州园林
300649,2025-01-14,10.03,10.52,10.03,10.51,2248800.0,0.0,杭州园林
300649,2025-01-15,10.59,10.63,10.37,10.48,1854100.0,0.0,杭州园林
300649,2025-01-16,10.53,10.65,10.35,10.52,2001900.0,0.0,杭州园林
300649,2025-01-17,10.52,10.53,10.23,10.32,1847900.0,0.0,杭州园林
300649,2025-01-20,10.5,10.77,10.23,10.57,2019700.0,0.0,杭州园林
300649,2025-01-21,10.59,10.8,10.15,10.32,2263700.0,0.0,杭州园林
300649,2025-01-22,10.3,10.36,10.08,10.21,1509000.0,0.0,杭州园林
300649,2025-01-23,10.3,10.64,10.3,10.31,2045200.0,0.0,杭州园林
300649,2025-01-24,10.32,10.43,10.12,10.4,1642300.0,0.0,杭州园林
300649,2025-01-27,10.74,10.74,10.33,10.44,1987400.0,0.0,杭州园林
300649,2025-02-05,10.52,10.89,10.51,10.83,2350000.0,0.0,杭州园林
300649,2025-02-06,10.83,10.98,10.58,10.94,1869100.0,0.0,杭州园林
300649,2025-02-07,11.18,11.38,10.85,11.04,3086900.0,0.0,杭州园林
300649,2025-02-10,11.1,11.51,11.0,11.43,3308900.0,0.0,杭州园林
300649,2025-02-11,11.44,12.1,11.19,11.59,6569000.0,0.0,杭州园林
300649,2025-02-12,11.6,12.09,11.45,11.75,5835000.0,0.0,杭州园林
300649,2025-02-13,11.98,12.58,11.48,12.0,6220800.0,0.0,杭州园林
300649,2025-02-14,11.8,12.57,11.46,11.95,8780600.0,0.0,杭州园林
300649,2025-02-17,11.77,12.46,11.7,12.4,8055900.0,0.0,杭州园林
300649,2025-02-18,12.14,12.99,11.81,11.86,8025300.0,0.0,杭州园林
300649,2025-02-19,11.83,12.3,11.77,12.25,5717400.0,0.0,杭州园林
300649,2025-02-20,12.27,12.47,12.04,12.09,4965700.0,0.0,杭州园林
300649,2025-02-21,12.02,13.6,11.74,12.65,11142800.0,0.0,杭州园林
300649,2025-02-24,12.37,12.63,12.09,12.24,7241400.0,0.0,杭州园林
300649,2025-02-25,12.6,12.73,12.07,12.12,6141100.0,0.0,杭州园林
300649,2025-02-26,11.9,12.4,11.88,12.01,4588900.0,0.0,杭州园林
300649,2025-02-27,11.86,12.17,11.62,11.8,3812900.0,0.0,杭州园林
300649,2025-02-28,11.79,12.0,11.45,11.49,3035500.0,0.0,杭州园林
300649,2025-03-03,11.46,11.81,11.4,11.56,2771600.0,0.0,杭州园林
300649,2025-03-04,11.45,11.86,11.45,11.83,2450000.0,0.0,杭州园林
300649,2025-03-05,11.87,11.92,11.56,11.78,2375600.0,0.0,杭州园林
300649,2025-03-06,11.88,12.18,11.74,12.04,2988400.0,0.0,杭州园林
300649,2025-03-07,12.04,12.15,11.77,11.86,2158100.0,0.0,杭州园林
300649,2025-03-10,11.85,12.5,11.85,12.14,3607900.0,0.0,杭州园林
300649,2025-03-11,12.19,12.97,12.19,12.48,5351000.0,0.0,杭州园林
300649,2025-03-12,12.48,12.78,12.33,12.45,5123100.0,0.0,杭州园林
300649,2025-03-13,12.33,12.55,12.06,12.27,4299800.0,0.0,杭州园林
300649,2025-03-14,12.22,12.42,12.04,12.4,3189100.0,0.0,杭州园林
300649,2025-03-17,12.43,12.49,12.21,12.37,2232500.0,0.0,杭州园林
300649,2025-03-18,12.41,12.44,12.2,12.41,2030600.0,0.0,杭州园林
300649,2025-03-19,12.37,12.45,12.25,12.31,1778400.0,0.0,杭州园林
300649,2025-03-20,12.37,12.37,12.15,12.2,1581200.0,0.0,杭州园林
300649,2025-03-21,12.27,12.27,11.89,11.99,2748200.0,0.0,杭州园林
300649,2025-03-24,12.0,12.0,10.95,11.17,3926000.0,0.0,杭州园林
300649,2025-03-25,11.3,11.32,10.88,11.07,2243400.0,0.0,杭州园林
300649,2025-03-26,11.01,11.44,10.96,11.34,2606700.0,0.0,杭州园林
300649,2025-03-27,11.28,11.38,10.98,11.18,1880700.0,0.0,杭州园林
300649,2025-03-28,11.18,12.28,10.88,11.39,8420900.0,0.0,杭州园林
300649,2025-03-31,11.45,11.51,10.91,11.04,4886200.0,0.0,杭州园林
300649,2025-04-01,11.22,11.6,11.07,11.39,4048100.0,0.0,杭州园林
300649,2025-04-02,11.4,11.59,11.2,11.22,2380400.0,0.0,杭州园林
300649,2025-04-03,11.12,11.33,11.01,11.19,2016600.0,0.0,杭州园林
300649,2025-04-07,10.8,10.8,8.99,9.13,5186000.0,0.0,杭州园林
300649,2025-04-08,9.45,9.98,9.37,9.63,4231700.0,0.0,杭州园林
300649,2025-04-09,9.39,10.4,8.82,10.31,5277900.0,0.0,杭州园林
300649,2025-04-10,10.6,10.79,10.36,10.62,3154400.0,0.0,杭州园林
300649,2025-04-11,10.52,10.75,10.43,10.45,2397600.0,0.0,杭州园林
300649,2025-04-14,10.66,11.01,10.57,10.79,3415500.0,0.0,杭州园林
300649,2025-04-15,10.84,10.93,10.61,10.74,2149800.0,0.0,杭州园林
300649,2025-04-16,10.79,10.79,10.2,10.44,2763600.0,0.0,杭州园林
300649,2025-04-17,10.46,10.87,10.39,10.64,3056900.0,0.0,杭州园林
300649,2025-04-18,10.87,11.04,10.48,10.6,4137400.0,0.0,杭州园林
300649,2025-04-21,10.62,10.91,10.46,10.69,2833100.0,0.0,杭州园林
300649,2025-04-22,10.69,10.85,10.51,10.59,2572300.0,0.0,杭州园林
300649,2025-04-23,10.56,10.8,10.56,10.76,2519800.0,0.0,杭州园林
300649,2025-04-24,10.68,10.93,10.5,10.61,3692500.0,0.0,杭州园林
300649,2025-04-25,10.62,10.88,10.54,10.73,2299000.0,0.0,杭州园林
300649,2025-04-28,10.73,10.73,10.25,10.47,3154500.0,0.0,杭州园林
300649,2025-04-29,10.58,10.76,10.46,10.7,2489500.0,0.0,杭州园林
300649,2025-04-30,10.8,11.19,10.69,11.03,3437100.0,0.0,杭州园林
300649,2025-05-06,11.49,11.66,11.12,11.59,3693100.0,0.0,杭州园林
300649,2025-05-07,11.78,11.89,11.57,11.68,2882300.0,0.0,杭州园林
300649,2025-05-08,11.7,11.85,11.6,11.82,1839400.0,0.0,杭州园林
300649,2025-05-09,11.8,12.14,11.6,11.71,3438100.0,0.0,杭州园林
300649,2025-05-12,11.75,11.92,11.54,11.73,3137200.0,0.0,杭州园林
300649,2025-05-13,11.73,11.98,11.54,11.57,2196800.0,0.0,杭州园林
300649,2025-05-14,11.46,11.84,11.3,11.54,2555300.0,0.0,杭州园林
300649,2025-05-15,11.56,11.7,11.37,11.57,2652400.0,0.0,杭州园林
300649,2025-05-16,11.61,11.71,11.48,11.55,2608500.0,0.0,杭州园林
300649,2025-05-19,11.58,11.78,11.45,11.69,2670500.0,0.0,杭州园林
300649,2025-05-20,11.69,11.99,11.52,11.94,2751000.0,0.0,杭州园林
300649,2025-05-21,11.94,12.85,11.93,12.08,8786000.0,0.0,杭州园林
300649,2025-05-22,12.03,12.38,11.71,11.72,5479500.0,0.0,杭州园林
300649,2025-05-23,11.72,11.79,11.41,11.46,4230800.0,0.0,杭州园林
300649,2025-05-26,11.52,11.78,11.44,11.68,2479700.0,0.0,杭州园林
300649,2025-05-27,11.68,11.81,11.51,11.75,2391500.0,0.0,杭州园林
300649,2025-05-28,11.76,11.91,11.43,11.5,2533400.0,0.0,杭州园林
300649,2025-05-29,11.48,11.78,11.4,11.73,2753000.0,0.0,杭州园林
300649,2025-05-30,11.75,11.82,11.51,11.6,1761200.0,0.0,杭州园林
300649,2025-06-03,11.55,11.8,11.45,11.74,2539800.0,0.0,杭州园林
300649,2025-06-04,11.72,11.89,11.7,11.88,2207100.0,0.0,杭州园林
300649,2025-06-05,11.9,12.0,11.72,11.97,2783800.0,0.0,杭州园林
300649,2025-06-06,11.99,12.13,11.83,12.09,2708300.0,0.0,杭州园林
300649,2025-06-09,12.09,12.71,11.97,12.53,5396300.0,0.0,杭州园林
300649,2025-06-10,12.55,12.72,12.35,12.53,4652200.0,0.0,杭州园林
300649,2025-06-11,12.57,12.65,12.35,12.38,2461500.0,0.0,杭州园林
300649,2025-06-12,12.35,12.49,12.22,12.38,2282300.0,0.0,杭州园林
300649,2025-06-13,12.38,12.41,11.96,12.04,2723700.0,0.0,杭州园林
300649,2025-06-16,11.98,12.38,11.96,12.22,2565600.0,0.0,杭州园林
300649,2025-06-17,12.17,12.83,12.0,12.53,6195000.0,0.0,杭州园林
300649,2025-06-18,13.0,14.38,13.0,13.77,18271200.0,0.0,杭州园林
300649,2025-06-19,13.68,13.85,12.4,12.49,12563600.0,0.0,杭州园林
300649,2025-06-20,13.01,13.57,12.21,12.39,8760400.0,0.0,杭州园林
300649,2025-06-23,12.04,12.58,11.77,12.5,7667700.0,0.0,杭州园林
300649,2025-06-24,12.83,13.0,12.43,12.56,7359100.0,0.0,杭州园林
300649,2025-06-25,12.6,15.07,12.56,15.07,20485900.0,0.0,杭州园林
300649,2025-06-26,15.67,17.6,14.4,15.33,28940300.0,0.0,杭州园林
300649,2025-06-27,15.25,16.69,14.92,15.92,22748700.0,0.0,杭州园林
300649,2025-06-30,15.71,19.1,15.71,19.1,22217300.0,0.0,杭州园林
300649,2025-07-01,19.58,20.25,17.5,18.32,29981100.0,0.0,杭州园林
300649,2025-07-02,17.59,18.13,16.15,16.41,20440800.0,0.0,杭州园林
300649,2025-07-03,16.41,17.59,16.18,17.4,18802100.0,0.0,杭州园林
300649,2025-07-04,17.8,20.88,17.7,20.88,25902900.0,0.0,杭州园林
300649,2025-07-07,19.99,24.0,19.99,22.3,35762500.0,0.0,杭州园林
300649,2025-07-08,22.65,22.65,21.2,21.32,26348000.0,0.0,杭州园林
300649,2025-07-09,21.11,24.2,21.11,22.01,33163600.0,0.0,杭州园林
300649,2025-07-10,21.39,21.51,20.1,20.15,25316200.0,0.0,杭州园林
300649,2025-07-11,20.0,20.1,18.88,19.5,19802400.0,0.0,杭州园林
300649,2025-07-14,19.41,19.63,18.58,18.99,16058800.0,0.0,杭州园林
300649,2025-07-15,18.88,18.89,17.9,18.11,14879400.0,0.0,杭州园林
300649,2025-07-16,18.1,18.13,17.78,17.94,9772700.0,0.0,杭州园林
300649,2025-07-17,18.3,18.99,18.1,18.49,20153700.0,0.0,杭州园林
300649,2025-07-18,18.57,19.09,17.44,17.75,16205800.0,0.0,杭州园林
300649,2025-07-21,17.82,18.72,17.57,18.33,13916700.0,0.0,杭州园林
300649,2025-07-22,18.23,18.29,17.15,17.29,15174300.0,0.0,杭州园林
300649,2025-07-23,17.17,17.2,16.76,16.96,8373400.0,0.0,杭州园林
300649,2025-07-24,16.88,17.08,16.7,16.79,7744400.0,0.0,杭州园林
300649,2025-07-25,16.98,16.98,16.56,16.6,6103400.0,0.0,杭州园林
300649,2025-07-28,16.6,16.87,16.58,16.86,5264700.0,0.0,杭州园林
300649,2025-07-29,16.88,16.88,16.46,16.72,5719700.0,0.0,杭州园林
300649,2025-07-30,16.66,16.76,16.39,16.62,5541600.0,0.0,杭州园林
300649,2025-07-31,16.65,16.69,16.21,16.33,4796700.0,0.0,杭州园林
300649,2025-08-01,16.35,16.48,16.28,16.31,3241800.0,0.0,杭州园林
300649,2025-08-04,16.35,17.08,16.15,16.9,10818300.0,0.0,杭州园林
300649,2025-08-05,16.79,16.95,16.61,16.88,7442800.0,0.0,杭州园林
300649,2025-08-06,16.86,17.07,16.73,16.79,5906700.0,0.0,杭州园林
300649,2025-08-07,16.79,16.79,16.44,16.51,5348100.0,0.0,杭州园林
300649,2025-08-08,16.6,17.18,16.48,16.88,10336000.0,0.0,杭州园林
300649,2025-08-11,16.9,17.84,16.63,17.38,12675100.0,0.0,杭州园林
300649,2025-08-12,17.4,17.41,16.72,16.81,8507200.0,0.0,杭州园林
300649,2025-08-13,16.86,16.98,16.58,16.6,5952900.0,0.0,杭州园林
300649,2025-08-14,16.7,17.44,16.63,17.14,10728400.0,0.0,杭州园林
300649,2025-08-15,17.09,17.19,16.68,17.03,7110300.0,0.0,杭州园林
300649,2025-08-18,17.06,17.25,16.82,17.11,7939700.0,0.0,杭州园林
300649,2025-08-19,17.17,18.98,17.17,18.22,17656400.0,0.0,杭州园林
300649,2025-08-20,18.0,18.46,17.48,18.38,11812500.0,0.0,杭州园林
300649,2025-08-21,18.39,19.79,18.39,18.99,18492600.0,0.0,杭州园林
300649,2025-08-22,18.5,19.96,18.18,18.72,14083600.0,0.0,杭州园林
300649,2025-08-25,18.55,19.85,18.01,19.44,15453500.0,0.0,杭州园林
300649,2025-08-26,19.18,19.25,18.38,18.64,11741600.0,0.0,杭州园林
300649,2025-08-27,18.44,18.74,17.66,17.66,8216800.0,0.0,杭州园林
300649,2025-08-28,17.66,17.93,16.49,17.1,8043000.0,0.0,杭州园林
300649,2025-08-29,17.38,17.38,16.59,16.72,4925100.0,0.0,杭州园林
300649,2025-09-01,16.71,17.4,16.71,17.09,4868000.0,0.0,杭州园林
300649,2025-09-02,17.07,17.35,16.42,16.76,4966600.0,0.0,杭州园林
300649,2025-09-03,16.8,16.8,15.8,15.89,4787600.0,0.0,杭州园林
300649,2025-09-04,16.05,16.61,15.85,16.29,4920600.0,0.0,杭州园林
300649,2025-09-05,16.35,16.52,15.92,16.33,3682200.0,0.0,杭州园林
300649,2025-09-08,16.47,18.54,16.3,18.27,13357600.0,0.0,杭州园林
300649,2025-09-09,18.27,18.6,17.9,18.16,7700100.0,0.0,杭州园林
300649,2025-09-10,18.37,18.5,17.82,18.45,6876300.0,0.0,杭州园林
300649,2025-09-11,18.37,18.37,17.8,18.04,5981700.0,0.0,杭州园林
300649,2025-09-12,18.1,18.13,17.48,17.68,4668700.0,0.0,杭州园林
300649,2025-09-15,17.63,17.84,17.42,17.78,3605800.0,0.0,杭州园林
300649,2025-09-16,17.8,17.87,17.5,17.77,3837300.0,0.0,杭州园林
300649,2025-09-17,17.78,18.05,17.61,17.79,5008100.0,0.0,杭州园林
300649,2025-09-18,17.9,17.9,17.03,17.22,4953300.0,0.0,杭州园林
300649,2025-09-19,17.07,17.3,16.9,17.0,3727700.0,0.0,杭州园林
300649,2025-09-22,16.87,17.03,16.63,16.75,2674500.0,0.0,杭州园林
300649,2025-09-23,16.75,16.8,16.26,16.63,2968100.0,0.0,杭州园林
300649,2025-09-24,16.61,16.8,16.48,16.75,2446100.0,0.0,杭州园林
300649,2025-09-25,16.8,17.42,16.56,16.64,4140400.0,0.0,杭州园林
300649,2025-09-26,16.73,17.0,16.38,16.66,2766200.0,0.0,杭州园林
300649,2025-09-29,16.58,16.78,16.1,16.49,3477700.0,0.0,杭州园林
300649,2025-09-30,16.72,16.72,16.31,16.34,2200500.0,0.0,杭州园林
300649,2025-10-09,16.5,16.64,16.12,16.16,3009700.0,0.0,杭州园林
300649,2025-10-10,16.23,16.66,16.1,16.36,2959300.0,0.0,杭州园林
300649,2025-10-13,15.99,16.44,15.31,16.44,3131900.0,0.0,杭州园林
300649,2025-10-14,16.5,16.55,15.9,16.05,2844600.0,0.0,杭州园林
300649,2025-10-15,16.05,16.3,16.02,16.14,2135800.0,0.0,杭州园林
300649,2025-10-16,16.26,16.3,15.96,16.02,2134400.0,0.0,杭州园林
300649,2025-10-17,16.05,16.28,15.81,15.9,2189100.0,0.0,杭州园林
300649,2025-10-20,16.0,16.26,15.89,16.23,2667400.0,0.0,杭州园林
300649,2025-10-21,16.32,16.55,16.11,16.55,2291700.0,0.0,杭州园林
300649,2025-10-22,16.54,16.71,16.35,16.48,1953100.0,0.0,杭州园林
300649,2025-10-23,16.39,16.9,16.26,16.8,4170700.0,0.0,杭州园林
300649,2025-10-24,16.9,17.0,16.6,16.73,3215700.0,0.0,杭州园林
300649,2025-10-27,16.8,16.88,16.43,16.52,2631600.0,0.0,杭州园林
300649,2025-10-28,16.45,16.58,16.33,16.36,2234200.0,0.0,杭州园林
300649,2025-10-29,16.6,16.61,16.23,16.33,2538500.0,0.0,杭州园林
300649,2025-10-30,16.33,16.41,16.13,16.14,2157000.0,0.0,杭州园林
300649,2025-10-31,16.23,16.49,16.23,16.44,2934900.0,0.0,杭州园林
300649,2025-11-03,16.46,16.72,16.39,16.6,2800100.0,0.0,杭州园林
300649,2025-11-04,16.7,16.8,16.46,16.65,2067900.0,0.0,杭州园林
300649,2025-11-05,16.65,16.83,16.5,16.77,2793400.0,0.0,杭州园林
300649,2025-11-06,16.75,16.83,16.39,16.44,2456700.0,0.0,杭州园林
300649,2025-11-07,16.42,16.7,16.34,16.56,2238000.0,0.0,杭州园林
300649,2025-11-10,16.65,16.8,16.51,16.72,2000000.0,0.0,杭州园林
300649,2025-11-11,16.87,16.88,16.6,16.75,1574100.0,0.0,杭州园林
300649,2025-11-12,16.68,16.87,16.47,16.67,1558700.0,0.0,杭州园林
300649,2025-11-13,16.7,16.8,16.53,16.73,1770000.0,0.0,杭州园林
300649,2025-11-14,16.67,17.18,16.66,17.0,2932000.0,0.0,杭州园林
300649,2025-11-17,17.14,17.27,16.9,17.12,2443300.0,0.0,杭州园林
300649,2025-11-18,17.15,17.15,16.81,16.94,1979600.0,0.0,杭州园林
300649,2025-11-19,16.99,16.99,16.26,16.3,2684300.0,0.0,杭州园林
300649,2025-11-20,16.32,16.6,16.03,16.2,2384600.0,0.0,杭州园林
300649,2025-11-21,16.13,16.33,15.4,15.44,3060500.0,0.0,杭州园林
300649,2025-11-24,15.59,16.08,15.53,16.02,2825000.0,0.0,杭州园林
300649,2025-11-25,16.03,16.35,15.89,16.15,1899400.0,0.0,杭州园林
300649,2025-11-26,16.09,16.45,15.66,15.69,2544500.0,0.0,杭州园林
300649,2025-11-27,15.67,15.84,15.53,15.76,1949800.0,0.0,杭州园林
300649,2025-11-28,15.72,15.95,15.6,15.92,1998800.0,0.0,杭州园林
300649,2025-12-01,15.92,16.26,15.76,15.76,2617200.0,0.0,杭州园林
300649,2025-12-02,15.8,15.8,15.41,15.67,2151000.0,0.0,杭州园林
300649,2025-12-03,15.67,15.67,15.16,15.26,2883900.0,0.0,杭州园林
300649,2025-12-04,15.2,15.42,14.88,14.9,2252900.0,0.0,杭州园林
300649,2025-12-05,14.94,15.05,14.75,14.9,2990600.0,0.0,杭州园林
300649,2025-12-08,14.95,15.15,14.88,14.99,3017600.0,0.0,杭州园林
300649,2025-12-09,14.99,15.07,14.8,14.9,2422100.0,0.0,杭州园林
300649,2025-12-10,14.89,14.9,14.56,14.7,2483200.0,0.0,杭州园林
300649,2025-12-11,14.73,14.76,14.09,14.16,3049200.0,0.0,杭州园林
300649,2025-12-12,14.16,14.45,13.96,14.08,2780000.0,0.0,杭州园林
300649,2025-12-15,14.08,14.17,13.71,13.95,3525500.0,0.0,杭州园林
300649,2025-12-16,13.95,13.95,13.54,13.6,3296000.0,0.0,杭州园林
300649,2025-12-17,13.67,13.77,13.29,13.68,2730400.0,0.0,杭州园林
300649,2025-12-18,13.6,14.26,13.56,14.03,3831700.0,0.0,杭州园林
300649,2025-12-19,14.01,14.45,14.01,14.42,2340300.0,0.0,杭州园林
300649,2025-12-22,14.49,14.7,14.27,14.3,2700100.0,0.0,杭州园林
300649,2025-12-23,14.32,14.36,14.01,14.18,2065800.0,0.0,杭州园林
300649,2025-12-24,14.25,14.43,14.17,14.33,1767500.0,0.0,杭州园林
300649,2025-12-25,14.33,14.64,14.25,14.45,1571800.0,0.0,杭州园林
300649,2025-12-26,14.43,14.53,14.28,14.31,2049900.0,0.0,杭州园林
300649,2025-12-29,14.31,14.47,14.15,14.46,2355900.0,0.0,杭州园林
300649,2025-12-30,14.49,14.57,14.15,14.21,2460900.0,0.0,杭州园林
300649,2025-12-31,14.19,14.39,13.99,14.36,2512900.0,0.0,杭州园林
300649,2026-01-05,14.52,14.59,14.31,14.38,3068800.0,0.0,杭州园林
300649,2026-01-06,14.43,14.62,14.33,14.4,2999000.0,0.0,杭州园林
300649,2026-01-07,14.37,14.46,14.09,14.13,2614100.0,0.0,杭州园林
300649,2026-01-08,14.1,14.77,14.01,14.69,5518700.0,0.0,杭州园林
300649,2026-01-09,14.62,14.81,14.46,14.79,3366600.0,0.0,杭州园林
300649,2026-01-12,14.81,14.97,14.66,14.87,2755100.0,0.0,杭州园林
300649,2026-01-13,14.95,15.23,14.66,14.94,3749400.0,0.0,杭州园林
300649,2026-01-14,14.94,15.21,14.71,15.02,3806900.0,0.0,杭州园林
300649,2026-01-15,14.9,15.05,14.75,14.86,2216600.0,0.0,杭州园林
300649,2026-01-16,14.89,15.0,14.75,14.93,2615400.0,0.0,杭州园林
300649,2026-01-19,14.84,15.12,14.77,15.09,3564500.0,0.0,杭州园林
300649,2026-01-20,15.18,15.48,15.02,15.22,3804100.0,0.0,杭州园林
300649,2026-01-21,15.21,15.48,15.03,15.43,2623500.0,0.0,杭州园林
300649,2026-01-22,15.56,15.78,15.38,15.65,2609900.0,0.0,杭州园林
300649,2026-01-23,15.66,15.81,15.47,15.68,2272700.0,0.0,杭州园林
300649,2026-01-26,15.69,15.78,15.23,15.41,3528600.0,0.0,杭州园林
300649,2026-01-27,15.33,15.47,14.77,15.25,2982600.0,0.0,杭州园林
300649,2026-01-28,15.28,15.4,14.93,14.95,2531900.0,0.0,杭州园林
300649,2026-01-29,14.89,15.35,14.73,14.96,2737700.0,0.0,杭州园林
300649,2026-01-30,14.91,15.28,14.86,15.24,2741100.0,0.0,杭州园林
300649,2026-02-02,15.09,15.24,14.81,14.88,4992800.0,0.0,杭州园林
300649,2026-02-03,15.01,15.24,14.88,15.05,3358800.0,0.0,杭州园林
300649,2026-02-04,14.98,15.2,14.9,15.09,2396200.0,0.0,杭州园林
300649,2026-02-05,15.12,15.26,14.97,14.98,2529500.0,0.0,杭州园林
300649,2026-02-06,14.81,15.22,14.81,14.98,2923000.0,0.0,杭州园林
300649,2026-02-09,15.23,15.43,15.2,15.3,2357600.0,0.0,杭州园林
300649,2026-02-10,15.38,15.5,15.18,15.28,2188100.0,0.0,杭州园林
300649,2026-02-11,15.31,15.44,15.2,15.38,1599100.0,0.0,杭州园林
300649,2026-02-12,15.38,15.44,15.09,15.12,2076800.0,0.0,杭州园林
300649,2026-02-13,15.14,15.38,15.02,15.02,2398700.0,0.0,杭州园林
300649,2026-02-24,15.21,15.62,15.17,15.56,3280500.0,0.0,杭州园林
300649,2026-02-25,15.56,15.78,15.37,15.6,2213700.0,0.0,杭州园林
300649,2026-02-26,15.66,15.68,15.22,15.31,2477400.0,0.0,杭州园林
300649,2026-02-27,15.28,15.39,15.2,15.39,1789500.0,0.0,杭州园林
300649,2026-03-02,15.1,15.27,14.46,14.55,4071500.0,0.0,杭州园林
300649,2026-03-03,14.6,14.76,14.0,14.13,3244800.0,0.0,杭州园林
300649,2026-03-04,13.88,14.22,13.54,14.06,2885400.0,0.0,杭州园林
300649,2026-03-05,14.17,14.75,14.06,14.21,2128100.0,0.0,杭州园林
300649,2026-03-06,14.21,14.88,14.14,14.83,3190900.0,0.0,杭州园林
300649,2026-03-09,14.65,14.88,14.37,14.63,2758500.0,0.0,杭州园林
300649,2026-03-10,14.75,15.32,14.63,15.31,2935900.0,0.0,杭州园林
300649,2026-03-11,15.29,15.88,15.08,15.22,4054900.0,0.0,杭州园林
300649,2026-03-12,15.29,15.37,14.93,14.97,2504800.0,0.0,杭州园林
300649,2026-03-13,15.05,15.44,14.9,15.09,2640500.0,0.0,杭州园林
300649,2026-03-16,15.09,15.38,14.97,15.26,2506600.0,0.0,杭州园林
300649,2026-03-17,15.33,15.33,14.69,14.84,2361800.0,0.0,杭州园林
300649,2026-03-18,14.96,15.14,14.81,15.14,2092300.0,0.0,杭州园林
300649,2026-03-19,15.0,15.16,14.61,14.64,2004900.0,0.0,杭州园林
300649,2026-03-20,14.74,14.96,13.85,13.92,4301700.0,0.0,杭州园林
300649,2026-03-23,13.78,13.8,12.8,12.95,4566700.0,0.0,杭州园林
300649,2026-03-24,13.58,14.07,13.18,14.03,4958300.0,0.0,杭州园林
300649,2026-03-25,14.18,14.66,14.04,14.52,4246700.0,0.0,杭州园林
300649,2026-03-26,14.6,14.69,13.95,14.11,2843500.0,0.0,杭州园林
300649,2026-03-27,14.1,14.4,13.82,14.35,2179300.0,0.0,杭州园林
300649,2026-03-30,14.35,14.6,14.08,14.6,2358000.0,0.0,杭州园林
300649,2026-03-31,14.53,14.78,14.2,14.27,2141600.0,0.0,杭州园林
300649,2026-04-01,14.56,14.72,14.23,14.36,2453900.0,0.0,杭州园林
300649,2026-04-02,14.39,14.5,13.85,14.07,2769300.0,0.0,杭州园林
300649,2026-04-03,14.07,14.17,13.49,13.57,2996500.0,0.0,杭州园林
300649,2026-04-07,13.56,14.12,13.44,14.12,3053200.0,0.0,杭州园林
300649,2026-04-08,14.49,14.8,14.42,14.73,2674500.0,0.0,杭州园林
300649,2026-04-09,14.7,14.75,14.28,14.39,2083700.0,0.0,杭州园林
300649,2026-04-10,14.44,14.9,14.35,14.87,2686700.0,0.0,杭州园林
300649,2026-04-13,14.84,14.9,14.44,14.9,2304800.0,0.0,杭州园林
300649,2026-04-14,14.97,15.2,14.77,15.07,1772600.0,0.0,杭州园林
300649,2026-04-15,15.2,15.2,14.82,14.87,1768300.0,0.0,杭州园林
300649,2026-04-16,14.91,16.14,14.7,15.65,4585300.0,0.0,杭州园林
300649,2026-04-17,15.58,15.94,15.46,15.48,2890400.0,0.0,杭州园林
300649,2026-04-20,15.49,15.73,15.45,15.68,2102000.0,0.0,杭州园林
300649,2026-04-21,15.68,16.9,15.6,16.6,6837200.0,0.0,杭州园林
300649,2026-04-22,16.68,17.28,16.48,16.75,8114500.0,0.0,杭州园林
300649,2026-04-23,16.98,19.55,16.7,18.83,17224000.0,0.0,杭州园林
300649,2026-04-24,19.6,19.88,18.71,18.8,18778000.0,0.0,杭州园林
300649,2026-04-27,18.72,19.08,18.04,18.38,11905800.0,0.0,杭州园林
300649,2026-04-28,18.65,19.45,17.83,19.06,11553000.0,0.0,杭州园林
300649,2026-04-29,19.03,19.86,18.88,19.5,7492200.0,0.0,杭州园林
300649,2026-04-30,19.6,20.16,19.12,19.19,6170200.0,0.0,杭州园林
300649,2026-05-06,19.19,19.43,18.8,19.19,5530700.0,0.0,杭州园林
300649,2026-05-07,19.22,19.88,18.69,18.77,5432300.0,0.0,杭州园林
300649,2026-05-08,18.75,20.1,18.73,19.55,7898000.0,0.0,杭州园林
300649,2026-05-11,19.69,20.85,19.29,20.49,7270200.0,0.0,杭州园林
300649,2026-05-12,20.43,21.2,20.01,20.93,6063900.0,0.0,杭州园林
300649,2026-05-13,20.82,22.0,20.06,21.82,8153300.0,0.0,杭州园林
300649,2026-05-14,22.13,22.58,21.69,22.05,6542800.0,0.0,杭州园林
300649,2026-05-15,22.05,22.76,21.9,22.7,5805100.0,0.0,杭州园林
300649,2026-05-18,23.0,24.94,21.56,22.66,13566500.0,0.0,杭州园林
300649,2026-05-19,23.04,23.04,20.92,21.25,11599500.0,0.0,杭州园林
300649,2026-05-20,21.12,22.48,20.8,21.18,8685300.0,0.0,杭州园林
300649,2026-05-21,21.17,21.85,20.7,20.89,7104400.0,0.0,杭州园林
300649,2026-05-22,20.89,22.55,20.7,21.86,6639800.0,0.0,杭州园林
300649,2026-05-25,22.23,22.23,21.26,21.6,4764100.0,0.0,杭州园林
300649,2026-05-26,21.62,24.58,20.65,21.12,5349900.0,0.0,杭州园林
300649,2026-05-27,21.27,21.43,20.49,20.75,4250200.0,0.0,杭州园林
300649,2026-05-28,20.69,22.05,20.25,22.03,6674200.0,0.0,杭州园林
300649,2026-05-29,22.2,22.48,20.68,21.05,7924700.0,0.0,杭州园林
300649,2026-06-01,22.95,25.26,22.82,25.26,5702300.0,0.0,杭州园林
300649,2026-06-02,29.15,29.15,24.46,26.05,22041600.0,0.0,杭州园林
300649,2026-06-03,25.92,26.7,25.35,25.92,11706600.0,0.0,杭州园林
300649,2026-06-04,25.74,27.7,25.5,27.42,9752500.0,0.0,杭州园林
300649,2026-06-05,27.13,28.12,26.9,27.9,8425200.0,0.0,杭州园林
300649,2026-06-08,27.37,27.44,25.76,26.65,8730900.0,0.0,杭州园林
300649,2026-06-09,26.9,27.97,26.62,27.44,5905200.0,0.0,杭州园林
300649,2026-06-10,27.0,28.67,26.3,26.5,6099300.0,0.0,杭州园林
300649,2026-06-11,26.31,26.65,25.47,25.95,4630200.0,0.0,杭州园林
300649,2026-06-12,26.33,26.5,24.71,24.8,4715500.0,0.0,杭州园林
300649,2026-06-15,25.29,25.69,24.76,24.89,3896700.0,0.0,杭州园林
300649,2026-06-16,24.89,27.66,24.34,27.15,7471800.0,0.0,杭州园林
300649,2026-06-17,27.04,27.6,26.52,27.46,4767700.0,0.0,杭州园林
300649,2026-06-18,27.16,28.38,26.75,27.94,5487500.0,0.0,杭州园林
300649,2026-06-22,27.89,28.8,26.62,28.73,6132500.0,0.0,杭州园林
300649,2026-06-23,29.03,29.5,27.99,28.35,4791000.0,0.0,杭州园林
300649,2026-06-24,28.0,28.5,27.0,27.8,4030100.0,0.0,杭州园林
300649,2026-06-25,28.2,28.33,27.35,27.5,2961900.0,0.0,杭州园林
300649,2026-06-26,27.49,28.0,26.8,27.03,3070700.0,0.0,杭州园林
300649,2026-06-29,27.2,27.5,26.11,27.16,3852100.0,0.0,杭州园林
300649,2026-06-30,27.28,28.0,26.58,27.99,3518200.0,0.0,杭州园林
300649,2026-07-01,28.55,29.19,27.31,27.6,3194700.0,0.0,杭州园林
300649,2026-07-02,27.19,28.63,26.38,26.42,4131000.0,0.0,杭州园林
300649,2026-07-03,26.75,27.94,26.64,27.15,4506100.0,0.0,杭州园林
300649,2026-07-06,27.55,29.29,27.17,28.21,6367700.0,0.0,杭州园林
300649,2026-07-07,28.21,28.48,27.23,28.01,4734000.0,0.0,杭州园林
300649,2026-07-08,28.27,28.79,27.08,28.08,4976400.0,0.0,杭州园林
300649,2026-07-09,28.03,30.0,27.6,29.85,7586600.0,0.0,杭州园林
300649,2026-07-10,29.56,31.48,29.56,30.09,6672200.0,0.0,杭州园林
300649,2026-07-13,29.57,30.38,26.9,27.01,8376900.0,0.0,杭州园林
300649,2026-07-14,27.5,28.11,26.25,27.89,5598400.0,0.0,杭州园林
300649,2026-07-15,27.89,30.58,27.55,29.86,6579300.0,0.0,杭州园林
300649,2026-07-16,29.6,30.7,29.01,29.61,7471300.0,0.0,杭州园林
300649,2026-07-17,29.88,29.88,23.69,23.69,11506400.0,0.0,杭州园林
300649,2026-07-20,23.68,25.97,18.95,20.92,13163700.0,0.0,杭州园林
300649,2026-07-21,21.42,24.98,18.69,24.28,11432500.0,0.0,杭州园林
300649,2026-07-22,23.87,24.5,21.91,22.37,7383100.0,0.0,杭州园林
300649,2026-07-23,22.52,23.68,21.82,23.65,5039000.0,0.0,杭州园林
300649,2026-07-24,23.07,23.44,22.28,23.14,4237400.0,0.0,杭州园林
300649,2026-07-27,23.12,24.66,21.13,21.45,8745000.0,0.0,杭州园林
300649,2026-07-28,20.84,21.63,20.0,20.45,5157100.0,0.0,杭州园林
300649,2026-07-29,20.46,20.65,18.8,19.19,6408500.0,0.0,杭州园林
300649,2026-07-30,19.47,19.47,16.88,17.06,7267100.0,0.0,杭州园林
300649,2026-07-31,17.84,18.77,17.62,17.64,6552400.0,0.0,杭州园林
300649,2026-08-03,17.47,19.19,17.18,18.97,6475300.0,0.0,杭州园林
300649,2026-08-04,19.0,20.59,18.8,20.27,4942400.0,0.0,杭州园林
300649,2026-08-05,20.21,21.36,20.1,20.29,5042900.0,0.0,杭州园林
300649,2026-08-06,20.49,21.02,20.1,20.75,4108900.0,0.0,杭州园林
300649,2026-08-07,20.75,24.9,20.58,24.41,11936600.0,0.0,杭州园林
300649,2026-08-10,24.78,25.69,23.73,25.59,8539500.0,0.0,杭州园林
300649,2026-08-11,25.5,26.16,24.8,24.85,6719800.0,0.0,杭州园林
300649,2026-08-12,24.86,25.7,24.69,25.53,3533700.0,0.0,杭州园林
300649,2026-08-13,25.69,26.6,25.02,25.02,5286700.0,0.0,杭州园林
300649,2026-08-14,25.02,25.39,24.42,25.33,2983200.0,0.0,杭州园林
300649,2026-08-17,25.6,26.45,25.28,26.35,4695500.0,0.0,杭州园林
300649,2026-08-18,26.66,28.18,26.5,27.73,6156900.0,0.0,杭州园林
300649,2026-08-19,26.92,27.5,23.86,24.15,8599200.0,0.0,杭州园林
300649,2026-08-20,24.75,26.91,24.39,25.87,8564000.0,0.0,杭州园林
300649,2026-08-21,25.94,26.76,25.16,25.36,5723900.0,0.0,杭州园林
300649,2026-08-24,25.26,25.57,23.7,24.61,5566300.0,0.0,杭州园林
300649,2026-08-25,24.44,25.94,23.7,25.6,4790000.0,0.0,杭州园林
300649,2026-08-26,26.1,26.1,24.93,25.37,3299400.0,0.0,杭州园林
300649,2026-08-27,25.31,25.93,25.02,25.75,3538300.0,0.0,杭州园林
300649,2026-08-28,25.63,25.77,24.83,24.97,2791600.0,0.0,杭州园林
300649,2026-08-31,24.75,25.69,23.89,25.66,4018800.0,0.0,杭州园林
300649,2026-09-01,25.5,27.18,25.12,27.04,5384100.0,0.0,杭州园林
300649,2026-09-02,26.89,28.28,26.33,27.08,6443400.0,0.0,杭州园林
300649,2026-09-03,27.08,29.49,26.9,29.25,7995400.0,0.0,杭州园林
300649,2026-09-04,29.31,29.84,28.27,28.67,6714100.0,0.0,杭州园林
