code,date,open,high,low,close,volume,amount,name
601933,2023-05-23,3.28,3.29,3.25,3.25,30880300.0,0.0,永辉超市
601933,2023-05-24,3.25,3.25,3.17,3.18,40367200.0,0.0,永辉超市
601933,2023-05-25,3.18,3.18,3.15,3.18,24367000.0,0.0,永辉超市
601933,2023-05-26,3.17,3.21,3.16,3.2,18014200.0,0.0,永辉超市
601933,2023-05-29,3.2,3.21,3.17,3.17,22032500.0,0.0,永辉超市
601933,2023-05-30,3.17,3.2,3.15,3.2,23828500.0,0.0,永辉超市
601933,2023-05-31,3.19,3.25,3.17,3.21,61340300.0,0.0,永辉超市
601933,2023-06-01,3.21,3.22,3.18,3.2,21368300.0,0.0,永辉超市
601933,2023-06-02,3.2,3.24,3.2,3.22,22055000.0,0.0,永辉超市
601933,2023-06-05,3.22,3.25,3.21,3.24,16248500.0,0.0,永辉超市
601933,2023-06-06,3.23,3.25,3.19,3.2,20121600.0,0.0,永辉超市
601933,2023-06-07,3.2,3.29,3.18,3.25,31879200.0,0.0,永辉超市
601933,2023-06-08,3.26,3.27,3.23,3.25,18504900.0,0.0,永辉超市
601933,2023-06-09,3.25,3.27,3.21,3.22,17364500.0,0.0,永辉超市
601933,2023-06-12,3.21,3.23,3.19,3.21,15057100.0,0.0,永辉超市
601933,2023-06-13,3.2,3.23,3.2,3.22,12353700.0,0.0,永辉超市
601933,2023-06-14,3.22,3.28,3.2,3.26,32650100.0,0.0,永辉超市
601933,2023-06-15,3.24,3.28,3.23,3.26,22893400.0,0.0,永辉超市
601933,2023-06-16,3.25,3.27,3.24,3.25,17185100.0,0.0,永辉超市
601933,2023-06-19,3.25,3.25,3.18,3.19,25692800.0,0.0,永辉超市
601933,2023-06-20,3.18,3.19,3.16,3.17,25248900.0,0.0,永辉超市
601933,2023-06-21,3.16,3.18,3.13,3.13,27534800.0,0.0,永辉超市
601933,2023-06-26,3.12,3.12,3.08,3.08,27297100.0,0.0,永辉超市
601933,2023-06-27,3.08,3.13,3.08,3.12,12845600.0,0.0,永辉超市
601933,2023-06-28,3.12,3.13,3.09,3.12,15443500.0,0.0,永辉超市
601933,2023-06-29,3.12,3.14,3.11,3.13,13731300.0,0.0,永辉超市
601933,2023-06-30,3.13,3.14,3.12,3.13,18921400.0,0.0,永辉超市
601933,2023-07-03,3.12,3.17,3.12,3.16,23340900.0,0.0,永辉超市
601933,2023-07-04,3.15,3.17,3.14,3.16,16505500.0,0.0,永辉超市
601933,2023-07-05,3.16,3.16,3.12,3.13,16272300.0,0.0,永辉超市
601933,2023-07-06,3.13,3.14,3.11,3.12,14734200.0,0.0,永辉超市
601933,2023-07-07,3.11,3.15,3.11,3.14,15009300.0,0.0,永辉超市
601933,2023-07-10,3.14,3.18,3.13,3.17,20949400.0,0.0,永辉超市
601933,2023-07-11,3.16,3.2,3.16,3.19,18808000.0,0.0,永辉超市
601933,2023-07-12,3.19,3.21,3.17,3.18,22131000.0,0.0,永辉超市
601933,2023-07-13,3.18,3.22,3.18,3.2,19449000.0,0.0,永辉超市
601933,2023-07-14,3.2,3.21,3.17,3.19,14752000.0,0.0,永辉超市
601933,2023-07-17,3.19,3.25,3.19,3.22,27587400.0,0.0,永辉超市
601933,2023-07-18,3.22,3.23,3.18,3.21,22604800.0,0.0,永辉超市
601933,2023-07-19,3.19,3.28,3.19,3.25,32551700.0,0.0,永辉超市
601933,2023-07-20,3.26,3.33,3.25,3.29,59965400.0,0.0,永辉超市
601933,2023-07-21,3.3,3.37,3.29,3.33,56981500.0,0.0,永辉超市
601933,2023-07-24,3.3,3.39,3.27,3.37,57257500.0,0.0,永辉超市
601933,2023-07-25,3.39,3.4,3.33,3.35,45912800.0,0.0,永辉超市
601933,2023-07-26,3.34,3.4,3.33,3.4,51061100.0,0.0,永辉超市
601933,2023-07-27,3.38,3.4,3.36,3.38,34075900.0,0.0,永辉超市
601933,2023-07-28,3.37,3.43,3.36,3.43,46799800.0,0.0,永辉超市
601933,2023-07-31,3.43,3.52,3.41,3.5,75342200.0,0.0,永辉超市
601933,2023-08-01,3.49,3.8,3.48,3.63,251525500.0,0.0,永辉超市
601933,2023-08-02,3.54,3.99,3.5,3.99,605130500.0,0.0,永辉超市
601933,2023-08-03,3.82,3.85,3.66,3.72,471589000.0,0.0,永辉超市
601933,2023-08-04,3.66,3.75,3.58,3.61,302958000.0,0.0,永辉超市
601933,2023-08-07,3.6,3.64,3.54,3.56,156098100.0,0.0,永辉超市
601933,2023-08-08,3.54,3.56,3.47,3.48,146161500.0,0.0,永辉超市
601933,2023-08-09,3.48,3.51,3.47,3.48,75337000.0,0.0,永辉超市
601933,2023-08-10,3.48,3.57,3.45,3.5,118865200.0,0.0,永辉超市
601933,2023-08-11,3.49,3.5,3.41,3.42,97390400.0,0.0,永辉超市
601933,2023-08-14,3.4,3.45,3.38,3.44,57158500.0,0.0,永辉超市
601933,2023-08-15,3.45,3.51,3.43,3.45,77272300.0,0.0,永辉超市
601933,2023-08-16,3.43,3.47,3.39,3.43,60473900.0,0.0,永辉超市
601933,2023-08-17,3.42,3.46,3.4,3.44,52734300.0,0.0,永辉超市
601933,2023-08-18,3.44,3.45,3.35,3.36,75366100.0,0.0,永辉超市
601933,2023-08-21,3.35,3.39,3.33,3.33,39968400.0,0.0,永辉超市
601933,2023-08-22,3.35,3.36,3.29,3.36,66889500.0,0.0,永辉超市
601933,2023-08-23,3.35,3.37,3.32,3.32,33207500.0,0.0,永辉超市
601933,2023-08-24,3.34,3.35,3.3,3.33,33065300.0,0.0,永辉超市
601933,2023-08-25,3.33,3.35,3.27,3.29,46282700.0,0.0,永辉超市
601933,2023-08-28,3.44,3.44,3.3,3.3,70605300.0,0.0,永辉超市
601933,2023-08-29,3.29,3.32,3.26,3.32,64395300.0,0.0,永辉超市
601933,2023-08-30,3.31,3.32,3.26,3.27,54305900.0,0.0,永辉超市
601933,2023-08-31,3.28,3.29,3.22,3.22,49258500.0,0.0,永辉超市
601933,2023-09-01,3.24,3.33,3.23,3.28,63609600.0,0.0,永辉超市
601933,2023-09-04,3.27,3.31,3.25,3.31,60925200.0,0.0,永辉超市
601933,2023-09-05,3.3,3.3,3.26,3.27,33774200.0,0.0,永辉超市
601933,2023-09-06,3.26,3.27,3.24,3.26,34053800.0,0.0,永辉超市
601933,2023-09-07,3.25,3.28,3.22,3.22,33146300.0,0.0,永辉超市
601933,2023-09-08,3.21,3.24,3.2,3.22,28427200.0,0.0,永辉超市
601933,2023-09-11,3.22,3.27,3.21,3.26,35363500.0,0.0,永辉超市
601933,2023-09-12,3.27,3.32,3.25,3.28,38386000.0,0.0,永辉超市
601933,2023-09-13,3.3,3.31,3.26,3.27,36645300.0,0.0,永辉超市
601933,2023-09-14,3.26,3.26,3.24,3.25,23848500.0,0.0,永辉超市
601933,2023-09-15,3.27,3.31,3.25,3.31,44862200.0,0.0,永辉超市
601933,2023-09-18,3.29,3.32,3.28,3.3,35442000.0,0.0,永辉超市
601933,2023-09-19,3.29,3.3,3.27,3.28,24682100.0,0.0,永辉超市
601933,2023-09-20,3.28,3.28,3.23,3.24,23104500.0,0.0,永辉超市
601933,2023-09-21,3.24,3.25,3.21,3.21,21222200.0,0.0,永辉超市
601933,2023-09-22,3.21,3.25,3.2,3.25,17488100.0,0.0,永辉超市
601933,2023-09-25,3.24,3.26,3.22,3.23,17525100.0,0.0,永辉超市
601933,2023-09-26,3.22,3.24,3.21,3.21,15544500.0,0.0,永辉超市
601933,2023-09-27,3.22,3.22,3.2,3.2,21798400.0,0.0,永辉超市
601933,2023-09-28,3.21,3.22,3.18,3.21,21935100.0,0.0,永辉超市
601933,2023-10-09,3.21,3.21,3.14,3.15,38059800.0,0.0,永辉超市
601933,2023-10-10,3.15,3.18,3.14,3.15,22024300.0,0.0,永辉超市
601933,2023-10-11,3.15,3.17,3.13,3.13,26372100.0,0.0,永辉超市
601933,2023-10-12,3.15,3.2,3.14,3.16,30997700.0,0.0,永辉超市
601933,2023-10-13,3.15,3.16,3.1,3.11,34717500.0,0.0,永辉超市
601933,2023-10-16,3.11,3.11,3.08,3.09,23497900.0,0.0,永辉超市
601933,2023-10-17,3.1,3.13,3.09,3.11,18965400.0,0.0,永辉超市
601933,2023-10-18,3.1,3.11,3.07,3.07,21050200.0,0.0,永辉超市
601933,2023-10-19,3.06,3.08,3.03,3.03,25888600.0,0.0,永辉超市
601933,2023-10-20,3.02,3.07,3.02,3.05,25946600.0,0.0,永辉超市
601933,2023-10-23,3.04,3.05,2.98,2.99,29298200.0,0.0,永辉超市
601933,2023-10-24,3.0,3.04,2.98,3.03,24371100.0,0.0,永辉超市
601933,2023-10-25,3.05,3.09,3.04,3.07,22690300.0,0.0,永辉超市
601933,2023-10-26,3.06,3.09,3.05,3.09,17005900.0,0.0,永辉超市
601933,2023-10-27,3.08,3.14,3.07,3.13,24130000.0,0.0,永辉超市
601933,2023-10-30,3.11,3.13,3.1,3.11,26036400.0,0.0,永辉超市
601933,2023-10-31,3.11,3.12,3.07,3.08,27680400.0,0.0,永辉超市
601933,2023-11-01,3.09,3.11,3.08,3.09,23289200.0,0.0,永辉超市
601933,2023-11-02,3.09,3.1,3.05,3.05,25339500.0,0.0,永辉超市
601933,2023-11-03,3.05,3.08,3.05,3.06,26607300.0,0.0,永辉超市
601933,2023-11-06,3.06,3.1,3.06,3.09,37387400.0,0.0,永辉超市
601933,2023-11-07,3.09,3.09,3.05,3.06,37404400.0,0.0,永辉超市
601933,2023-11-08,3.06,3.07,3.03,3.05,36155200.0,0.0,永辉超市
601933,2023-11-09,3.04,3.05,3.02,3.03,33281900.0,0.0,永辉超市
601933,2023-11-10,3.03,3.03,2.99,3.02,37138100.0,0.0,永辉超市
601933,2023-11-13,3.03,3.03,3.0,3.03,33045800.0,0.0,永辉超市
601933,2023-11-14,3.02,3.04,3.02,3.03,29815100.0,0.0,永辉超市
601933,2023-11-15,3.04,3.05,3.02,3.03,32900800.0,0.0,永辉超市
601933,2023-11-16,3.02,3.03,3.0,3.01,26177200.0,0.0,永辉超市
601933,2023-11-17,3.01,3.03,3.0,3.02,25636200.0,0.0,永辉超市
601933,2023-11-20,3.02,3.06,3.01,3.05,35530600.0,0.0,永辉超市
601933,2023-11-21,3.05,3.1,3.04,3.07,57475600.0,0.0,永辉超市
601933,2023-11-22,3.07,3.11,3.06,3.09,51948300.0,0.0,永辉超市
601933,2023-11-23,3.09,3.1,3.06,3.07,26880600.0,0.0,永辉超市
601933,2023-11-24,3.07,3.11,3.07,3.11,51207200.0,0.0,永辉超市
601933,2023-11-27,3.09,3.1,3.04,3.09,52863400.0,0.0,永辉超市
601933,2023-11-28,3.09,3.14,3.06,3.09,59797700.0,0.0,永辉超市
601933,2023-11-29,3.08,3.09,3.02,3.02,51500000.0,0.0,永辉超市
601933,2023-11-30,3.03,3.07,3.02,3.05,36986000.0,0.0,永辉超市
601933,2023-12-01,3.05,3.13,3.04,3.07,47628700.0,0.0,永辉超市
601933,2023-12-04,3.06,3.06,3.03,3.03,29542900.0,0.0,永辉超市
601933,2023-12-05,3.03,3.05,3.0,3.0,37578700.0,0.0,永辉超市
601933,2023-12-06,2.99,3.03,2.99,3.01,35657700.0,0.0,永辉超市
601933,2023-12-07,3.01,3.02,2.98,3.0,40638500.0,0.0,永辉超市
601933,2023-12-08,3.0,3.01,2.93,2.96,105250900.0,0.0,永辉超市
601933,2023-12-11,2.94,2.97,2.89,2.97,63929200.0,0.0,永辉超市
601933,2023-12-12,2.96,3.0,2.95,2.98,39534900.0,0.0,永辉超市
601933,2023-12-13,2.99,3.0,2.92,2.92,41108300.0,0.0,永辉超市
601933,2023-12-14,2.99,3.03,2.94,2.96,69172000.0,0.0,永辉超市
601933,2023-12-15,2.95,2.97,2.93,2.95,39017600.0,0.0,永辉超市
601933,2023-12-18,2.94,2.94,2.91,2.92,28039100.0,0.0,永辉超市
601933,2023-12-19,2.91,2.93,2.9,2.93,26428200.0,0.0,永辉超市
601933,2023-12-20,2.92,2.93,2.88,2.93,32472800.0,0.0,永辉超市
601933,2023-12-21,2.91,2.92,2.87,2.9,36980500.0,0.0,永辉超市
601933,2023-12-22,2.89,2.9,2.86,2.87,33234300.0,0.0,永辉超市
601933,2023-12-25,2.86,2.87,2.83,2.83,29867100.0,0.0,永辉超市
601933,2023-12-26,2.83,2.84,2.79,2.8,25248600.0,0.0,永辉超市
601933,2023-12-27,2.8,2.83,2.74,2.81,39511500.0,0.0,永辉超市
601933,2023-12-28,2.81,2.85,2.78,2.83,43547400.0,0.0,永辉超市
601933,2023-12-29,2.82,2.84,2.81,2.82,37142200.0,0.0,永辉超市
601933,2024-01-02,2.82,2.83,2.81,2.81,20693600.0,0.0,永辉超市
601933,2024-01-03,2.81,2.82,2.79,2.8,20356600.0,0.0,永辉超市
601933,2024-01-04,2.8,2.81,2.76,2.78,28359800.0,0.0,永辉超市
601933,2024-01-05,2.78,2.79,2.74,2.76,28879600.0,0.0,永辉超市
601933,2024-01-08,2.75,2.76,2.71,2.71,28157500.0,0.0,永辉超市
601933,2024-01-09,2.7,2.75,2.7,2.72,28182500.0,0.0,永辉超市
601933,2024-01-10,2.72,2.78,2.68,2.76,39385300.0,0.0,永辉超市
601933,2024-01-11,2.76,2.78,2.72,2.76,33576700.0,0.0,永辉超市
601933,2024-01-12,2.76,2.79,2.75,2.75,27544500.0,0.0,永辉超市
601933,2024-01-15,2.74,2.79,2.72,2.76,23867500.0,0.0,永辉超市
601933,2024-01-16,2.76,2.76,2.71,2.74,26520700.0,0.0,永辉超市
601933,2024-01-17,2.73,2.74,2.68,2.69,27969200.0,0.0,永辉超市
601933,2024-01-18,2.68,2.68,2.59,2.65,48162000.0,0.0,永辉超市
601933,2024-01-19,2.65,2.7,2.63,2.65,29439900.0,0.0,永辉超市
601933,2024-01-22,2.65,2.65,2.52,2.54,38622500.0,0.0,永辉超市
601933,2024-01-23,2.54,2.57,2.5,2.55,29363100.0,0.0,永辉超市
601933,2024-01-24,2.55,2.61,2.52,2.61,43291700.0,0.0,永辉超市
601933,2024-01-25,2.61,2.68,2.59,2.67,39086200.0,0.0,永辉超市
601933,2024-01-26,2.67,2.69,2.65,2.67,28759300.0,0.0,永辉超市
601933,2024-01-29,2.69,2.69,2.62,2.62,28464900.0,0.0,永辉超市
601933,2024-01-30,2.6,2.65,2.59,2.59,29036700.0,0.0,永辉超市
601933,2024-01-31,2.55,2.56,2.45,2.45,58578400.0,0.0,永辉超市
601933,2024-02-01,2.43,2.47,2.39,2.41,38429100.0,0.0,永辉超市
601933,2024-02-02,2.43,2.48,2.3,2.37,54933100.0,0.0,永辉超市
601933,2024-02-05,2.36,2.37,2.21,2.29,76685900.0,0.0,永辉超市
601933,2024-02-06,2.28,2.47,2.25,2.45,72948600.0,0.0,永辉超市
601933,2024-02-07,2.46,2.61,2.43,2.6,100688700.0,0.0,永辉超市
601933,2024-02-08,2.61,2.75,2.6,2.66,88519800.0,0.0,永辉超市
601933,2024-02-19,2.7,2.72,2.56,2.58,67645200.0,0.0,永辉超市
601933,2024-02-20,2.58,2.58,2.52,2.55,39860300.0,0.0,永辉超市
601933,2024-02-21,2.54,2.63,2.52,2.56,48322900.0,0.0,永辉超市
601933,2024-02-22,2.55,2.59,2.53,2.56,36220800.0,0.0,永辉超市
601933,2024-02-23,2.56,2.58,2.52,2.56,44356100.0,0.0,永辉超市
601933,2024-02-26,2.55,2.62,2.54,2.59,52198700.0,0.0,永辉超市
601933,2024-02-27,2.59,2.65,2.58,2.65,47476800.0,0.0,永辉超市
601933,2024-02-28,2.63,2.69,2.58,2.58,62177300.0,0.0,永辉超市
601933,2024-02-29,2.58,2.64,2.57,2.64,43591000.0,0.0,永辉超市
601933,2024-03-01,2.63,2.64,2.6,2.61,31237300.0,0.0,永辉超市
601933,2024-03-04,2.62,2.62,2.57,2.59,27553200.0,0.0,永辉超市
601933,2024-03-05,2.59,2.6,2.52,2.53,53886000.0,0.0,永辉超市
601933,2024-03-06,2.53,2.55,2.5,2.52,34887500.0,0.0,永辉超市
601933,2024-03-07,2.53,2.56,2.51,2.51,29708900.0,0.0,永辉超市
601933,2024-03-08,2.51,2.53,2.47,2.49,34147800.0,0.0,永辉超市
601933,2024-03-11,2.49,2.57,2.48,2.57,45616500.0,0.0,永辉超市
601933,2024-03-12,2.57,2.6,2.55,2.6,35358400.0,0.0,永辉超市
601933,2024-03-13,2.6,2.6,2.55,2.56,30824600.0,0.0,永辉超市
601933,2024-03-14,2.57,2.59,2.53,2.54,33902900.0,0.0,永辉超市
601933,2024-03-15,2.54,2.6,2.52,2.59,42720300.0,0.0,永辉超市
601933,2024-03-18,2.59,2.6,2.55,2.58,40169500.0,0.0,永辉超市
601933,2024-03-19,2.57,2.58,2.54,2.54,29081200.0,0.0,永辉超市
601933,2024-03-20,2.53,2.55,2.53,2.55,25049500.0,0.0,永辉超市
601933,2024-03-21,2.51,2.53,2.43,2.43,108322300.0,0.0,永辉超市
601933,2024-03-22,2.42,2.43,2.34,2.35,87710700.0,0.0,永辉超市
601933,2024-03-25,2.34,2.36,2.32,2.32,53278000.0,0.0,永辉超市
601933,2024-03-26,2.32,2.35,2.29,2.31,42050700.0,0.0,永辉超市
601933,2024-03-27,2.31,2.32,2.27,2.27,39150700.0,0.0,永辉超市
601933,2024-03-28,2.27,2.3,2.26,2.29,34265900.0,0.0,永辉超市
601933,2024-03-29,2.29,2.3,2.25,2.28,37853100.0,0.0,永辉超市
601933,2024-04-01,2.28,2.34,2.27,2.34,43393900.0,0.0,永辉超市
601933,2024-04-02,2.34,2.34,2.3,2.31,31368500.0,0.0,永辉超市
601933,2024-04-03,2.31,2.32,2.28,2.3,40520200.0,0.0,永辉超市
601933,2024-04-08,2.29,2.3,2.24,2.25,42603400.0,0.0,永辉超市
601933,2024-04-09,2.25,2.29,2.24,2.29,32217700.0,0.0,永辉超市
601933,2024-04-10,2.28,2.29,2.24,2.25,33524400.0,0.0,永辉超市
601933,2024-04-11,2.25,2.27,2.23,2.24,29587200.0,0.0,永辉超市
601933,2024-04-12,2.24,2.26,2.19,2.19,54534100.0,0.0,永辉超市
601933,2024-04-15,2.18,2.21,2.12,2.16,58203400.0,0.0,永辉超市
601933,2024-04-16,2.14,2.17,2.08,2.09,58742900.0,0.0,永辉超市
601933,2024-04-17,2.09,2.19,2.09,2.19,65086500.0,0.0,永辉超市
601933,2024-04-18,2.18,2.22,2.16,2.17,39565300.0,0.0,永辉超市
601933,2024-04-19,2.18,2.2,2.16,2.17,30811900.0,0.0,永辉超市
601933,2024-04-22,2.17,2.19,2.13,2.18,33864500.0,0.0,永辉超市
601933,2024-04-23,2.18,2.21,2.18,2.19,27612300.0,0.0,永辉超市
601933,2024-04-24,2.19,2.2,2.16,2.19,26830000.0,0.0,永辉超市
601933,2024-04-25,2.19,2.25,2.17,2.23,46828000.0,0.0,永辉超市
601933,2024-04-26,2.23,2.28,2.22,2.28,53687100.0,0.0,永辉超市
601933,2024-04-29,2.29,2.42,2.29,2.42,109267300.0,0.0,永辉超市
601933,2024-04-30,2.42,2.44,2.38,2.43,72479400.0,0.0,永辉超市
601933,2024-05-06,2.45,2.49,2.41,2.42,66026400.0,0.0,永辉超市
601933,2024-05-07,2.43,2.43,2.36,2.38,47103500.0,0.0,永辉超市
601933,2024-05-08,2.5,2.62,2.46,2.62,302285000.0,0.0,永辉超市
601933,2024-05-09,2.63,2.66,2.54,2.55,283450900.0,0.0,永辉超市
601933,2024-05-10,2.52,2.73,2.49,2.56,295904500.0,0.0,永辉超市
601933,2024-05-13,2.51,2.55,2.45,2.47,179353300.0,0.0,永辉超市
601933,2024-05-14,2.45,2.49,2.43,2.43,105861600.0,0.0,永辉超市
601933,2024-05-15,2.43,2.45,2.38,2.4,75437400.0,0.0,永辉超市
601933,2024-05-16,2.39,2.46,2.38,2.41,107427100.0,0.0,永辉超市
601933,2024-05-17,2.41,2.48,2.39,2.45,88822500.0,0.0,永辉超市
601933,2024-05-20,2.46,2.46,2.41,2.42,78264900.0,0.0,永辉超市
601933,2024-05-21,2.41,2.43,2.4,2.41,59941800.0,0.0,永辉超市
601933,2024-05-22,2.42,2.49,2.41,2.45,85820300.0,0.0,永辉超市
601933,2024-05-23,2.45,2.46,2.38,2.39,78105600.0,0.0,永辉超市
601933,2024-05-24,2.38,2.4,2.37,2.37,44992500.0,0.0,永辉超市
601933,2024-05-27,2.38,2.39,2.32,2.35,61601800.0,0.0,永辉超市
601933,2024-05-28,2.36,2.54,2.33,2.45,150959600.0,0.0,永辉超市
601933,2024-05-29,2.42,2.45,2.38,2.39,86010300.0,0.0,永辉超市
601933,2024-05-30,2.38,2.41,2.36,2.4,48335100.0,0.0,永辉超市
601933,2024-05-31,2.42,2.64,2.42,2.63,374029300.0,0.0,永辉超市
601933,2024-06-03,2.63,2.89,2.59,2.89,478730400.0,0.0,永辉超市
601933,2024-06-04,2.9,2.93,2.68,2.72,449512500.0,0.0,永辉超市
601933,2024-06-05,2.72,2.79,2.61,2.63,263288500.0,0.0,永辉超市
601933,2024-06-06,2.64,2.65,2.51,2.52,190404700.0,0.0,永辉超市
601933,2024-06-07,2.55,2.63,2.53,2.56,137476600.0,0.0,永辉超市
601933,2024-06-11,2.56,2.74,2.54,2.68,215792000.0,0.0,永辉超市
601933,2024-06-12,2.67,2.71,2.61,2.67,119165900.0,0.0,永辉超市
601933,2024-06-13,2.66,2.73,2.63,2.68,123776200.0,0.0,永辉超市
601933,2024-06-14,2.67,2.82,2.65,2.8,190672700.0,0.0,永辉超市
601933,2024-06-17,2.7,2.75,2.65,2.72,166953100.0,0.0,永辉超市
601933,2024-06-18,2.72,2.87,2.71,2.82,168223500.0,0.0,永辉超市
601933,2024-06-19,2.86,3.07,2.74,2.89,333329000.0,0.0,永辉超市
601933,2024-06-20,2.95,2.98,2.75,2.76,260820000.0,0.0,永辉超市
601933,2024-06-21,2.77,2.87,2.68,2.75,205922500.0,0.0,永辉超市
601933,2024-06-24,2.7,2.71,2.6,2.61,159101300.0,0.0,永辉超市
601933,2024-06-25,2.61,2.71,2.6,2.68,153058900.0,0.0,永辉超市
601933,2024-06-26,2.65,2.67,2.55,2.62,136330400.0,0.0,永辉超市
601933,2024-06-27,2.6,2.61,2.47,2.48,166279900.0,0.0,永辉超市
601933,2024-06-28,2.48,2.55,2.45,2.48,106852600.0,0.0,永辉超市
601933,2024-07-01,2.49,2.49,2.35,2.39,144739900.0,0.0,永辉超市
601933,2024-07-02,2.39,2.42,2.33,2.37,95207700.0,0.0,永辉超市
601933,2024-07-03,2.35,2.48,2.33,2.38,134441700.0,0.0,永辉超市
601933,2024-07-04,2.35,2.37,2.3,2.3,117025000.0,0.0,永辉超市
601933,2024-07-05,2.29,2.33,2.25,2.26,107991400.0,0.0,永辉超市
601933,2024-07-08,2.25,2.25,2.16,2.18,110956800.0,0.0,永辉超市
601933,2024-07-09,2.18,2.19,2.11,2.18,96802800.0,0.0,永辉超市
601933,2024-07-10,2.16,2.21,2.13,2.14,86738000.0,0.0,永辉超市
601933,2024-07-11,2.19,2.21,2.16,2.19,113472800.0,0.0,永辉超市
601933,2024-07-12,2.2,2.23,2.17,2.18,102781700.0,0.0,永辉超市
601933,2024-07-15,2.16,2.16,2.12,2.14,68293900.0,0.0,永辉超市
601933,2024-07-16,2.12,2.15,2.11,2.14,44190300.0,0.0,永辉超市
601933,2024-07-17,2.15,2.25,2.15,2.23,130025300.0,0.0,永辉超市
601933,2024-07-18,2.22,2.4,2.19,2.35,212868400.0,0.0,永辉超市
601933,2024-07-19,2.32,2.32,2.25,2.26,120962100.0,0.0,永辉超市
601933,2024-07-22,2.25,2.28,2.21,2.25,79814800.0,0.0,永辉超市
601933,2024-07-23,2.25,2.31,2.23,2.23,85734100.0,0.0,永辉超市
601933,2024-07-24,2.21,2.23,2.15,2.16,86733500.0,0.0,永辉超市
601933,2024-07-25,2.13,2.19,2.12,2.17,63813600.0,0.0,永辉超市
601933,2024-07-26,2.16,2.2,2.15,2.18,60644600.0,0.0,永辉超市
601933,2024-07-29,2.19,2.21,2.15,2.17,59320700.0,0.0,永辉超市
601933,2024-07-30,2.16,2.2,2.15,2.19,61220200.0,0.0,永辉超市
601933,2024-07-31,2.18,2.27,2.18,2.26,106017800.0,0.0,永辉超市
601933,2024-08-01,2.26,2.27,2.22,2.22,74132300.0,0.0,永辉超市
601933,2024-08-02,2.21,2.24,2.2,2.23,54205400.0,0.0,永辉超市
601933,2024-08-05,2.22,2.27,2.2,2.2,82021300.0,0.0,永辉超市
601933,2024-08-06,2.22,2.3,2.21,2.28,115427500.0,0.0,永辉超市
601933,2024-08-07,2.3,2.51,2.22,2.51,346660600.0,0.0,永辉超市
601933,2024-08-08,2.6,2.76,2.59,2.76,393015600.0,0.0,永辉超市
601933,2024-08-09,2.77,2.88,2.61,2.7,627888300.0,0.0,永辉超市
601933,2024-08-12,2.68,2.72,2.43,2.43,453795100.0,0.0,永辉超市
601933,2024-08-13,2.4,2.46,2.33,2.37,268452500.0,0.0,永辉超市
601933,2024-08-14,2.36,2.42,2.32,2.35,223728900.0,0.0,永辉超市
601933,2024-08-15,2.33,2.39,2.31,2.37,170608800.0,0.0,永辉超市
601933,2024-08-16,2.37,2.37,2.25,2.26,227677700.0,0.0,永辉超市
601933,2024-08-19,2.25,2.31,2.23,2.28,132674800.0,0.0,永辉超市
601933,2024-08-20,2.28,2.3,2.24,2.25,92954900.0,0.0,永辉超市
601933,2024-08-21,2.24,2.27,2.22,2.26,94745400.0,0.0,永辉超市
601933,2024-08-22,2.25,2.26,2.19,2.2,96243500.0,0.0,永辉超市
601933,2024-08-23,2.2,2.24,2.19,2.23,68529300.0,0.0,永辉超市
601933,2024-08-26,2.2,2.24,2.15,2.22,91296000.0,0.0,永辉超市
601933,2024-08-27,2.2,2.22,2.16,2.16,79426500.0,0.0,永辉超市
601933,2024-08-28,2.18,2.26,2.16,2.21,123369500.0,0.0,永辉超市
601933,2024-08-29,2.19,2.27,2.16,2.25,109169400.0,0.0,永辉超市
601933,2024-08-30,2.24,2.45,2.23,2.34,254548000.0,0.0,永辉超市
601933,2024-09-02,2.35,2.37,2.25,2.26,131655900.0,0.0,永辉超市
601933,2024-09-03,2.26,2.3,2.22,2.25,106918000.0,0.0,永辉超市
601933,2024-09-04,2.23,2.26,2.22,2.25,69401500.0,0.0,永辉超市
601933,2024-09-05,2.24,2.32,2.23,2.3,97900300.0,0.0,永辉超市
601933,2024-09-06,2.28,2.34,2.27,2.28,105404200.0,0.0,永辉超市
601933,2024-09-09,2.27,2.39,2.26,2.32,118554700.0,0.0,永辉超市
601933,2024-09-10,2.32,2.32,2.23,2.27,96078000.0,0.0,永辉超市
601933,2024-09-11,2.26,2.27,2.24,2.26,48813100.0,0.0,永辉超市
601933,2024-09-12,2.27,2.3,2.25,2.26,55886700.0,0.0,永辉超市
601933,2024-09-13,2.25,2.28,2.24,2.25,48962100.0,0.0,永辉超市
601933,2024-09-18,2.25,2.26,2.2,2.23,61241200.0,0.0,永辉超市
601933,2024-09-19,2.25,2.33,2.24,2.3,123068700.0,0.0,永辉超市
601933,2024-09-20,2.29,2.31,2.26,2.28,75383100.0,0.0,永辉超市
601933,2024-09-23,2.27,2.28,2.25,2.25,56647700.0,0.0,永辉超市
601933,2024-09-24,2.48,2.48,2.48,2.48,38225500.0,0.0,永辉超市
601933,2024-09-25,2.73,2.73,2.73,2.73,30713700.0,0.0,永辉超市
601933,2024-09-26,3.0,3.0,2.81,3.0,854335100.0,0.0,永辉超市
601933,2024-09-27,3.3,3.3,3.3,3.3,67364900.0,0.0,永辉超市
601933,2024-09-30,3.63,3.63,3.63,3.63,44250000.0,0.0,永辉超市
601933,2024-10-08,3.99,3.99,3.7,3.99,533485300.0,0.0,永辉超市
601933,2024-10-09,3.9,3.9,3.59,3.59,781767300.0,0.0,永辉超市
601933,2024-10-10,3.42,3.47,3.23,3.23,490423600.0,0.0,永辉超市
601933,2024-10-11,3.05,3.11,2.91,2.91,414540700.0,0.0,永辉超市
601933,2024-10-14,2.85,3.04,2.83,2.99,393966000.0,0.0,永辉超市
601933,2024-10-15,2.95,3.2,2.92,3.11,494716200.0,0.0,永辉超市
601933,2024-10-16,3.01,3.08,2.97,2.99,293311300.0,0.0,永辉超市
601933,2024-10-17,3.0,3.06,2.91,2.91,257143100.0,0.0,永辉超市
601933,2024-10-18,2.9,3.1,2.88,3.03,381489200.0,0.0,永辉超市
601933,2024-10-21,3.05,3.18,3.02,3.1,305675800.0,0.0,永辉超市
601933,2024-10-22,3.13,3.41,3.09,3.41,434081800.0,0.0,永辉超市
601933,2024-10-23,3.47,3.75,3.41,3.69,815913000.0,0.0,永辉超市
601933,2024-10-24,3.7,4.03,3.55,3.77,632571700.0,0.0,永辉超市
601933,2024-10-25,3.73,3.93,3.68,3.8,429913700.0,0.0,永辉超市
601933,2024-10-28,3.88,4.18,3.88,4.18,312224400.0,0.0,永辉超市
601933,2024-10-29,4.27,4.6,4.2,4.6,777256300.0,0.0,永辉超市
601933,2024-10-30,4.7,5.03,4.53,4.91,882834100.0,0.0,永辉超市
601933,2024-10-31,4.75,4.91,4.48,4.61,739448600.0,0.0,永辉超市
601933,2024-11-01,4.47,5.07,4.25,5.07,922512600.0,0.0,永辉超市
601933,2024-11-04,5.23,5.35,4.6,5.08,915870100.0,0.0,永辉超市
601933,2024-11-05,4.8,5.28,4.78,4.96,749612600.0,0.0,永辉超市
601933,2024-11-06,4.86,4.99,4.71,4.73,625400400.0,0.0,永辉超市
601933,2024-11-07,4.7,5.2,4.68,5.2,896219600.0,0.0,永辉超市
601933,2024-11-08,5.2,5.46,4.9,5.14,922808700.0,0.0,永辉超市
601933,2024-11-11,4.89,5.12,4.81,4.99,462384500.0,0.0,永辉超市
601933,2024-11-12,5.0,5.38,5.0,5.17,607812000.0,0.0,永辉超市
601933,2024-11-13,5.18,5.22,4.85,4.9,496857200.0,0.0,永辉超市
601933,2024-11-14,4.83,4.85,4.58,4.64,372259100.0,0.0,永辉超市
601933,2024-11-15,4.6,4.62,4.32,4.34,423271500.0,0.0,永辉超市
601933,2024-11-18,4.32,4.48,4.25,4.32,310012800.0,0.0,永辉超市
601933,2024-11-19,4.34,4.4,4.18,4.36,285626800.0,0.0,永辉超市
601933,2024-11-20,4.38,4.58,4.3,4.51,335567500.0,0.0,永辉超市
601933,2024-11-21,4.46,4.63,4.38,4.45,278843800.0,0.0,永辉超市
601933,2024-11-22,4.41,4.42,4.22,4.23,214884200.0,0.0,永辉超市
601933,2024-11-25,4.21,4.27,4.08,4.21,224288000.0,0.0,永辉超市
601933,2024-11-26,4.22,4.63,4.22,4.48,486953100.0,0.0,永辉超市
601933,2024-11-27,4.31,4.63,4.27,4.53,350305700.0,0.0,永辉超市
601933,2024-11-28,4.53,4.72,4.5,4.58,328459100.0,0.0,永辉超市
601933,2024-11-29,4.79,5.04,4.72,5.04,515221600.0,0.0,永辉超市
601933,2024-12-02,5.3,5.54,5.25,5.54,254009300.0,0.0,永辉超市
601933,2024-12-03,6.05,6.09,5.6,5.93,1255822200.0,0.0,永辉超市
601933,2024-12-04,5.65,6.52,5.34,6.52,1394368200.0,0.0,永辉超市
601933,2024-12-05,6.1,6.55,5.92,6.03,1150385800.0,0.0,永辉超市
601933,2024-12-06,5.69,5.88,5.58,5.62,814333500.0,0.0,永辉超市
601933,2024-12-09,5.5,5.8,5.43,5.48,519853600.0,0.0,永辉超市
601933,2024-12-10,6.03,6.03,6.03,6.03,208632000.0,0.0,永辉超市
601933,2024-12-11,6.0,6.5,5.83,6.31,1045785900.0,0.0,永辉超市
601933,2024-12-12,6.11,6.94,6.1,6.94,1145989800.0,0.0,永辉超市
601933,2024-12-13,6.77,7.62,6.66,7.15,1370378100.0,0.0,永辉超市
601933,2024-12-16,7.16,7.87,6.89,7.64,1391760600.0,0.0,永辉超市
601933,2024-12-17,7.15,7.35,6.88,6.88,444668900.0,0.0,永辉超市
601933,2024-12-18,6.19,6.88,6.19,6.87,965817800.0,0.0,永辉超市
601933,2024-12-19,6.6,6.6,6.2,6.26,717795400.0,0.0,永辉超市
601933,2024-12-20,6.31,6.5,6.2,6.22,547994600.0,0.0,永辉超市
601933,2024-12-23,6.25,6.33,5.91,5.94,537036400.0,0.0,永辉超市
601933,2024-12-24,5.9,6.29,5.73,6.11,598044200.0,0.0,永辉超市
601933,2024-12-25,6.02,6.64,5.82,6.43,704031900.0,0.0,永辉超市
601933,2024-12-26,6.43,7.0,6.23,6.81,820932700.0,0.0,永辉超市
601933,2024-12-27,6.6,7.25,6.58,6.89,923365300.0,0.0,永辉超市
601933,2024-12-30,6.8,6.96,6.62,6.75,564894000.0,0.0,永辉超市
601933,2024-12-31,6.65,6.95,6.16,6.34,596983100.0,0.0,永辉超市
601933,2025-01-02,6.3,6.97,6.17,6.8,1067466300.0,0.0,永辉超市
601933,2025-01-03,6.56,6.6,6.12,6.12,827422600.0,0.0,永辉超市
601933,2025-01-06,5.9,6.39,5.61,5.96,606458400.0,0.0,永辉超市
601933,2025-01-07,5.85,6.05,5.69,5.97,569028800.0,0.0,永辉超市
601933,2025-01-08,5.95,6.09,5.74,5.94,504943200.0,0.0,永辉超市
601933,2025-01-09,5.85,6.03,5.81,5.89,415468300.0,0.0,永辉超市
601933,2025-01-10,5.88,5.88,5.44,5.45,473461400.0,0.0,永辉超市
601933,2025-01-13,5.3,5.75,5.26,5.65,427068400.0,0.0,永辉超市
601933,2025-01-14,5.67,6.0,5.57,5.94,525411300.0,0.0,永辉超市
601933,2025-01-15,5.82,5.99,5.65,5.68,503032000.0,0.0,永辉超市
601933,2025-01-16,5.65,5.95,5.61,5.8,496718700.0,0.0,永辉超市
601933,2025-01-17,5.7,5.75,5.48,5.54,417576800.0,0.0,永辉超市
601933,2025-01-20,5.65,5.79,5.6,5.64,354532500.0,0.0,永辉超市
601933,2025-01-21,5.64,5.88,5.52,5.79,480131600.0,0.0,永辉超市
601933,2025-01-22,5.79,6.0,5.71,5.88,465532000.0,0.0,永辉超市
601933,2025-01-23,5.9,6.07,5.81,5.95,487297000.0,0.0,永辉超市
601933,2025-01-24,5.87,5.97,5.64,5.87,363206700.0,0.0,永辉超市
601933,2025-01-27,5.85,5.85,5.45,5.46,336975500.0,0.0,永辉超市
601933,2025-02-05,5.43,5.43,5.17,5.2,383576300.0,0.0,永辉超市
601933,2025-02-06,5.2,5.33,5.12,5.28,302550600.0,0.0,永辉超市
601933,2025-02-07,5.23,5.48,5.16,5.36,395111900.0,0.0,永辉超市
601933,2025-02-10,5.28,5.63,5.25,5.57,474451000.0,0.0,永辉超市
601933,2025-02-11,5.6,5.62,5.36,5.4,313566100.0,0.0,永辉超市
601933,2025-02-12,5.34,5.56,5.33,5.56,311937300.0,0.0,永辉超市
601933,2025-02-13,5.55,5.73,5.44,5.6,424062300.0,0.0,永辉超市
601933,2025-02-14,5.53,5.6,5.4,5.44,288823800.0,0.0,永辉超市
601933,2025-02-17,5.47,5.63,5.39,5.53,334134000.0,0.0,永辉超市
601933,2025-02-18,5.48,5.48,5.19,5.21,365514400.0,0.0,永辉超市
601933,2025-02-19,5.22,5.27,5.13,5.23,230367700.0,0.0,永辉超市
601933,2025-02-20,5.25,5.45,5.2,5.39,382015200.0,0.0,永辉超市
601933,2025-02-21,5.35,5.39,5.19,5.28,290550400.0,0.0,永辉超市
601933,2025-02-24,5.22,5.32,5.18,5.21,252465700.0,0.0,永辉超市
601933,2025-02-25,5.18,5.3,5.13,5.16,235334000.0,0.0,永辉超市
601933,2025-02-26,5.13,5.23,5.0,5.12,276517200.0,0.0,永辉超市
601933,2025-02-27,5.13,5.41,5.1,5.28,544511600.0,0.0,永辉超市
601933,2025-02-28,5.29,5.49,5.21,5.33,554250700.0,0.0,永辉超市
601933,2025-03-03,5.35,5.35,5.07,5.13,327942200.0,0.0,永辉超市
601933,2025-03-04,5.07,5.07,4.81,4.97,316582000.0,0.0,永辉超市
601933,2025-03-05,4.9,5.1,4.87,4.99,242029600.0,0.0,永辉超市
601933,2025-03-06,4.97,5.07,4.92,5.02,248957500.0,0.0,永辉超市
601933,2025-03-07,5.02,5.07,4.95,5.0,197949200.0,0.0,永辉超市
601933,2025-03-10,4.95,5.04,4.87,4.97,172947400.0,0.0,永辉超市
601933,2025-03-11,4.91,4.92,4.85,4.9,201134500.0,0.0,永辉超市
601933,2025-03-12,4.81,4.94,4.76,4.81,285787100.0,0.0,永辉超市
601933,2025-03-13,4.81,4.81,4.62,4.65,247620200.0,0.0,永辉超市
601933,2025-03-14,4.65,4.96,4.63,4.93,401262500.0,0.0,永辉超市
601933,2025-03-17,5.04,5.2,4.99,5.0,432395300.0,0.0,永辉超市
601933,2025-03-18,5.05,5.5,5.01,5.4,747730000.0,0.0,永辉超市
601933,2025-03-19,5.27,5.45,5.16,5.22,491914900.0,0.0,永辉超市
601933,2025-03-20,5.2,5.35,5.05,5.08,405263400.0,0.0,永辉超市
601933,2025-03-21,5.03,5.06,4.83,4.84,297079300.0,0.0,永辉超市
601933,2025-03-24,4.8,4.87,4.67,4.76,205105700.0,0.0,永辉超市
601933,2025-03-25,4.82,4.83,4.68,4.7,146494300.0,0.0,永辉超市
601933,2025-03-26,4.67,4.74,4.65,4.7,107646500.0,0.0,永辉超市
601933,2025-03-27,4.68,4.72,4.57,4.6,153693600.0,0.0,永辉超市
601933,2025-03-28,4.58,4.59,4.48,4.51,154510900.0,0.0,永辉超市
601933,2025-03-31,4.54,4.88,4.48,4.79,325815400.0,0.0,永辉超市
601933,2025-04-01,4.75,4.78,4.61,4.62,197428000.0,0.0,永辉超市
601933,2025-04-02,4.62,4.67,4.55,4.64,119007400.0,0.0,永辉超市
601933,2025-04-03,4.62,5.1,4.58,5.1,556107800.0,0.0,永辉超市
601933,2025-04-07,5.05,5.42,4.86,5.18,867427500.0,0.0,永辉超市
601933,2025-04-08,5.29,5.7,5.1,5.7,526095400.0,0.0,永辉超市
601933,2025-04-09,5.99,6.27,5.65,6.04,1254042200.0,0.0,永辉超市
601933,2025-04-10,5.79,6.58,5.78,6.23,1115088500.0,0.0,永辉超市
601933,2025-04-11,6.16,6.34,5.94,6.03,832632500.0,0.0,永辉超市
601933,2025-04-14,6.07,6.25,5.92,5.93,805260500.0,0.0,永辉超市
601933,2025-04-15,5.9,6.1,5.72,5.9,706272700.0,0.0,永辉超市
601933,2025-04-16,5.81,6.06,5.72,6.0,669088700.0,0.0,永辉超市
601933,2025-04-17,5.86,6.08,5.76,5.81,553165700.0,0.0,永辉超市
601933,2025-04-18,5.73,5.75,5.44,5.54,554115700.0,0.0,永辉超市
601933,2025-04-21,5.44,5.64,5.44,5.54,371373500.0,0.0,永辉超市
601933,2025-04-22,5.54,5.58,5.42,5.48,337825500.0,0.0,永辉超市
601933,2025-04-23,5.43,5.55,5.33,5.46,370911500.0,0.0,永辉超市
601933,2025-04-24,5.45,5.66,5.33,5.62,564650200.0,0.0,永辉超市
601933,2025-04-25,5.55,5.6,5.4,5.44,370610000.0,0.0,永辉超市
601933,2025-04-28,5.32,5.62,5.32,5.41,329970000.0,0.0,永辉超市
601933,2025-04-29,5.36,5.39,5.12,5.21,342834600.0,0.0,永辉超市
601933,2025-04-30,5.16,5.29,5.1,5.16,261645900.0,0.0,永辉超市
601933,2025-05-06,5.17,5.25,5.17,5.23,226705000.0,0.0,永辉超市
601933,2025-05-07,5.31,5.49,5.26,5.31,338014700.0,0.0,永辉超市
601933,2025-05-08,5.26,5.44,5.2,5.34,266078500.0,0.0,永辉超市
601933,2025-05-09,5.3,5.31,5.15,5.16,236404700.0,0.0,永辉超市
601933,2025-05-12,5.18,5.31,5.11,5.24,210589700.0,0.0,永辉超市
601933,2025-05-13,5.25,5.4,5.22,5.25,234648600.0,0.0,永辉超市
601933,2025-05-14,5.24,5.26,5.16,5.22,183132500.0,0.0,永辉超市
601933,2025-05-15,5.21,5.21,5.11,5.12,179377300.0,0.0,永辉超市
601933,2025-05-16,5.13,5.23,5.08,5.22,211408800.0,0.0,永辉超市
601933,2025-05-19,5.2,5.35,5.13,5.28,249235100.0,0.0,永辉超市
601933,2025-05-20,5.24,5.44,5.21,5.34,317071300.0,0.0,永辉超市
601933,2025-05-21,5.33,5.36,5.18,5.29,227157000.0,0.0,永辉超市
601933,2025-05-22,5.25,5.28,5.14,5.15,207017300.0,0.0,永辉超市
601933,2025-05-23,5.13,5.16,5.08,5.09,139773700.0,0.0,永辉超市
601933,2025-05-26,5.07,5.08,4.97,5.06,143971100.0,0.0,永辉超市
601933,2025-05-27,5.06,5.08,5.01,5.04,94266900.0,0.0,永辉超市
601933,2025-05-28,5.03,5.12,5.01,5.05,143586400.0,0.0,永辉超市
601933,2025-05-29,5.02,5.07,4.92,5.06,149354600.0,0.0,永辉超市
601933,2025-05-30,5.06,5.06,4.96,4.98,125465200.0,0.0,永辉超市
601933,2025-06-03,4.94,5.0,4.89,4.93,104617300.0,0.0,永辉超市
601933,2025-06-04,4.93,5.07,4.9,5.07,164358100.0,0.0,永辉超市
601933,2025-06-05,5.02,5.07,4.97,5.03,115548700.0,0.0,永辉超市
601933,2025-06-06,5.03,5.17,5.02,5.06,213389500.0,0.0,永辉超市
601933,2025-06-09,5.04,5.11,4.97,5.0,228565300.0,0.0,永辉超市
601933,2025-06-10,4.99,5.0,4.9,4.92,156421600.0,0.0,永辉超市
601933,2025-06-11,4.91,5.0,4.88,4.95,109721200.0,0.0,永辉超市
601933,2025-06-12,4.93,5.02,4.91,4.97,125049100.0,0.0,永辉超市
601933,2025-06-13,4.94,4.94,4.85,4.86,139171300.0,0.0,永辉超市
601933,2025-06-16,4.83,4.91,4.81,4.89,90972900.0,0.0,永辉超市
601933,2025-06-17,4.89,4.94,4.87,4.89,85026600.0,0.0,永辉超市
601933,2025-06-18,4.9,4.93,4.85,4.87,83961100.0,0.0,永辉超市
601933,2025-06-19,4.86,4.87,4.76,4.77,104404500.0,0.0,永辉超市
601933,2025-06-20,4.77,4.84,4.75,4.75,98047200.0,0.0,永辉超市
601933,2025-06-23,4.71,4.78,4.69,4.76,85447900.0,0.0,永辉超市
601933,2025-06-24,4.76,4.86,4.75,4.86,118348800.0,0.0,永辉超市
601933,2025-06-25,4.94,4.99,4.81,4.89,181146900.0,0.0,永辉超市
601933,2025-06-26,4.85,4.91,4.82,4.84,144625300.0,0.0,永辉超市
601933,2025-06-27,4.82,4.89,4.8,4.84,120764800.0,0.0,永辉超市
601933,2025-06-30,4.83,4.92,4.81,4.9,162692300.0,0.0,永辉超市
601933,2025-07-01,4.9,4.91,4.83,4.85,86186400.0,0.0,永辉超市
601933,2025-07-02,4.87,4.95,4.82,4.83,158277500.0,0.0,永辉超市
601933,2025-07-03,4.82,4.86,4.78,4.81,99090600.0,0.0,永辉超市
601933,2025-07-04,4.8,4.81,4.75,4.77,88158000.0,0.0,永辉超市
601933,2025-07-07,4.75,4.78,4.72,4.74,84273500.0,0.0,永辉超市
601933,2025-07-08,4.74,4.87,4.74,4.84,176977200.0,0.0,永辉超市
601933,2025-07-09,4.83,4.84,4.77,4.79,109221400.0,0.0,永辉超市
601933,2025-07-10,4.78,5.06,4.75,4.87,298012600.0,0.0,永辉超市
601933,2025-07-11,4.84,4.93,4.81,4.89,203258300.0,0.0,永辉超市
601933,2025-07-14,4.89,4.9,4.8,4.82,136326300.0,0.0,永辉超市
601933,2025-07-15,4.79,4.82,4.7,4.73,173247000.0,0.0,永辉超市
601933,2025-07-16,4.73,4.75,4.71,4.74,84854400.0,0.0,永辉超市
601933,2025-07-17,4.74,4.85,4.74,4.77,140583200.0,0.0,永辉超市
601933,2025-07-18,4.75,4.78,4.73,4.75,86512900.0,0.0,永辉超市
601933,2025-07-21,4.74,4.78,4.72,4.78,98079000.0,0.0,永辉超市
601933,2025-07-22,4.75,4.78,4.72,4.76,100807200.0,0.0,永辉超市
601933,2025-07-23,4.75,5.02,4.74,4.91,413454500.0,0.0,永辉超市
601933,2025-07-24,4.86,4.95,4.82,4.93,265348900.0,0.0,永辉超市
601933,2025-07-25,4.92,4.94,4.85,4.86,141316400.0,0.0,永辉超市
601933,2025-07-28,4.86,4.93,4.83,4.86,127325900.0,0.0,永辉超市
601933,2025-07-29,4.89,4.9,4.77,4.8,154566200.0,0.0,永辉超市
601933,2025-07-30,4.79,4.95,4.76,4.88,255790600.0,0.0,永辉超市
601933,2025-07-31,4.8,4.83,4.72,4.73,229074700.0,0.0,永辉超市
601933,2025-08-01,4.72,4.76,4.71,4.74,108134000.0,0.0,永辉超市
601933,2025-08-04,4.72,4.74,4.68,4.73,95187700.0,0.0,永辉超市
601933,2025-08-05,4.74,4.75,4.71,4.74,75987100.0,0.0,永辉超市
601933,2025-08-06,4.74,4.75,4.71,4.74,80436400.0,0.0,永辉超市
601933,2025-08-07,4.72,4.77,4.72,4.74,96500400.0,0.0,永辉超市
601933,2025-08-08,4.74,4.75,4.7,4.71,92950600.0,0.0,永辉超市
601933,2025-08-11,4.72,4.88,4.69,4.85,314445100.0,0.0,永辉超市
601933,2025-08-12,4.85,4.87,4.79,4.81,139878400.0,0.0,永辉超市
601933,2025-08-13,4.86,4.92,4.77,4.8,197861200.0,0.0,永辉超市
601933,2025-08-14,4.77,4.86,4.74,4.74,195047700.0,0.0,永辉超市
601933,2025-08-15,4.73,4.78,4.7,4.76,134009500.0,0.0,永辉超市
601933,2025-08-18,4.77,4.86,4.75,4.81,290052800.0,0.0,永辉超市
601933,2025-08-19,4.81,4.89,4.8,4.84,270089900.0,0.0,永辉超市
601933,2025-08-20,4.83,4.99,4.8,4.97,357313100.0,0.0,永辉超市
601933,2025-08-21,4.92,5.1,4.9,4.93,272729600.0,0.0,永辉超市
601933,2025-08-22,4.91,4.97,4.86,4.96,210394100.0,0.0,永辉超市
601933,2025-08-25,4.95,5.25,4.91,5.21,536554000.0,0.0,永辉超市
601933,2025-08-26,5.17,5.43,5.14,5.35,477935500.0,0.0,永辉超市
601933,2025-08-27,5.29,5.33,5.15,5.17,351274300.0,0.0,永辉超市
601933,2025-08-28,5.13,5.22,4.99,5.13,294312800.0,0.0,永辉超市
601933,2025-08-29,5.1,5.35,5.08,5.18,360482100.0,0.0,永辉超市
601933,2025-09-01,5.13,5.65,5.11,5.47,625414100.0,0.0,永辉超市
601933,2025-09-02,5.39,5.63,5.28,5.31,448312900.0,0.0,永辉超市
601933,2025-09-03,5.33,5.45,5.18,5.21,285160500.0,0.0,永辉超市
601933,2025-09-04,5.16,5.43,5.11,5.32,531526100.0,0.0,永辉超市
601933,2025-09-05,5.24,5.26,4.99,5.21,412092500.0,0.0,永辉超市
601933,2025-09-08,5.17,5.35,5.16,5.2,270021500.0,0.0,永辉超市
601933,2025-09-09,5.18,5.25,5.11,5.12,222139500.0,0.0,永辉超市
601933,2025-09-10,5.13,5.22,5.09,5.17,216809900.0,0.0,永辉超市
601933,2025-09-11,5.12,5.24,5.1,5.24,231238400.0,0.0,永辉超市
601933,2025-09-12,5.23,5.33,5.19,5.22,225515100.0,0.0,永辉超市
601933,2025-09-15,5.2,5.5,5.17,5.35,336007600.0,0.0,永辉超市
601933,2025-09-16,5.36,5.49,5.27,5.33,222670500.0,0.0,永辉超市
601933,2025-09-17,5.33,5.34,5.15,5.16,254300800.0,0.0,永辉超市
601933,2025-09-18,5.16,5.18,5.0,5.05,213800600.0,0.0,永辉超市
601933,2025-09-19,5.05,5.07,4.94,4.99,154259400.0,0.0,永辉超市
601933,2025-09-22,4.99,5.03,4.92,4.95,110903700.0,0.0,永辉超市
601933,2025-09-23,4.94,4.94,4.76,4.8,174736400.0,0.0,永辉超市
601933,2025-09-24,4.78,4.86,4.75,4.85,109256800.0,0.0,永辉超市
601933,2025-09-25,4.84,4.85,4.8,4.81,90731700.0,0.0,永辉超市
601933,2025-09-26,4.8,4.82,4.76,4.78,96640300.0,0.0,永辉超市
601933,2025-09-29,4.75,4.78,4.65,4.75,120043900.0,0.0,永辉超市
601933,2025-09-30,4.75,4.78,4.66,4.68,152884400.0,0.0,永辉超市
601933,2025-10-09,4.66,4.67,4.6,4.63,143217800.0,0.0,永辉超市
601933,2025-10-10,4.61,4.69,4.6,4.65,131026500.0,0.0,永辉超市
601933,2025-10-13,4.61,5.0,4.56,4.89,296063200.0,0.0,永辉超市
601933,2025-10-14,4.83,4.88,4.77,4.84,208430800.0,0.0,永辉超市
601933,2025-10-15,5.0,5.1,4.89,4.97,338154800.0,0.0,永辉超市
601933,2025-10-16,4.89,4.94,4.78,4.8,225190000.0,0.0,永辉超市
601933,2025-10-17,4.76,4.84,4.71,4.71,117360800.0,0.0,永辉超市
601933,2025-10-20,4.7,4.75,4.68,4.7,88716900.0,0.0,永辉超市
601933,2025-10-21,4.71,4.78,4.67,4.73,99892900.0,0.0,永辉超市
601933,2025-10-22,4.7,4.81,4.7,4.73,77916700.0,0.0,永辉超市
601933,2025-10-23,4.75,4.81,4.72,4.75,90905900.0,0.0,永辉超市
601933,2025-10-24,4.76,4.76,4.68,4.71,99197100.0,0.0,永辉超市
601933,2025-10-27,4.69,4.71,4.67,4.69,88004900.0,0.0,永辉超市
601933,2025-10-28,4.69,4.77,4.67,4.75,127424400.0,0.0,永辉超市
601933,2025-10-29,4.71,4.72,4.68,4.69,83032300.0,0.0,永辉超市
601933,2025-10-30,4.69,4.7,4.63,4.64,84126300.0,0.0,永辉超市
601933,2025-10-31,4.61,4.69,4.57,4.67,90927100.0,0.0,永辉超市
601933,2025-11-03,4.66,4.68,4.62,4.68,71901400.0,0.0,永辉超市
601933,2025-11-04,4.66,4.67,4.63,4.63,68761400.0,0.0,永辉超市
601933,2025-11-05,4.62,4.71,4.59,4.66,102355900.0,0.0,永辉超市
601933,2025-11-06,4.64,4.65,4.61,4.61,95427100.0,0.0,永辉超市
601933,2025-11-07,4.61,4.61,4.56,4.57,91339800.0,0.0,永辉超市
601933,2025-11-10,4.57,4.7,4.55,4.68,165151500.0,0.0,永辉超市
601933,2025-11-11,4.65,4.75,4.64,4.74,159956800.0,0.0,永辉超市
601933,2025-11-12,4.68,4.77,4.61,4.61,154566400.0,0.0,永辉超市
601933,2025-11-13,4.61,4.65,4.56,4.63,132555300.0,0.0,永辉超市
601933,2025-11-14,4.59,4.76,4.58,4.64,180642900.0,0.0,永辉超市
601933,2025-11-17,4.61,4.69,4.59,4.67,117558800.0,0.0,永辉超市
601933,2025-11-18,4.65,4.66,4.56,4.58,142988100.0,0.0,永辉超市
601933,2025-11-19,4.58,4.6,4.33,4.35,248332400.0,0.0,永辉超市
601933,2025-11-20,4.33,4.35,4.05,4.18,324571500.0,0.0,永辉超市
601933,2025-11-21,4.11,4.16,3.99,4.01,155110100.0,0.0,永辉超市
601933,2025-11-24,4.0,4.04,3.95,4.01,102317000.0,0.0,永辉超市
601933,2025-11-25,4.02,4.07,4.01,4.04,91585900.0,0.0,永辉超市
601933,2025-11-26,4.07,4.14,4.04,4.11,128857700.0,0.0,永辉超市
601933,2025-11-27,4.14,4.15,4.0,4.02,113416100.0,0.0,永辉超市
601933,2025-11-28,4.0,4.07,3.97,4.06,94279600.0,0.0,永辉超市
601933,2025-12-01,4.05,4.08,4.03,4.05,80605600.0,0.0,永辉超市
601933,2025-12-02,4.04,4.1,4.01,4.07,88839100.0,0.0,永辉超市
601933,2025-12-03,4.06,4.06,3.99,4.0,92752600.0,0.0,永辉超市
601933,2025-12-04,4.0,4.01,3.9,3.92,102088200.0,0.0,永辉超市
601933,2025-12-05,3.88,3.93,3.78,3.93,157794300.0,0.0,永辉超市
601933,2025-12-08,3.87,4.32,3.86,4.32,430256100.0,0.0,永辉超市
601933,2025-12-09,4.38,4.75,4.17,4.75,917030100.0,0.0,永辉超市
601933,2025-12-10,5.23,5.23,5.23,5.23,272694800.0,0.0,永辉超市
601933,2025-12-11,5.38,5.7,4.95,5.55,1936750700.0,0.0,永辉超市
601933,2025-12-12,5.27,5.3,5.0,5.0,1304434300.0,0.0,永辉超市
601933,2025-12-15,4.9,5.3,4.85,5.05,1206114300.0,0.0,永辉超市
601933,2025-12-16,5.04,5.56,5.04,5.56,1333707000.0,0.0,永辉超市
601933,2025-12-17,5.81,5.88,5.37,5.38,1720937300.0,0.0,永辉超市
601933,2025-12-18,5.38,5.63,5.18,5.49,1341227400.0,0.0,永辉超市
601933,2025-12-19,5.3,6.04,5.28,5.76,1737658100.0,0.0,永辉超市
601933,2025-12-22,5.65,5.8,5.48,5.76,1348352800.0,0.0,永辉超市
601933,2025-12-23,5.63,5.86,5.42,5.45,1136570200.0,0.0,永辉超市
601933,2025-12-24,5.3,5.55,5.25,5.48,1006221600.0,0.0,永辉超市
601933,2025-12-25,5.48,5.59,5.26,5.28,943057700.0,0.0,永辉超市
601933,2025-12-26,5.24,5.38,5.21,5.29,707135700.0,0.0,永辉超市
601933,2025-12-29,5.29,5.43,5.16,5.26,664149900.0,0.0,永辉超市
601933,2025-12-30,5.17,5.22,4.88,4.92,794327500.0,0.0,永辉超市
601933,2025-12-31,4.9,4.95,4.67,4.69,563361400.0,0.0,永辉超市
601933,2026-01-05,4.65,4.73,4.59,4.67,461946800.0,0.0,永辉超市
601933,2026-01-06,4.63,5.04,4.6,4.96,911276800.0,0.0,永辉超市
601933,2026-01-07,4.84,5.05,4.77,4.92,703778200.0,0.0,永辉超市
601933,2026-01-08,4.85,5.19,4.81,5.03,749851300.0,0.0,永辉超市
601933,2026-01-09,4.94,5.19,4.93,5.16,769478600.0,0.0,永辉超市
601933,2026-01-12,5.13,5.4,5.07,5.36,982456900.0,0.0,永辉超市
601933,2026-01-13,5.26,5.85,5.15,5.28,1064745400.0,0.0,永辉超市
601933,2026-01-14,5.1,5.29,5.0,5.03,798709100.0,0.0,永辉超市
601933,2026-01-15,5.0,5.12,4.84,4.87,503474300.0,0.0,永辉超市
601933,2026-01-16,4.85,4.9,4.68,4.71,440428400.0,0.0,永辉超市
601933,2026-01-19,4.71,4.88,4.66,4.82,370270200.0,0.0,永辉超市
601933,2026-01-20,4.79,5.07,4.73,4.89,480809300.0,0.0,永辉超市
601933,2026-01-21,4.76,4.81,4.6,4.66,407394400.0,0.0,永辉超市
601933,2026-01-22,4.63,4.71,4.6,4.67,247989200.0,0.0,永辉超市
601933,2026-01-23,4.66,4.74,4.64,4.71,241770800.0,0.0,永辉超市
601933,2026-01-26,4.63,4.64,4.47,4.53,383925100.0,0.0,永辉超市
601933,2026-01-27,4.5,4.5,4.34,4.41,247321700.0,0.0,永辉超市
601933,2026-01-28,4.37,4.47,4.36,4.39,158242700.0,0.0,永辉超市
601933,2026-01-29,4.37,4.51,4.26,4.51,307186800.0,0.0,永辉超市
601933,2026-01-30,4.52,4.55,4.4,4.4,229360800.0,0.0,永辉超市
601933,2026-02-02,4.35,4.51,4.34,4.43,205826500.0,0.0,永辉超市
601933,2026-02-03,4.43,4.49,4.41,4.46,196918600.0,0.0,永辉超市
601933,2026-02-04,4.45,4.54,4.41,4.54,246572900.0,0.0,永辉超市
601933,2026-02-05,4.51,4.75,4.49,4.75,470161100.0,0.0,永辉超市
601933,2026-02-06,4.75,4.76,4.54,4.61,306095000.0,0.0,永辉超市
601933,2026-02-09,4.57,4.61,4.52,4.59,203753500.0,0.0,永辉超市
601933,2026-02-10,4.58,4.58,4.46,4.47,215224500.0,0.0,永辉超市
601933,2026-02-11,4.45,4.52,4.42,4.45,124953700.0,0.0,永辉超市
601933,2026-02-12,4.46,4.47,4.35,4.35,172167500.0,0.0,永辉超市
601933,2026-02-13,4.36,4.42,4.31,4.31,107129800.0,0.0,永辉超市
601933,2026-02-24,4.32,4.38,4.29,4.32,109037400.0,0.0,永辉超市
601933,2026-02-25,4.32,4.35,4.31,4.33,105389500.0,0.0,永辉超市
601933,2026-02-26,4.34,4.34,4.22,4.24,154869700.0,0.0,永辉超市
601933,2026-02-27,4.22,4.26,4.21,4.25,104466200.0,0.0,永辉超市
601933,2026-03-02,4.19,4.2,4.1,4.14,174176600.0,0.0,永辉超市
601933,2026-03-03,4.14,4.24,4.05,4.18,242383700.0,0.0,永辉超市
601933,2026-03-04,4.1,4.11,4.02,4.04,162505500.0,0.0,永辉超市
601933,2026-03-05,4.06,4.15,4.06,4.11,147646100.0,0.0,永辉超市
601933,2026-03-06,4.08,4.17,4.06,4.16,113155600.0,0.0,永辉超市
601933,2026-03-09,4.12,4.15,4.06,4.1,110475000.0,0.0,永辉超市
601933,2026-03-10,4.12,4.13,4.09,4.11,79036500.0,0.0,永辉超市
601933,2026-03-11,4.11,4.12,4.07,4.08,89449800.0,0.0,永辉超市
601933,2026-03-12,4.07,4.1,4.04,4.06,94107400.0,0.0,永辉超市
601933,2026-03-13,4.04,4.08,4.0,4.01,112802400.0,0.0,永辉超市
601933,2026-03-16,4.02,4.06,4.0,4.03,81264500.0,0.0,永辉超市
601933,2026-03-17,4.02,4.1,4.02,4.02,124497400.0,0.0,永辉超市
601933,2026-03-18,4.02,4.03,3.93,3.98,129423100.0,0.0,永辉超市
601933,2026-03-19,3.94,4.1,3.9,4.0,185490900.0,0.0,永辉超市
601933,2026-03-20,3.94,3.98,3.85,3.85,137587000.0,0.0,永辉超市
601933,2026-03-23,3.78,3.81,3.65,3.66,149092500.0,0.0,永辉超市
601933,2026-03-24,3.71,3.75,3.66,3.75,111371000.0,0.0,永辉超市
601933,2026-03-25,3.74,4.07,3.73,3.93,220089600.0,0.0,永辉超市
601933,2026-03-26,3.86,3.9,3.8,3.8,133395800.0,0.0,永辉超市
601933,2026-03-27,3.76,3.83,3.73,3.82,71149000.0,0.0,永辉超市
601933,2026-03-30,3.77,3.87,3.76,3.86,90455400.0,0.0,永辉超市
601933,2026-03-31,3.82,3.92,3.77,3.77,113991100.0,0.0,永辉超市
601933,2026-04-01,3.8,3.82,3.76,3.79,76386300.0,0.0,永辉超市
601933,2026-04-02,3.79,3.79,3.73,3.75,73286600.0,0.0,永辉超市
601933,2026-04-03,3.75,3.77,3.67,3.67,60398900.0,0.0,永辉超市
601933,2026-04-07,3.67,3.73,3.62,3.69,60397200.0,0.0,永辉超市
601933,2026-04-08,3.74,3.8,3.72,3.8,104712600.0,0.0,永辉超市
601933,2026-04-09,3.78,3.78,3.7,3.7,81481500.0,0.0,永辉超市
601933,2026-04-10,3.71,3.76,3.71,3.72,66559600.0,0.0,永辉超市
601933,2026-04-13,3.7,3.84,3.69,3.82,138079300.0,0.0,永辉超市
601933,2026-04-14,3.82,3.93,3.81,3.91,145399300.0,0.0,永辉超市
601933,2026-04-15,3.98,3.98,3.9,3.91,148393300.0,0.0,永辉超市
601933,2026-04-16,3.92,3.98,3.91,3.97,140138400.0,0.0,永辉超市
601933,2026-04-17,4.18,4.32,4.1,4.11,403826000.0,0.0,永辉超市
601933,2026-04-20,4.1,4.11,3.94,3.95,266292800.0,0.0,永辉超市
601933,2026-04-21,3.92,4.01,3.86,3.88,169980200.0,0.0,永辉超市
601933,2026-04-22,3.83,3.86,3.79,3.8,150926900.0,0.0,永辉超市
601933,2026-04-23,3.79,4.0,3.77,3.87,216230900.0,0.0,永辉超市
601933,2026-04-24,3.81,3.83,3.76,3.78,129311800.0,0.0,永辉超市
601933,2026-04-27,3.79,3.88,3.76,3.86,133500400.0,0.0,永辉超市
601933,2026-04-28,3.84,3.87,3.78,3.8,99119100.0,0.0,永辉超市
601933,2026-04-29,3.79,3.85,3.78,3.82,82241100.0,0.0,永辉超市
601933,2026-04-30,3.81,3.89,3.8,3.84,99943600.0,0.0,永辉超市
601933,2026-05-06,3.82,3.84,3.78,3.8,131595200.0,0.0,永辉超市
601933,2026-05-07,3.8,3.82,3.75,3.76,109128600.0,0.0,永辉超市
601933,2026-05-08,3.76,3.8,3.76,3.77,85928100.0,0.0,永辉超市
601933,2026-05-11,3.76,3.77,3.72,3.73,88535700.0,0.0,永辉超市
601933,2026-05-12,3.71,3.73,3.69,3.71,78323700.0,0.0,永辉超市
601933,2026-05-13,3.7,3.73,3.67,3.7,75550600.0,0.0,永辉超市
601933,2026-05-14,3.7,3.83,3.65,3.75,189208300.0,0.0,永辉超市
601933,2026-05-15,3.71,3.72,3.65,3.66,104862400.0,0.0,永辉超市
601933,2026-05-18,3.62,3.65,3.62,3.63,58049700.0,0.0,永辉超市
601933,2026-05-19,3.63,3.67,3.62,3.65,60144500.0,0.0,永辉超市
601933,2026-05-20,3.64,3.64,3.56,3.56,84546600.0,0.0,永辉超市
601933,2026-05-21,3.55,3.57,3.43,3.44,136962300.0,0.0,永辉超市
601933,2026-05-22,3.44,3.53,3.38,3.46,81595000.0,0.0,永辉超市
601933,2026-05-25,3.41,3.57,3.38,3.48,127604800.0,0.0,永辉超市
601933,2026-05-26,3.44,3.7,3.42,3.6,217744800.0,0.0,永辉超市
601933,2026-05-27,3.55,3.85,3.47,3.75,362390000.0,0.0,永辉超市
601933,2026-05-28,3.65,3.75,3.57,3.58,215454600.0,0.0,永辉超市
601933,2026-05-29,3.54,3.79,3.51,3.7,296088800.0,0.0,永辉超市
601933,2026-06-01,3.62,3.71,3.59,3.67,169514600.0,0.0,永辉超市
601933,2026-06-02,3.67,3.71,3.58,3.61,147183200.0,0.0,永辉超市
601933,2026-06-03,3.58,3.59,3.52,3.53,126349200.0,0.0,永辉超市
601933,2026-06-04,3.5,3.55,3.41,3.41,121617100.0,0.0,永辉超市
601933,2026-06-05,3.44,3.61,3.43,3.46,127481000.0,0.0,永辉超市
601933,2026-06-08,3.45,3.53,3.4,3.41,118442200.0,0.0,永辉超市
601933,2026-06-09,3.37,3.39,3.27,3.31,113406500.0,0.0,永辉超市
601933,2026-06-10,3.33,3.35,3.23,3.23,89764900.0,0.0,永辉超市
601933,2026-06-11,3.21,3.27,3.15,3.16,80103100.0,0.0,永辉超市
601933,2026-06-12,3.15,3.28,3.14,3.21,108527500.0,0.0,永辉超市
601933,2026-06-15,3.2,3.31,3.2,3.25,112235100.0,0.0,永辉超市
601933,2026-06-16,3.23,3.32,3.2,3.28,138558600.0,0.0,永辉超市
601933,2026-06-17,3.28,3.28,3.16,3.17,112140400.0,0.0,永辉超市
601933,2026-06-18,3.16,3.17,3.1,3.1,94628100.0,0.0,永辉超市
601933,2026-06-22,3.06,3.08,2.99,3.08,132520100.0,0.0,永辉超市
601933,2026-06-23,3.06,3.2,3.05,3.09,126895900.0,0.0,永辉超市
601933,2026-06-24,3.06,3.09,2.96,2.97,126330900.0,0.0,永辉超市
601933,2026-06-25,2.97,3.07,2.91,3.02,135999600.0,0.0,永辉超市
601933,2026-06-26,2.99,3.13,2.92,3.03,177852900.0,0.0,永辉超市
601933,2026-06-29,2.98,3.0,2.88,2.9,161041800.0,0.0,永辉超市
601933,2026-06-30,2.86,2.9,2.79,2.84,173414500.0,0.0,永辉超市
601933,2026-07-01,2.83,3.12,2.81,3.12,260925800.0,0.0,永辉超市
601933,2026-07-02,3.11,3.24,3.08,3.15,320397300.0,0.0,永辉超市
601933,2026-07-03,3.14,3.17,3.08,3.09,159124500.0,0.0,永辉超市
601933,2026-07-06,3.09,3.18,3.05,3.1,155597800.0,0.0,永辉超市
601933,2026-07-07,3.1,3.11,2.99,3.01,108814300.0,0.0,永辉超市
601933,2026-07-08,2.99,3.05,2.97,3.01,94122100.0,0.0,永辉超市
601933,2026-07-09,3.0,3.07,2.95,3.06,139036600.0,0.0,永辉超市
601933,2026-07-10,3.06,3.24,3.05,3.2,254374700.0,0.0,永辉超市
601933,2026-07-13,3.16,3.18,3.02,3.03,173478200.0,0.0,永辉超市
601933,2026-07-14,3.12,3.14,3.0,3.1,165392900.0,0.0,永辉超市
601933,2026-07-15,3.12,3.28,3.09,3.2,301724900.0,0.0,永辉超市
601933,2026-07-16,3.14,3.28,3.13,3.22,231182300.0,0.0,永辉超市
601933,2026-07-17,3.21,3.35,3.05,3.07,283862300.0,0.0,永辉超市
601933,2026-07-20,3.01,3.17,3.01,3.11,185391100.0,0.0,永辉超市
601933,2026-07-21,3.08,3.12,3.04,3.12,147664000.0,0.0,永辉超市
601933,2026-07-22,3.1,3.12,3.07,3.09,88520900.0,0.0,永辉超市
601933,2026-07-23,3.08,3.13,3.03,3.13,115616700.0,0.0,永辉超市
601933,2026-07-24,3.09,3.11,2.98,2.99,148501900.0,0.0,永辉超市
601933,2026-07-27,2.98,3.1,2.94,3.08,149128400.0,0.0,永辉超市
601933,2026-07-28,3.06,3.15,3.06,3.09,123156600.0,0.0,永辉超市
601933,2026-07-29,3.09,3.21,3.09,3.17,218723600.0,0.0,永辉超市
601933,2026-07-30,3.13,3.45,3.13,3.23,359753400.0,0.0,永辉超市
601933,2026-07-31,3.07,3.32,3.07,3.28,307959800.0,0.0,永辉超市
601933,2026-08-03,3.31,3.33,3.22,3.26,134762500.0,0.0,永辉超市
601933,2026-08-04,3.26,3.3,3.23,3.27,132727900.0,0.0,永辉超市
601933,2026-08-05,3.27,3.31,3.22,3.31,178272700.0,0.0,永辉超市
601933,2026-08-06,3.3,3.32,3.18,3.22,189880400.0,0.0,永辉超市
601933,2026-08-07,3.18,3.24,3.15,3.23,127837700.0,0.0,永辉超市
601933,2026-08-10,3.23,3.28,3.21,3.27,121018500.0,0.0,永辉超市
601933,2026-08-11,3.25,3.33,3.23,3.29,155530600.0,0.0,永辉超市
601933,2026-08-12,3.27,3.33,3.26,3.31,138602800.0,0.0,永辉超市
601933,2026-08-13,3.3,3.33,3.27,3.28,133309500.0,0.0,永辉超市
601933,2026-08-14,3.27,3.28,3.17,3.19,143484600.0,0.0,永辉超市
601933,2026-08-17,3.18,3.24,3.13,3.24,122168800.0,0.0,永辉超市
601933,2026-08-18,3.21,3.35,3.21,3.27,183730500.0,0.0,永辉超市
601933,2026-08-19,3.22,3.27,3.09,3.1,169867500.0,0.0,永辉超市
601933,2026-08-20,3.12,3.17,3.09,3.16,104244600.0,0.0,永辉超市
601933,2026-08-21,3.14,3.15,3.05,3.07,129089900.0,0.0,永辉超市
601933,2026-08-24,3.05,3.07,2.98,3.0,102522800.0,0.0,永辉超市
601933,2026-08-25,2.98,3.12,2.98,3.11,153256800.0,0.0,永辉超市
601933,2026-08-26,3.09,3.15,3.08,3.09,90561800.0,0.0,永辉超市
601933,2026-08-27,3.08,3.18,3.07,3.13,127823100.0,0.0,永辉超市
601933,2026-08-28,3.12,3.16,3.09,3.15,115796800.0,0.0,永辉超市
601933,2026-08-31,3.15,3.16,3.06,3.09,153989600.0,0.0,永辉超市
601933,2026-09-01,3.1,3.4,3.09,3.28,445303100.0,0.0,永辉超市
601933,2026-09-02,3.28,3.34,3.17,3.18,289015100.0,0.0,永辉超市
601933,2026-09-03,3.2,3.23,3.14,3.15,242560100.0,0.0,永辉超市
601933,2026-09-04,3.13,3.21,3.08,3.16,228456000.0,0.0,永辉超市
