code,date,open,high,low,close,volume,amount,name
603888,2023-05-23,27.0,27.0,25.87,25.94,13067000.0,0.0,新华网
603888,2023-05-24,25.75,26.92,25.4,26.7,15581800.0,0.0,新华网
603888,2023-05-25,26.5,26.89,25.41,26.14,13252600.0,0.0,新华网
603888,2023-05-26,26.01,28.68,25.78,27.49,21534000.0,0.0,新华网
603888,2023-05-29,27.36,27.99,27.02,27.4,15136300.0,0.0,新华网
603888,2023-05-30,27.3,29.1,26.38,29.03,26844700.0,0.0,新华网
603888,2023-05-31,28.56,30.43,28.42,29.37,28357300.0,0.0,新华网
603888,2023-06-01,29.01,30.94,28.65,30.07,25632400.0,0.0,新华网
603888,2023-06-02,30.07,30.09,29.0,29.42,17372000.0,0.0,新华网
603888,2023-06-05,29.42,31.41,29.15,30.95,26206500.0,0.0,新华网
603888,2023-06-06,30.53,33.0,30.33,31.09,35695300.0,0.0,新华网
603888,2023-06-07,30.65,34.2,29.87,34.2,41948800.0,0.0,新华网
603888,2023-06-08,33.96,33.98,32.05,32.35,33035200.0,0.0,新华网
603888,2023-06-09,32.24,35.4,32.23,34.52,37777800.0,0.0,新华网
603888,2023-06-12,33.71,34.2,32.68,32.73,25025700.0,0.0,新华网
603888,2023-06-13,32.26,35.2,32.15,33.75,32538900.0,0.0,新华网
603888,2023-06-14,33.25,37.13,33.09,37.11,45752700.0,0.0,新华网
603888,2023-06-15,36.6,40.38,36.3,37.56,43943400.0,0.0,新华网
603888,2023-06-16,38.22,40.0,36.6,37.7,36234100.0,0.0,新华网
603888,2023-06-19,37.72,40.88,37.21,39.63,30600500.0,0.0,新华网
603888,2023-06-20,38.92,38.92,35.67,35.67,34938100.0,0.0,新华网
603888,2023-06-21,35.34,38.45,35.34,35.8,28984300.0,0.0,新华网
603888,2023-06-26,34.3,35.28,32.5,32.97,25073300.0,0.0,新华网
603888,2023-06-27,33.03,33.37,31.5,32.32,16910800.0,0.0,新华网
603888,2023-06-28,32.33,32.5,29.58,30.8,23639600.0,0.0,新华网
603888,2023-06-29,30.8,31.41,30.31,30.79,13092400.0,0.0,新华网
603888,2023-06-30,30.85,33.39,30.2,32.82,24440200.0,0.0,新华网
603888,2023-07-03,34.0,35.26,31.0,32.16,25147500.0,0.0,新华网
603888,2023-07-04,32.74,35.38,31.66,34.88,36122900.0,0.0,新华网
603888,2023-07-05,34.88,35.78,33.83,35.28,31188600.0,0.0,新华网
603888,2023-07-06,34.6,34.6,31.75,31.77,36162300.0,0.0,新华网
603888,2023-07-07,31.4,31.5,29.5,29.69,21999700.0,0.0,新华网
603888,2023-07-10,29.63,29.72,28.57,29.0,14381500.0,0.0,新华网
603888,2023-07-11,28.7,29.45,28.58,28.93,11447200.0,0.0,新华网
603888,2023-07-12,28.91,31.4,28.91,30.59,26006500.0,0.0,新华网
603888,2023-07-13,30.3,33.48,29.0,32.48,36308200.0,0.0,新华网
603888,2023-07-14,32.76,35.3,32.76,34.99,40553300.0,0.0,新华网
603888,2023-07-17,35.24,35.28,32.3,32.7,36323600.0,0.0,新华网
603888,2023-07-18,32.99,33.25,30.15,30.4,28245800.0,0.0,新华网
603888,2023-07-19,30.68,31.8,29.9,31.1,25744200.0,0.0,新华网
603888,2023-07-20,30.88,31.35,30.09,30.19,19685500.0,0.0,新华网
603888,2023-07-21,29.97,30.09,28.83,29.16,15378600.0,0.0,新华网
603888,2023-07-24,29.2,30.6,29.04,30.15,14516900.0,0.0,新华网
603888,2023-07-25,30.12,30.7,29.75,30.18,14909800.0,0.0,新华网
603888,2023-07-26,30.0,30.08,28.6,28.82,13086500.0,0.0,新华网
603888,2023-07-27,28.55,30.1,28.55,29.21,16148400.0,0.0,新华网
603888,2023-07-28,28.93,28.98,27.15,27.87,19213500.0,0.0,新华网
603888,2023-07-31,27.8,28.38,27.24,27.95,11993400.0,0.0,新华网
603888,2023-08-01,27.71,28.15,27.39,27.9,9048000.0,0.0,新华网
603888,2023-08-02,27.71,30.67,27.45,30.3,25680400.0,0.0,新华网
603888,2023-08-03,29.3,29.98,28.96,29.27,17991000.0,0.0,新华网
603888,2023-08-04,29.29,30.56,29.11,30.0,24758100.0,0.0,新华网
603888,2023-08-07,29.99,31.32,29.57,30.64,20934400.0,0.0,新华网
603888,2023-08-08,30.27,31.56,30.2,30.84,21945700.0,0.0,新华网
603888,2023-08-09,30.21,31.15,29.0,29.15,19508200.0,0.0,新华网
603888,2023-08-10,29.36,29.4,28.35,28.5,10142200.0,0.0,新华网
603888,2023-08-11,28.63,28.97,27.95,28.05,8295000.0,0.0,新华网
603888,2023-08-14,28.01,30.83,27.88,30.53,28235600.0,0.0,新华网
603888,2023-08-15,30.53,30.76,29.3,29.65,19432700.0,0.0,新华网
603888,2023-08-16,29.69,30.31,28.52,28.81,15055500.0,0.0,新华网
603888,2023-08-17,28.5,30.0,28.3,29.33,17800500.0,0.0,新华网
603888,2023-08-18,29.1,29.69,28.38,28.64,14481600.0,0.0,新华网
603888,2023-08-21,28.24,28.79,27.58,28.03,10277900.0,0.0,新华网
603888,2023-08-22,28.41,30.83,28.37,30.83,36333800.0,0.0,新华网
603888,2023-08-23,30.64,32.85,30.21,31.41,46782000.0,0.0,新华网
603888,2023-08-24,31.9,32.22,29.88,29.9,35763800.0,0.0,新华网
603888,2023-08-25,29.4,32.89,28.6,31.71,56044600.0,0.0,新华网
603888,2023-08-28,33.5,33.5,31.6,31.9,55398400.0,0.0,新华网
603888,2023-08-29,31.9,35.09,31.36,35.09,65672200.0,0.0,新华网
603888,2023-08-30,34.5,38.49,33.95,37.31,70416600.0,0.0,新华网
603888,2023-08-31,35.9,36.0,34.62,35.36,42906900.0,0.0,新华网
603888,2023-09-01,34.94,36.03,32.8,33.75,39338000.0,0.0,新华网
603888,2023-09-04,33.57,35.8,33.14,35.15,37953600.0,0.0,新华网
603888,2023-09-05,34.55,34.55,32.56,32.8,31147800.0,0.0,新华网
603888,2023-09-06,32.53,33.76,32.21,33.06,22732500.0,0.0,新华网
603888,2023-09-07,32.7,33.89,32.58,32.9,20211600.0,0.0,新华网
603888,2023-09-08,32.6,32.8,31.01,31.96,20972000.0,0.0,新华网
603888,2023-09-11,32.11,32.66,31.15,32.18,17242500.0,0.0,新华网
603888,2023-09-12,31.9,32.16,31.18,31.43,15420500.0,0.0,新华网
603888,2023-09-13,31.3,32.19,31.08,31.65,17237600.0,0.0,新华网
603888,2023-09-14,31.32,31.37,29.79,30.08,17451900.0,0.0,新华网
603888,2023-09-15,30.24,30.65,29.83,30.09,10705300.0,0.0,新华网
603888,2023-09-18,30.0,31.32,29.59,30.9,17171500.0,0.0,新华网
603888,2023-09-19,30.47,30.9,30.0,30.14,11075500.0,0.0,新华网
603888,2023-09-20,29.85,30.42,29.26,29.29,10684900.0,0.0,新华网
603888,2023-09-21,29.09,29.27,28.46,28.57,11313500.0,0.0,新华网
603888,2023-09-22,28.56,30.41,28.48,30.18,18637200.0,0.0,新华网
603888,2023-09-25,30.2,30.46,29.78,30.25,14470400.0,0.0,新华网
603888,2023-09-26,29.9,32.78,29.9,31.49,32742600.0,0.0,新华网
603888,2023-09-27,31.09,31.18,30.58,30.59,19563400.0,0.0,新华网
603888,2023-09-28,30.65,31.06,30.52,30.57,11686200.0,0.0,新华网
603888,2023-10-09,30.31,30.89,30.0,30.14,9052500.0,0.0,新华网
603888,2023-10-10,30.26,30.4,29.79,29.99,9174600.0,0.0,新华网
603888,2023-10-11,29.95,30.39,29.54,30.0,9387400.0,0.0,新华网
603888,2023-10-12,30.19,30.19,29.06,29.35,9731600.0,0.0,新华网
603888,2023-10-13,29.3,29.54,28.75,28.89,9199500.0,0.0,新华网
603888,2023-10-16,28.85,30.05,28.81,29.42,11756100.0,0.0,新华网
603888,2023-10-17,29.45,29.79,28.68,29.07,9345700.0,0.0,新华网
603888,2023-10-18,28.81,28.98,27.81,27.87,9994400.0,0.0,新华网
603888,2023-10-19,27.74,28.15,27.21,27.36,7407400.0,0.0,新华网
603888,2023-10-20,27.12,27.3,25.75,25.8,12300800.0,0.0,新华网
603888,2023-10-23,25.52,25.76,24.16,24.32,12416100.0,0.0,新华网
603888,2023-10-24,24.5,25.88,24.44,25.65,14952700.0,0.0,新华网
603888,2023-10-25,25.71,26.18,25.35,25.44,10332100.0,0.0,新华网
603888,2023-10-26,25.16,25.38,24.73,25.15,8019100.0,0.0,新华网
603888,2023-10-27,25.3,25.53,24.62,25.38,8538600.0,0.0,新华网
603888,2023-10-30,25.21,25.98,25.21,25.73,8814200.0,0.0,新华网
603888,2023-10-31,25.73,26.14,25.24,25.46,8584800.0,0.0,新华网
603888,2023-11-01,25.31,25.88,25.22,25.51,6538900.0,0.0,新华网
603888,2023-11-02,25.5,26.12,25.4,25.71,13206500.0,0.0,新华网
603888,2023-11-03,25.52,25.88,25.1,25.53,9446100.0,0.0,新华网
603888,2023-11-06,25.69,26.8,25.66,26.61,12630900.0,0.0,新华网
603888,2023-11-07,26.6,26.72,26.14,26.6,9086600.0,0.0,新华网
603888,2023-11-08,26.68,27.66,26.6,27.2,16135600.0,0.0,新华网
603888,2023-11-09,27.2,27.45,26.79,27.12,9014400.0,0.0,新华网
603888,2023-11-10,26.95,27.09,26.4,26.51,7287600.0,0.0,新华网
603888,2023-11-13,26.66,27.76,26.66,27.31,13241800.0,0.0,新华网
603888,2023-11-14,27.46,27.94,27.3,27.55,9178600.0,0.0,新华网
603888,2023-11-15,27.76,27.95,27.35,27.41,8761400.0,0.0,新华网
603888,2023-11-16,27.19,28.27,27.05,27.45,10855700.0,0.0,新华网
603888,2023-11-17,27.19,27.59,27.0,27.2,7272600.0,0.0,新华网
603888,2023-11-20,27.44,27.69,27.12,27.48,7137400.0,0.0,新华网
603888,2023-11-21,27.64,27.8,27.21,27.31,7418600.0,0.0,新华网
603888,2023-11-22,27.22,28.35,27.19,27.37,15288000.0,0.0,新华网
603888,2023-11-23,27.27,27.27,26.29,26.9,9713200.0,0.0,新华网
603888,2023-11-24,26.99,27.3,26.36,26.57,9776400.0,0.0,新华网
603888,2023-11-27,26.27,27.3,26.2,26.51,7673500.0,0.0,新华网
603888,2023-11-28,26.48,28.01,25.6,27.2,16435500.0,0.0,新华网
603888,2023-11-29,26.85,27.0,26.1,26.1,11367000.0,0.0,新华网
603888,2023-11-30,26.1,26.2,25.55,25.79,6769700.0,0.0,新华网
603888,2023-12-01,25.85,26.75,25.8,26.6,11265000.0,0.0,新华网
603888,2023-12-04,26.6,27.77,26.58,27.31,16413200.0,0.0,新华网
603888,2023-12-05,27.27,27.27,26.08,26.08,9969700.0,0.0,新华网
603888,2023-12-06,26.01,26.78,25.46,26.36,7749400.0,0.0,新华网
603888,2023-12-07,26.37,29.0,26.24,28.13,34147800.0,0.0,新华网
603888,2023-12-08,28.52,29.0,27.94,28.76,34492300.0,0.0,新华网
603888,2023-12-11,28.29,30.27,28.25,29.59,33649600.0,0.0,新华网
603888,2023-12-12,29.83,30.98,29.36,30.3,31356300.0,0.0,新华网
603888,2023-12-13,29.9,30.12,29.21,29.3,19422700.0,0.0,新华网
603888,2023-12-14,29.32,29.76,28.77,28.88,15943400.0,0.0,新华网
603888,2023-12-15,28.91,30.4,28.51,29.67,27494500.0,0.0,新华网
603888,2023-12-18,29.92,30.32,28.69,28.83,19653500.0,0.0,新华网
603888,2023-12-19,28.83,29.93,28.55,29.29,15365300.0,0.0,新华网
603888,2023-12-20,29.37,29.45,27.62,27.64,16778300.0,0.0,新华网
603888,2023-12-21,27.23,28.07,27.23,27.71,10256000.0,0.0,新华网
603888,2023-12-22,27.91,27.95,25.4,25.61,20239600.0,0.0,新华网
603888,2023-12-25,25.37,25.73,24.47,24.91,11439200.0,0.0,新华网
603888,2023-12-26,25.03,25.15,23.56,23.7,12312300.0,0.0,新华网
603888,2023-12-27,23.64,24.26,23.45,24.05,9543800.0,0.0,新华网
603888,2023-12-28,24.0,24.72,23.6,24.51,8773300.0,0.0,新华网
603888,2023-12-29,24.5,25.46,24.45,25.19,9659800.0,0.0,新华网
603888,2024-01-02,25.19,25.5,24.89,25.0,6822500.0,0.0,新华网
603888,2024-01-03,24.81,25.18,24.61,24.88,5595300.0,0.0,新华网
603888,2024-01-04,24.84,24.88,24.27,24.35,6277300.0,0.0,新华网
603888,2024-01-05,24.58,24.58,23.82,23.99,5889500.0,0.0,新华网
603888,2024-01-08,23.77,24.08,23.54,23.59,4580300.0,0.0,新华网
603888,2024-01-09,23.65,23.99,22.66,23.03,10295500.0,0.0,新华网
603888,2024-01-10,22.92,23.03,22.0,22.16,9466000.0,0.0,新华网
603888,2024-01-11,22.16,22.86,22.16,22.84,7484500.0,0.0,新华网
603888,2024-01-12,22.84,22.94,22.32,22.35,5455600.0,0.0,新华网
603888,2024-01-15,22.39,22.53,21.95,22.28,4503800.0,0.0,新华网
603888,2024-01-16,22.28,22.28,21.6,21.94,6113600.0,0.0,新华网
603888,2024-01-17,22.03,22.15,21.4,21.4,4394000.0,0.0,新华网
603888,2024-01-18,21.34,21.6,20.67,21.5,8183300.0,0.0,新华网
603888,2024-01-19,21.38,21.89,21.29,21.38,8611400.0,0.0,新华网
603888,2024-01-22,21.33,21.54,19.65,19.8,11523800.0,0.0,新华网
603888,2024-01-23,19.88,20.87,19.76,20.7,11678400.0,0.0,新华网
603888,2024-01-24,20.7,21.12,20.02,21.04,9327100.0,0.0,新华网
603888,2024-01-25,20.86,23.14,20.75,23.14,26158900.0,0.0,新华网
603888,2024-01-26,22.87,23.25,22.61,22.67,19940800.0,0.0,新华网
603888,2024-01-29,22.86,23.16,22.17,22.2,11824300.0,0.0,新华网
603888,2024-01-30,22.21,22.91,21.77,21.98,11507000.0,0.0,新华网
603888,2024-01-31,21.97,22.25,20.48,20.5,18283200.0,0.0,新华网
603888,2024-02-01,20.5,21.12,19.59,20.3,13353800.0,0.0,新华网
603888,2024-02-02,20.3,21.15,19.09,19.73,14181000.0,0.0,新华网
603888,2024-02-05,19.5,19.5,17.76,17.77,17822900.0,0.0,新华网
603888,2024-02-06,17.31,18.83,16.52,18.35,17191700.0,0.0,新华网
603888,2024-02-07,18.35,19.69,18.13,19.08,18441300.0,0.0,新华网
603888,2024-02-08,19.19,19.85,19.09,19.73,14203800.0,0.0,新华网
603888,2024-02-19,21.52,21.7,20.99,21.7,9671300.0,0.0,新华网
603888,2024-02-20,23.87,23.87,23.11,23.87,17316400.0,0.0,新华网
603888,2024-02-21,24.02,25.45,23.22,23.41,51263500.0,0.0,新华网
603888,2024-02-22,23.75,25.39,23.75,24.58,37949100.0,0.0,新华网
603888,2024-02-23,24.5,27.0,24.18,26.8,48821200.0,0.0,新华网
603888,2024-02-26,25.52,26.42,25.03,25.93,37463300.0,0.0,新华网
603888,2024-02-27,25.4,26.49,25.17,26.28,35154600.0,0.0,新华网
603888,2024-02-28,26.0,26.95,24.26,24.28,36091700.0,0.0,新华网
603888,2024-02-29,24.01,25.66,24.01,25.66,26157100.0,0.0,新华网
603888,2024-03-01,25.4,27.66,25.3,27.65,43001300.0,0.0,新华网
603888,2024-03-04,26.9,27.4,26.26,27.13,32158200.0,0.0,新华网
603888,2024-03-05,26.65,27.7,25.9,26.68,30038000.0,0.0,新华网
603888,2024-03-06,26.19,26.59,25.65,26.02,17212100.0,0.0,新华网
603888,2024-03-07,25.98,26.76,25.69,25.71,20331900.0,0.0,新华网
603888,2024-03-08,25.5,25.97,25.0,25.74,15255600.0,0.0,新华网
603888,2024-03-11,25.49,25.69,25.13,25.69,12599100.0,0.0,新华网
603888,2024-03-12,25.9,26.37,25.66,26.05,17334100.0,0.0,新华网
603888,2024-03-13,25.96,26.8,25.7,26.34,24686700.0,0.0,新华网
603888,2024-03-14,25.98,25.98,25.1,25.49,16190300.0,0.0,新华网
603888,2024-03-15,25.35,25.58,24.88,25.5,11301600.0,0.0,新华网
603888,2024-03-18,25.55,26.65,25.32,26.5,22031600.0,0.0,新华网
603888,2024-03-19,26.3,26.69,25.92,25.98,16009700.0,0.0,新华网
603888,2024-03-20,25.9,26.91,25.8,26.8,27749200.0,0.0,新华网
603888,2024-03-21,27.6,27.78,26.38,26.55,25778600.0,0.0,新华网
603888,2024-03-22,26.28,28.46,25.9,27.67,44406200.0,0.0,新华网
603888,2024-03-25,27.73,27.74,26.24,26.32,28088100.0,0.0,新华网
603888,2024-03-26,25.88,26.16,24.29,24.7,22901300.0,0.0,新华网
603888,2024-03-27,24.6,24.87,23.01,23.09,15456200.0,0.0,新华网
603888,2024-03-28,23.0,24.21,22.91,23.88,12585400.0,0.0,新华网
603888,2024-03-29,23.68,23.87,23.19,23.67,9150000.0,0.0,新华网
603888,2024-04-01,23.69,24.36,23.69,24.31,9235300.0,0.0,新华网
603888,2024-04-02,24.39,24.44,23.67,23.92,7838800.0,0.0,新华网
603888,2024-04-03,23.91,23.91,23.09,23.22,8131000.0,0.0,新华网
603888,2024-04-08,23.18,23.18,22.51,22.68,6765600.0,0.0,新华网
603888,2024-04-09,22.7,23.03,22.62,22.88,4981600.0,0.0,新华网
603888,2024-04-10,22.75,22.85,21.66,21.9,10585100.0,0.0,新华网
603888,2024-04-11,21.72,23.18,21.68,22.83,12645300.0,0.0,新华网
603888,2024-04-12,22.63,22.88,22.18,22.18,6913300.0,0.0,新华网
603888,2024-04-15,22.11,22.63,21.67,22.23,8604200.0,0.0,新华网
603888,2024-04-16,22.06,22.14,20.97,21.05,9687500.0,0.0,新华网
603888,2024-04-17,21.44,22.19,21.44,22.07,9607500.0,0.0,新华网
603888,2024-04-18,22.0,22.74,21.71,22.27,11663400.0,0.0,新华网
603888,2024-04-19,22.07,22.45,22.0,22.18,7615400.0,0.0,新华网
603888,2024-04-22,22.0,22.12,21.36,21.83,5654200.0,0.0,新华网
603888,2024-04-23,22.19,22.68,22.14,22.52,10630200.0,0.0,新华网
603888,2024-04-24,22.54,23.06,22.27,23.06,11306200.0,0.0,新华网
603888,2024-04-25,22.8,22.98,22.44,22.63,8229000.0,0.0,新华网
603888,2024-04-26,22.78,23.48,22.56,23.38,13195200.0,0.0,新华网
603888,2024-04-29,23.6,24.98,23.07,24.57,20244100.0,0.0,新华网
603888,2024-04-30,24.58,24.69,24.0,24.18,13413200.0,0.0,新华网
603888,2024-05-06,24.68,24.75,23.95,24.19,11835700.0,0.0,新华网
603888,2024-05-07,24.2,24.47,23.98,24.08,9637000.0,0.0,新华网
603888,2024-05-08,23.98,23.98,23.11,23.15,10538600.0,0.0,新华网
603888,2024-05-09,23.04,23.58,23.04,23.42,6075600.0,0.0,新华网
603888,2024-05-10,23.48,23.66,23.04,23.16,5172700.0,0.0,新华网
603888,2024-05-13,22.88,23.1,22.45,22.81,5163800.0,0.0,新华网
603888,2024-05-14,23.04,23.38,22.89,23.21,5720100.0,0.0,新华网
603888,2024-05-15,23.25,23.27,22.57,22.73,4702400.0,0.0,新华网
603888,2024-05-16,22.85,23.16,22.76,22.82,5278400.0,0.0,新华网
603888,2024-05-17,22.77,22.94,22.52,22.91,4946500.0,0.0,新华网
603888,2024-05-20,22.83,23.44,22.67,23.29,7937800.0,0.0,新华网
603888,2024-05-21,23.26,23.4,23.01,23.03,5351200.0,0.0,新华网
603888,2024-05-22,23.02,23.16,22.82,23.1,3779400.0,0.0,新华网
603888,2024-05-23,23.09,23.09,22.3,22.4,6736000.0,0.0,新华网
603888,2024-05-24,22.33,22.49,21.84,21.85,5091800.0,0.0,新华网
603888,2024-05-27,21.85,22.28,21.7,22.25,4636100.0,0.0,新华网
603888,2024-05-28,22.26,22.26,21.81,21.87,3464800.0,0.0,新华网
603888,2024-05-29,21.8,22.07,21.63,21.76,3162900.0,0.0,新华网
603888,2024-05-30,21.62,21.97,21.4,21.78,3485100.0,0.0,新华网
603888,2024-05-31,21.74,22.15,21.74,22.01,3574000.0,0.0,新华网
603888,2024-06-03,22.04,22.18,21.66,21.86,4146400.0,0.0,新华网
603888,2024-06-04,21.86,21.95,21.66,21.91,4320900.0,0.0,新华网
603888,2024-06-05,21.76,21.96,21.58,21.58,3732900.0,0.0,新华网
603888,2024-06-06,21.57,21.71,20.78,20.93,6942700.0,0.0,新华网
603888,2024-06-07,20.96,21.29,20.86,21.18,3998100.0,0.0,新华网
603888,2024-06-11,21.08,21.37,20.8,21.19,4194800.0,0.0,新华网
603888,2024-06-12,21.18,21.86,21.1,21.82,6997100.0,0.0,新华网
603888,2024-06-13,21.79,21.91,21.61,21.82,4698900.0,0.0,新华网
603888,2024-06-14,21.78,22.0,21.71,21.97,4728900.0,0.0,新华网
603888,2024-06-17,21.82,21.97,21.56,21.59,4203800.0,0.0,新华网
603888,2024-06-18,21.59,21.95,21.58,21.78,4201800.0,0.0,新华网
603888,2024-06-19,21.84,21.84,21.38,21.39,4193500.0,0.0,新华网
603888,2024-06-20,21.25,21.38,20.71,20.76,4941300.0,0.0,新华网
603888,2024-06-21,20.63,20.88,20.51,20.77,3225200.0,0.0,新华网
603888,2024-06-24,20.61,20.75,19.74,19.74,6506200.0,0.0,新华网
603888,2024-06-25,19.75,19.92,19.43,19.64,4202700.0,0.0,新华网
603888,2024-06-26,19.65,21.6,19.56,21.6,13688600.0,0.0,新华网
603888,2024-06-27,21.54,22.25,21.42,21.66,17199100.0,0.0,新华网
603888,2024-06-28,21.5,21.8,21.35,21.51,11047200.0,0.0,新华网
603888,2024-07-01,21.5,21.84,20.98,21.82,8462200.0,0.0,新华网
603888,2024-07-02,21.79,22.15,21.72,21.93,11158700.0,0.0,新华网
603888,2024-07-03,21.85,22.0,21.64,21.74,6329400.0,0.0,新华网
603888,2024-07-04,21.74,21.82,21.24,21.26,6002100.0,0.0,新华网
603888,2024-07-05,21.06,21.67,20.7,21.36,6808700.0,0.0,新华网
603888,2024-07-08,21.18,21.31,20.5,20.63,6482700.0,0.0,新华网
603888,2024-07-09,20.99,21.27,20.26,21.26,7375400.0,0.0,新华网
603888,2024-07-10,21.15,21.36,20.65,20.69,7010500.0,0.0,新华网
603888,2024-07-11,21.02,21.27,20.86,21.27,7201400.0,0.0,新华网
603888,2024-07-12,21.18,21.27,20.8,20.84,5831700.0,0.0,新华网
603888,2024-07-15,20.77,20.78,20.32,20.38,4904600.0,0.0,新华网
603888,2024-07-16,20.28,20.68,20.0,20.48,4971400.0,0.0,新华网
603888,2024-07-17,20.39,20.88,20.35,20.43,5151100.0,0.0,新华网
603888,2024-07-18,20.26,20.55,19.82,20.44,5697900.0,0.0,新华网
603888,2024-07-19,20.43,21.43,20.28,21.12,11532400.0,0.0,新华网
603888,2024-07-22,20.87,21.2,20.76,21.16,5499200.0,0.0,新华网
603888,2024-07-23,21.42,21.42,20.58,20.58,5169000.0,0.0,新华网
603888,2024-07-24,20.5,20.66,20.05,20.12,4279900.0,0.0,新华网
603888,2024-07-25,20.12,20.44,19.91,20.23,3283600.0,0.0,新华网
603888,2024-07-26,20.08,20.32,19.9,19.97,4857900.0,0.0,新华网
603888,2024-07-29,19.97,20.13,19.63,19.89,3731500.0,0.0,新华网
603888,2024-07-30,19.91,20.05,19.66,19.87,3209100.0,0.0,新华网
603888,2024-07-31,19.83,20.98,19.82,20.83,9537700.0,0.0,新华网
603888,2024-08-01,20.83,21.06,20.53,20.62,4845100.0,0.0,新华网
603888,2024-08-02,20.46,20.78,20.03,20.06,5652600.0,0.0,新华网
603888,2024-08-05,19.97,20.55,19.66,19.67,7131500.0,0.0,新华网
603888,2024-08-06,20.04,20.14,19.8,20.14,5300300.0,0.0,新华网
603888,2024-08-07,20.11,20.22,19.9,19.93,3687900.0,0.0,新华网
603888,2024-08-08,19.81,20.12,19.51,20.01,4992500.0,0.0,新华网
603888,2024-08-09,20.05,20.14,19.6,19.66,4050200.0,0.0,新华网
603888,2024-08-12,19.6,19.69,19.35,19.4,3020400.0,0.0,新华网
603888,2024-08-13,19.5,19.52,19.23,19.45,2415400.0,0.0,新华网
603888,2024-08-14,19.45,19.92,19.37,19.72,4524100.0,0.0,新华网
603888,2024-08-15,19.72,20.2,19.54,19.88,5270400.0,0.0,新华网
603888,2024-08-16,19.88,19.95,19.68,19.71,2625700.0,0.0,新华网
603888,2024-08-19,19.72,19.95,19.68,19.77,2260600.0,0.0,新华网
603888,2024-08-20,19.86,19.89,19.48,19.51,3070100.0,0.0,新华网
603888,2024-08-21,19.5,19.74,19.24,19.27,2974100.0,0.0,新华网
603888,2024-08-22,19.21,19.33,18.7,18.72,4113000.0,0.0,新华网
603888,2024-08-23,18.71,19.02,18.59,18.9,3277600.0,0.0,新华网
603888,2024-08-26,18.8,19.1,18.66,18.94,2519600.0,0.0,新华网
603888,2024-08-27,18.95,19.01,18.51,18.52,2941900.0,0.0,新华网
603888,2024-08-28,18.61,19.39,18.58,19.2,6804000.0,0.0,新华网
603888,2024-08-29,19.09,19.47,19.02,19.39,4556600.0,0.0,新华网
603888,2024-08-30,19.41,20.04,19.35,19.81,6190600.0,0.0,新华网
603888,2024-09-02,19.78,19.91,19.26,19.27,4166700.0,0.0,新华网
603888,2024-09-03,19.35,19.69,19.28,19.41,3328500.0,0.0,新华网
603888,2024-09-04,19.28,19.5,19.21,19.31,2452600.0,0.0,新华网
603888,2024-09-05,19.3,19.78,19.29,19.78,4394500.0,0.0,新华网
603888,2024-09-06,19.71,19.83,19.41,19.43,2780300.0,0.0,新华网
603888,2024-09-09,19.38,19.49,19.15,19.25,2551600.0,0.0,新华网
603888,2024-09-10,19.29,19.64,18.96,19.55,3572800.0,0.0,新华网
603888,2024-09-11,19.4,19.55,19.32,19.48,2044300.0,0.0,新华网
603888,2024-09-12,19.54,19.75,19.36,19.38,2409800.0,0.0,新华网
603888,2024-09-13,19.49,19.49,19.15,19.15,1915800.0,0.0,新华网
603888,2024-09-18,19.15,19.24,18.76,19.05,2207400.0,0.0,新华网
603888,2024-09-19,19.18,19.63,19.01,19.59,4148400.0,0.0,新华网
603888,2024-09-20,19.59,19.85,19.51,19.76,3965000.0,0.0,新华网
603888,2024-09-23,19.76,20.1,19.65,19.89,4332300.0,0.0,新华网
603888,2024-09-24,19.99,20.68,19.64,20.41,11359600.0,0.0,新华网
603888,2024-09-25,20.47,21.38,20.47,20.74,13140300.0,0.0,新华网
603888,2024-09-26,20.56,21.26,20.54,21.26,9249800.0,0.0,新华网
603888,2024-09-27,21.93,22.39,21.66,22.38,8714700.0,0.0,新华网
603888,2024-09-30,23.5,24.32,22.9,24.17,27525900.0,0.0,新华网
603888,2024-10-08,26.58,26.59,24.1,25.91,29505800.0,0.0,新华网
603888,2024-10-09,25.0,25.57,23.91,23.94,20561000.0,0.0,新华网
603888,2024-10-10,24.98,25.08,23.71,24.18,15480100.0,0.0,新华网
603888,2024-10-11,23.86,23.91,22.12,22.44,12659500.0,0.0,新华网
603888,2024-10-14,22.44,23.05,21.76,22.94,9840600.0,0.0,新华网
603888,2024-10-15,22.7,23.43,22.5,22.57,9610500.0,0.0,新华网
603888,2024-10-16,22.21,23.02,22.14,22.52,8328200.0,0.0,新华网
603888,2024-10-17,22.66,23.18,22.56,22.57,9029700.0,0.0,新华网
603888,2024-10-18,22.61,23.6,22.23,23.34,15155900.0,0.0,新华网
603888,2024-10-21,23.48,24.15,23.18,23.67,13873900.0,0.0,新华网
603888,2024-10-22,23.67,25.99,23.65,25.1,38101100.0,0.0,新华网
603888,2024-10-23,24.7,24.85,23.85,24.07,21511400.0,0.0,新华网
603888,2024-10-24,23.84,24.07,23.32,23.85,10705800.0,0.0,新华网
603888,2024-10-25,23.67,24.3,23.67,24.2,12539400.0,0.0,新华网
603888,2024-10-28,24.24,24.52,24.08,24.4,12765500.0,0.0,新华网
603888,2024-10-29,25.18,25.26,23.89,23.89,15910700.0,0.0,新华网
603888,2024-10-30,23.64,23.97,23.26,23.46,10840000.0,0.0,新华网
603888,2024-10-31,23.31,24.14,23.2,23.92,10570100.0,0.0,新华网
603888,2024-11-01,23.57,23.75,22.82,22.94,12049200.0,0.0,新华网
603888,2024-11-04,22.94,23.63,22.89,23.55,7594900.0,0.0,新华网
603888,2024-11-05,23.64,24.58,23.43,24.51,17140300.0,0.0,新华网
603888,2024-11-06,24.47,24.79,24.11,24.42,13319900.0,0.0,新华网
603888,2024-11-07,24.21,24.66,23.92,24.66,14086600.0,0.0,新华网
603888,2024-11-08,24.91,25.18,24.28,24.46,13940900.0,0.0,新华网
603888,2024-11-11,24.45,26.68,24.25,25.89,44977000.0,0.0,新华网
603888,2024-11-12,25.83,26.19,24.93,25.2,28920900.0,0.0,新华网
603888,2024-11-13,24.91,26.15,24.8,25.72,21535200.0,0.0,新华网
603888,2024-11-14,25.6,26.07,24.79,24.86,19345200.0,0.0,新华网
603888,2024-11-15,24.87,25.63,24.7,24.7,17456900.0,0.0,新华网
603888,2024-11-18,24.82,24.98,23.25,23.43,14317600.0,0.0,新华网
603888,2024-11-19,23.39,23.88,23.25,23.86,9020900.0,0.0,新华网
603888,2024-11-20,23.79,24.95,23.69,24.63,14984600.0,0.0,新华网
603888,2024-11-21,24.44,25.0,24.35,24.68,10796400.0,0.0,新华网
603888,2024-11-22,24.57,25.43,23.91,23.92,15183300.0,0.0,新华网
603888,2024-11-25,24.1,24.27,23.2,24.05,11288700.0,0.0,新华网
603888,2024-11-26,23.88,24.84,23.75,23.75,10473500.0,0.0,新华网
603888,2024-11-27,23.5,24.65,23.1,24.64,12285300.0,0.0,新华网
603888,2024-11-28,24.81,25.55,24.61,24.83,25025600.0,0.0,新华网
603888,2024-11-29,24.85,25.1,24.19,24.87,18133900.0,0.0,新华网
603888,2024-12-02,24.87,25.58,24.7,25.26,17384300.0,0.0,新华网
603888,2024-12-03,25.26,25.32,24.78,24.95,11209100.0,0.0,新华网
603888,2024-12-04,24.93,24.93,23.97,24.14,11326400.0,0.0,新华网
603888,2024-12-05,24.13,25.08,24.04,25.08,14437800.0,0.0,新华网
603888,2024-12-06,25.22,26.33,25.02,26.25,32166500.0,0.0,新华网
603888,2024-12-09,26.8,26.85,25.59,25.94,22278700.0,0.0,新华网
603888,2024-12-10,26.65,26.88,25.95,26.05,25702600.0,0.0,新华网
603888,2024-12-11,25.97,26.5,25.79,26.37,18176800.0,0.0,新华网
603888,2024-12-12,26.38,26.68,25.82,26.32,15571700.0,0.0,新华网
603888,2024-12-13,26.07,26.99,26.0,26.31,22145500.0,0.0,新华网
603888,2024-12-16,26.35,26.49,25.38,25.62,15149200.0,0.0,新华网
603888,2024-12-17,25.5,25.51,24.38,24.42,14436900.0,0.0,新华网
603888,2024-12-18,24.72,24.95,24.23,24.69,9044500.0,0.0,新华网
603888,2024-12-19,24.39,25.1,24.12,24.96,10223000.0,0.0,新华网
603888,2024-12-20,24.83,25.35,24.73,25.23,8758000.0,0.0,新华网
603888,2024-12-23,25.16,25.17,23.86,23.92,13037300.0,0.0,新华网
603888,2024-12-24,23.91,24.08,23.64,23.99,6990100.0,0.0,新华网
603888,2024-12-25,23.99,23.99,23.36,23.55,6663100.0,0.0,新华网
603888,2024-12-26,23.6,23.82,23.55,23.62,4815600.0,0.0,新华网
603888,2024-12-27,23.74,24.05,23.31,23.55,7048400.0,0.0,新华网
603888,2024-12-30,23.65,23.7,23.13,23.35,8107600.0,0.0,新华网
603888,2024-12-31,23.48,23.49,22.27,22.34,12214700.0,0.0,新华网
603888,2025-01-02,22.35,22.48,21.56,21.76,8430900.0,0.0,新华网
603888,2025-01-03,21.81,21.89,21.02,21.13,7386700.0,0.0,新华网
603888,2025-01-06,21.15,21.54,20.85,21.33,7227300.0,0.0,新华网
603888,2025-01-07,21.31,21.45,21.07,21.44,5969400.0,0.0,新华网
603888,2025-01-08,21.3,21.52,20.63,21.33,8742600.0,0.0,新华网
603888,2025-01-09,21.25,21.47,21.2,21.32,5517700.0,0.0,新华网
603888,2025-01-10,21.2,21.45,20.78,20.79,6051900.0,0.0,新华网
603888,2025-01-13,20.6,20.93,20.4,20.81,4767900.0,0.0,新华网
603888,2025-01-14,20.92,21.8,20.89,21.75,8853400.0,0.0,新华网
603888,2025-01-15,21.97,22.64,21.84,21.95,10453100.0,0.0,新华网
603888,2025-01-16,21.93,23.01,21.93,22.2,12268500.0,0.0,新华网
603888,2025-01-17,22.0,22.36,21.75,22.05,5676300.0,0.0,新华网
603888,2025-01-20,22.32,22.42,21.82,21.91,6798300.0,0.0,新华网
603888,2025-01-21,22.02,22.18,21.79,22.09,4801000.0,0.0,新华网
603888,2025-01-22,22.01,22.05,21.75,21.85,4441400.0,0.0,新华网
603888,2025-01-23,22.07,22.34,21.9,21.95,6851900.0,0.0,新华网
603888,2025-01-24,21.9,22.78,21.84,22.75,9766700.0,0.0,新华网
603888,2025-01-27,23.03,23.4,22.87,23.0,11344800.0,0.0,新华网
603888,2025-02-05,23.32,23.68,23.13,23.56,12752000.0,0.0,新华网
603888,2025-02-06,23.36,23.7,23.34,23.65,10957000.0,0.0,新华网
603888,2025-02-07,23.63,24.06,23.45,23.74,14032900.0,0.0,新华网
603888,2025-02-10,23.81,24.37,23.76,24.3,11648900.0,0.0,新华网
603888,2025-02-11,24.15,24.58,23.9,24.42,11595000.0,0.0,新华网
603888,2025-02-12,24.45,24.71,24.22,24.43,11695800.0,0.0,新华网
603888,2025-02-13,24.39,24.64,23.96,24.3,10786700.0,0.0,新华网
603888,2025-02-14,24.98,25.33,24.0,24.88,20484700.0,0.0,新华网
603888,2025-02-17,24.66,25.15,24.51,24.69,14653500.0,0.0,新华网
603888,2025-02-18,24.8,25.07,23.91,24.0,12862900.0,0.0,新华网
603888,2025-02-19,23.99,24.57,23.8,24.52,9843900.0,0.0,新华网
603888,2025-02-20,24.56,24.68,24.14,24.29,7848700.0,0.0,新华网
603888,2025-02-21,24.48,26.72,24.33,26.72,36134900.0,0.0,新华网
603888,2025-02-24,27.0,27.19,25.98,26.46,46844300.0,0.0,新华网
603888,2025-02-25,25.88,26.35,25.7,25.85,23130200.0,0.0,新华网
603888,2025-02-26,26.1,26.35,25.59,26.04,22212300.0,0.0,新华网
603888,2025-02-27,25.93,26.98,25.75,26.18,30553500.0,0.0,新华网
603888,2025-02-28,25.91,26.84,25.51,25.6,25387000.0,0.0,新华网
603888,2025-03-03,25.7,25.8,24.71,24.92,17908500.0,0.0,新华网
603888,2025-03-04,24.6,25.02,24.49,24.67,12466800.0,0.0,新华网
603888,2025-03-05,24.7,24.79,23.98,24.27,14542600.0,0.0,新华网
603888,2025-03-06,24.43,25.27,24.27,25.06,17655500.0,0.0,新华网
603888,2025-03-07,24.97,25.11,24.4,24.57,11419400.0,0.0,新华网
603888,2025-03-10,24.5,24.53,23.93,24.11,10102500.0,0.0,新华网
603888,2025-03-11,23.98,24.1,23.72,24.1,7403500.0,0.0,新华网
603888,2025-03-12,24.25,24.68,24.21,24.42,12311900.0,0.0,新华网
603888,2025-03-13,24.42,24.42,23.48,23.66,11718400.0,0.0,新华网
603888,2025-03-14,23.6,24.09,23.42,24.07,9586300.0,0.0,新华网
603888,2025-03-17,24.12,24.19,23.84,23.99,6481000.0,0.0,新华网
603888,2025-03-18,24.05,24.29,23.9,24.19,7326800.0,0.0,新华网
603888,2025-03-19,24.19,24.29,23.8,23.92,6526400.0,0.0,新华网
603888,2025-03-20,23.91,24.08,23.73,23.8,5775000.0,0.0,新华网
603888,2025-03-21,23.71,23.87,23.25,23.36,7229900.0,0.0,新华网
603888,2025-03-24,23.39,23.46,22.8,23.17,6235900.0,0.0,新华网
603888,2025-03-25,23.1,23.22,22.92,23.08,4656500.0,0.0,新华网
603888,2025-03-26,22.9,23.2,22.9,23.08,3626200.0,0.0,新华网
603888,2025-03-27,23.09,23.18,22.78,23.07,4357300.0,0.0,新华网
603888,2025-03-28,23.07,23.25,22.85,23.06,5276400.0,0.0,新华网
603888,2025-03-31,22.91,22.91,22.51,22.83,5479600.0,0.0,新华网
603888,2025-04-01,22.79,23.17,22.77,23.02,4748300.0,0.0,新华网
603888,2025-04-02,23.0,23.31,22.93,23.02,4254500.0,0.0,新华网
603888,2025-04-03,22.82,23.12,22.8,22.93,3887000.0,0.0,新华网
603888,2025-04-07,21.79,21.96,20.64,20.64,10198500.0,0.0,新华网
603888,2025-04-08,20.66,21.18,20.57,20.94,8825400.0,0.0,新华网
603888,2025-04-09,20.7,21.49,19.98,21.38,9714500.0,0.0,新华网
603888,2025-04-10,21.47,22.05,21.46,21.72,7489000.0,0.0,新华网
603888,2025-04-11,21.52,21.9,21.52,21.73,5555900.0,0.0,新华网
603888,2025-04-14,21.99,22.04,21.69,21.79,4438500.0,0.0,新华网
603888,2025-04-15,21.71,22.02,21.69,21.83,3590200.0,0.0,新华网
603888,2025-04-16,21.9,22.15,21.54,21.73,5428900.0,0.0,新华网
603888,2025-04-17,21.56,21.81,21.53,21.66,3083100.0,0.0,新华网
603888,2025-04-18,21.69,21.75,21.51,21.62,2525500.0,0.0,新华网
603888,2025-04-21,21.6,21.94,21.47,21.88,3620500.0,0.0,新华网
603888,2025-04-22,21.85,22.06,21.73,21.93,4224600.0,0.0,新华网
603888,2025-04-23,21.96,22.18,21.88,21.98,3905100.0,0.0,新华网
603888,2025-04-24,22.0,22.04,21.65,21.68,4217900.0,0.0,新华网
603888,2025-04-25,22.11,23.1,22.05,22.49,13082800.0,0.0,新华网
603888,2025-04-28,22.45,22.51,22.06,22.16,6537900.0,0.0,新华网
603888,2025-04-29,22.18,22.43,22.12,22.35,5092500.0,0.0,新华网
603888,2025-04-30,22.36,22.64,22.34,22.38,4748800.0,0.0,新华网
603888,2025-05-06,22.52,22.91,22.46,22.88,7074100.0,0.0,新华网
603888,2025-05-07,23.1,23.19,22.82,22.95,7126100.0,0.0,新华网
603888,2025-05-08,22.95,25.25,22.89,24.48,42984800.0,0.0,新华网
603888,2025-05-09,24.0,24.1,23.39,23.39,34047700.0,0.0,新华网
603888,2025-05-12,23.65,23.75,23.28,23.51,14010500.0,0.0,新华网
603888,2025-05-13,23.65,23.69,23.4,23.43,9071400.0,0.0,新华网
603888,2025-05-14,23.45,23.62,23.25,23.59,9043300.0,0.0,新华网
603888,2025-05-15,23.49,23.51,23.16,23.18,5810100.0,0.0,新华网
603888,2025-05-16,23.12,23.29,23.05,23.13,4181900.0,0.0,新华网
603888,2025-05-19,23.11,23.29,22.88,23.07,5341600.0,0.0,新华网
603888,2025-05-20,23.1,23.32,23.01,23.24,5305200.0,0.0,新华网
603888,2025-05-21,23.17,23.24,22.96,23.11,5273000.0,0.0,新华网
603888,2025-05-22,23.07,23.25,22.87,23.08,5073600.0,0.0,新华网
603888,2025-05-23,23.0,23.13,22.72,22.72,6043400.0,0.0,新华网
603888,2025-05-26,22.71,23.15,22.71,23.07,5265200.0,0.0,新华网
603888,2025-05-27,23.14,23.14,22.94,23.07,3671100.0,0.0,新华网
603888,2025-05-28,23.03,23.11,22.93,23.0,2730800.0,0.0,新华网
603888,2025-05-29,22.99,23.43,22.93,23.35,7834500.0,0.0,新华网
603888,2025-05-30,23.35,23.4,22.98,23.04,4867900.0,0.0,新华网
603888,2025-06-03,23.0,23.35,22.96,23.11,4242500.0,0.0,新华网
603888,2025-06-04,23.12,23.23,23.06,23.22,2933900.0,0.0,新华网
603888,2025-06-05,23.21,23.41,23.13,23.39,5428200.0,0.0,新华网
603888,2025-06-06,23.43,23.46,23.24,23.3,3380400.0,0.0,新华网
603888,2025-06-09,23.37,23.59,23.26,23.56,5954900.0,0.0,新华网
603888,2025-06-10,23.5,23.54,22.98,23.29,6255800.0,0.0,新华网
603888,2025-06-11,23.21,23.53,23.19,23.4,4110800.0,0.0,新华网
603888,2025-06-12,23.32,23.64,23.3,23.58,4906000.0,0.0,新华网
603888,2025-06-13,23.5,23.51,23.05,23.1,5681400.0,0.0,新华网
603888,2025-06-16,23.01,23.46,22.96,23.4,3890300.0,0.0,新华网
603888,2025-06-17,23.55,23.58,23.25,23.32,3095800.0,0.0,新华网
603888,2025-06-18,23.3,23.37,23.0,23.18,3346000.0,0.0,新华网
603888,2025-06-19,23.15,23.3,22.95,22.99,3840200.0,0.0,新华网
603888,2025-06-20,22.91,23.09,22.62,22.64,3972600.0,0.0,新华网
603888,2025-06-23,22.55,23.06,22.53,22.99,3321700.0,0.0,新华网
603888,2025-06-24,23.06,23.49,23.0,23.47,5651500.0,0.0,新华网
603888,2025-06-25,23.52,23.85,23.28,23.82,8495900.0,0.0,新华网
603888,2025-06-26,23.76,23.79,23.58,23.6,4492100.0,0.0,新华网
603888,2025-06-27,23.65,23.93,23.58,23.73,5819200.0,0.0,新华网
603888,2025-06-30,23.72,23.95,23.72,23.94,4254800.0,0.0,新华网
603888,2025-07-01,24.0,24.0,23.61,23.73,4550500.0,0.0,新华网
603888,2025-07-02,23.73,23.73,23.39,23.53,3808500.0,0.0,新华网
603888,2025-07-03,23.45,23.73,23.44,23.58,2942400.0,0.0,新华网
603888,2025-07-04,23.61,23.66,23.43,23.47,2858000.0,0.0,新华网
603888,2025-07-07,23.41,23.59,23.39,23.54,2392400.0,0.0,新华网
603888,2025-07-08,23.51,23.73,23.45,23.7,3532300.0,0.0,新华网
603888,2025-07-09,23.7,24.35,23.66,23.98,8324300.0,0.0,新华网
603888,2025-07-10,23.9,24.17,23.86,24.12,5300000.0,0.0,新华网
603888,2025-07-11,24.11,24.66,23.96,24.32,7936600.0,0.0,新华网
603888,2025-07-14,24.32,24.32,24.0,24.03,5492700.0,0.0,新华网
603888,2025-07-15,24.02,24.21,23.83,24.2,5525700.0,0.0,新华网
603888,2025-07-16,24.18,24.5,24.09,24.34,4986300.0,0.0,新华网
603888,2025-07-17,24.27,24.44,24.23,24.31,3483600.0,0.0,新华网
603888,2025-07-18,24.49,24.68,24.38,24.49,5806500.0,0.0,新华网
603888,2025-07-21,24.49,24.64,24.35,24.47,5014100.0,0.0,新华网
603888,2025-07-22,24.48,24.57,24.36,24.55,4669800.0,0.0,新华网
603888,2025-07-23,24.5,24.65,24.39,24.4,6057500.0,0.0,新华网
603888,2025-07-24,24.4,24.69,24.4,24.66,6789900.0,0.0,新华网
603888,2025-07-25,19.0,19.28,18.9,19.25,15534500.0,0.0,新华网
603888,2025-07-28,19.3,19.35,19.09,19.16,12363800.0,0.0,新华网
603888,2025-07-29,19.1,19.21,18.88,19.16,7580700.0,0.0,新华网
603888,2025-07-30,19.14,19.39,19.02,19.14,9265200.0,0.0,新华网
603888,2025-07-31,19.11,19.45,19.05,19.1,10594800.0,0.0,新华网
603888,2025-08-01,19.14,20.28,19.08,19.62,21921100.0,0.0,新华网
603888,2025-08-04,19.35,19.68,19.2,19.6,12102500.0,0.0,新华网
603888,2025-08-05,19.58,19.69,19.4,19.54,8580700.0,0.0,新华网
603888,2025-08-06,19.5,19.64,19.4,19.58,8946800.0,0.0,新华网
603888,2025-08-07,19.6,19.73,19.42,19.56,7276900.0,0.0,新华网
603888,2025-08-08,19.52,19.58,19.19,19.22,10076400.0,0.0,新华网
603888,2025-08-11,19.25,19.44,19.19,19.36,6996900.0,0.0,新华网
603888,2025-08-12,19.28,19.47,19.25,19.45,6073200.0,0.0,新华网
603888,2025-08-13,19.47,19.6,19.38,19.53,10239900.0,0.0,新华网
603888,2025-08-14,19.55,19.83,19.41,19.41,12925000.0,0.0,新华网
603888,2025-08-15,19.32,19.49,19.29,19.47,7660700.0,0.0,新华网
603888,2025-08-18,19.53,19.98,19.52,19.82,14331000.0,0.0,新华网
603888,2025-08-19,19.74,20.6,19.67,20.08,18576200.0,0.0,新华网
603888,2025-08-20,20.07,20.09,19.82,20.09,10394800.0,0.0,新华网
603888,2025-08-21,20.1,20.4,20.05,20.3,13229000.0,0.0,新华网
603888,2025-08-22,20.21,20.56,20.17,20.53,14186900.0,0.0,新华网
603888,2025-08-25,20.68,20.77,20.35,20.55,17927400.0,0.0,新华网
603888,2025-08-26,20.5,20.6,20.4,20.48,11604000.0,0.0,新华网
603888,2025-08-27,20.5,22.53,20.43,21.09,56046100.0,0.0,新华网
603888,2025-08-28,21.5,21.5,20.69,21.19,35740900.0,0.0,新华网
603888,2025-08-29,21.19,21.4,20.99,21.12,18759000.0,0.0,新华网
603888,2025-09-01,21.1,21.47,21.01,21.32,18621200.0,0.0,新华网
603888,2025-09-02,21.4,21.4,20.46,20.65,18404200.0,0.0,新华网
603888,2025-09-03,20.85,20.98,19.77,19.86,19929600.0,0.0,新华网
603888,2025-09-04,19.9,20.06,19.5,19.79,13541500.0,0.0,新华网
603888,2025-09-05,19.81,19.97,19.59,19.95,10914300.0,0.0,新华网
603888,2025-09-08,19.88,20.08,19.8,19.99,9895600.0,0.0,新华网
603888,2025-09-09,20.03,20.04,19.6,19.69,8674600.0,0.0,新华网
603888,2025-09-10,19.62,20.15,19.62,19.82,8388800.0,0.0,新华网
603888,2025-09-11,19.72,20.12,19.58,20.11,10568600.0,0.0,新华网
603888,2025-09-12,20.2,21.08,20.17,20.37,16861900.0,0.0,新华网
603888,2025-09-15,20.3,20.38,20.16,20.26,7357900.0,0.0,新华网
603888,2025-09-16,20.25,20.36,20.05,20.31,7286700.0,0.0,新华网
603888,2025-09-17,20.28,20.28,20.06,20.13,6574800.0,0.0,新华网
603888,2025-09-18,20.2,20.23,19.63,19.72,11170500.0,0.0,新华网
603888,2025-09-19,19.68,19.87,19.66,19.79,5997500.0,0.0,新华网
603888,2025-09-22,19.81,19.91,19.39,19.53,7693400.0,0.0,新华网
603888,2025-09-23,19.5,19.57,18.84,19.23,10104500.0,0.0,新华网
603888,2025-09-24,19.16,19.56,19.1,19.53,6211500.0,0.0,新华网
603888,2025-09-25,19.53,19.82,19.45,19.68,7277300.0,0.0,新华网
603888,2025-09-26,19.6,19.7,19.28,19.32,6617800.0,0.0,新华网
603888,2025-09-29,19.27,19.49,19.1,19.38,5768800.0,0.0,新华网
603888,2025-09-30,19.46,19.92,19.32,19.76,8749000.0,0.0,新华网
603888,2025-10-09,20.0,20.17,19.7,20.01,10364700.0,0.0,新华网
603888,2025-10-10,20.02,20.02,19.76,19.8,6973700.0,0.0,新华网
603888,2025-10-13,19.31,19.63,19.25,19.56,7077300.0,0.0,新华网
603888,2025-10-14,19.62,19.72,19.23,19.31,7399300.0,0.0,新华网
603888,2025-10-15,19.3,19.5,19.2,19.47,5196500.0,0.0,新华网
603888,2025-10-16,19.4,19.52,19.33,19.38,4943700.0,0.0,新华网
603888,2025-10-17,19.32,19.43,18.9,18.95,7451800.0,0.0,新华网
603888,2025-10-20,19.07,19.15,18.95,19.03,4383600.0,0.0,新华网
603888,2025-10-21,19.08,19.31,19.04,19.27,4438500.0,0.0,新华网
603888,2025-10-22,19.21,19.43,19.18,19.24,3938000.0,0.0,新华网
603888,2025-10-23,19.21,19.44,19.14,19.44,4571200.0,0.0,新华网
603888,2025-10-24,19.44,19.55,19.34,19.39,5199500.0,0.0,新华网
603888,2025-10-27,19.45,19.51,19.27,19.42,6171400.0,0.0,新华网
603888,2025-10-28,19.43,19.64,19.36,19.47,8764800.0,0.0,新华网
603888,2025-10-29,19.47,19.62,19.35,19.59,6824100.0,0.0,新华网
603888,2025-10-30,19.56,19.92,19.4,19.55,11179800.0,0.0,新华网
603888,2025-10-31,19.46,20.15,19.4,20.02,16333600.0,0.0,新华网
603888,2025-11-03,20.23,20.88,20.0,20.82,24243400.0,0.0,新华网
603888,2025-11-04,20.76,20.82,20.39,20.71,16199600.0,0.0,新华网
603888,2025-11-05,20.46,20.68,20.33,20.47,9094900.0,0.0,新华网
603888,2025-11-06,20.48,20.51,20.14,20.25,8722700.0,0.0,新华网
603888,2025-11-07,20.24,20.31,19.79,19.82,10203200.0,0.0,新华网
603888,2025-11-10,19.92,21.48,19.78,20.43,25339900.0,0.0,新华网
603888,2025-11-11,20.33,20.39,20.02,20.16,14180400.0,0.0,新华网
603888,2025-11-12,20.06,20.26,19.87,19.95,8863200.0,0.0,新华网
603888,2025-11-13,19.91,20.01,19.8,19.99,8646300.0,0.0,新华网
603888,2025-11-14,19.9,20.0,19.6,19.6,10746500.0,0.0,新华网
603888,2025-11-17,19.59,19.85,19.5,19.76,6414400.0,0.0,新华网
603888,2025-11-18,19.74,20.45,19.62,20.21,19719500.0,0.0,新华网
603888,2025-11-19,20.18,20.25,19.71,19.8,11390800.0,0.0,新华网
603888,2025-11-20,19.87,19.92,19.42,19.5,8220600.0,0.0,新华网
603888,2025-11-21,19.19,19.79,19.14,19.5,11736600.0,0.0,新华网
603888,2025-11-24,19.53,20.4,19.32,20.34,23370800.0,0.0,新华网
603888,2025-11-25,20.45,21.55,20.35,20.87,43774300.0,0.0,新华网
603888,2025-11-26,20.73,20.94,20.56,20.69,22875100.0,0.0,新华网
603888,2025-11-27,20.61,20.79,20.46,20.57,13319100.0,0.0,新华网
603888,2025-11-28,20.5,20.73,20.39,20.6,14514100.0,0.0,新华网
603888,2025-12-01,20.5,20.55,20.1,20.18,13985000.0,0.0,新华网
603888,2025-12-02,20.17,20.17,19.81,19.87,8653500.0,0.0,新华网
603888,2025-12-03,19.91,19.93,19.41,19.45,12263400.0,0.0,新华网
603888,2025-12-04,19.48,19.52,19.25,19.28,8875900.0,0.0,新华网
603888,2025-12-05,19.28,19.51,19.15,19.47,8166100.0,0.0,新华网
603888,2025-12-08,19.5,19.68,19.48,19.58,7407500.0,0.0,新华网
603888,2025-12-09,19.48,19.68,19.34,19.38,6394600.0,0.0,新华网
603888,2025-12-10,19.32,19.56,19.31,19.51,6692100.0,0.0,新华网
603888,2025-12-11,19.49,19.5,19.24,19.25,5991800.0,0.0,新华网
603888,2025-12-12,19.21,19.4,19.21,19.24,4649700.0,0.0,新华网
603888,2025-12-15,19.1,19.19,18.93,18.94,7399800.0,0.0,新华网
603888,2025-12-16,18.9,18.97,18.67,18.7,6672000.0,0.0,新华网
603888,2025-12-17,18.68,18.95,18.6,18.9,5255800.0,0.0,新华网
603888,2025-12-18,18.79,19.07,18.79,18.89,4198600.0,0.0,新华网
603888,2025-12-19,18.87,19.11,18.87,19.0,3933000.0,0.0,新华网
603888,2025-12-22,19.02,19.1,18.95,19.04,3558900.0,0.0,新华网
603888,2025-12-23,19.11,19.12,18.92,18.93,3301600.0,0.0,新华网
603888,2025-12-24,18.89,19.09,18.88,19.06,4445900.0,0.0,新华网
603888,2025-12-25,19.08,19.18,19.07,19.15,3667400.0,0.0,新华网
603888,2025-12-26,19.09,19.28,19.06,19.18,5111900.0,0.0,新华网
603888,2025-12-29,19.15,19.25,19.09,19.1,3851800.0,0.0,新华网
603888,2025-12-30,19.08,19.36,19.06,19.19,4667000.0,0.0,新华网
603888,2025-12-31,19.18,19.49,19.18,19.43,7872600.0,0.0,新华网
603888,2026-01-05,19.49,20.13,19.37,20.11,16576900.0,0.0,新华网
603888,2026-01-06,20.07,21.05,19.98,20.64,28885300.0,0.0,新华网
603888,2026-01-07,20.56,20.71,20.36,20.43,15242000.0,0.0,新华网
603888,2026-01-08,20.4,20.79,20.29,20.61,12511500.0,0.0,新华网
603888,2026-01-09,20.6,22.31,20.55,22.24,38651600.0,0.0,新华网
603888,2026-01-12,24.46,24.46,24.45,24.46,15947200.0,0.0,新华网
603888,2026-01-13,26.91,26.91,26.14,26.91,75139300.0,0.0,新华网
603888,2026-01-14,26.07,29.6,25.58,29.6,78864700.0,0.0,新华网
603888,2026-01-15,29.3,31.5,27.5,29.17,114887200.0,0.0,新华网
603888,2026-01-16,26.25,26.25,26.25,26.25,5546700.0,0.0,新华网
603888,2026-01-19,24.25,24.6,23.63,23.63,59619300.0,0.0,新华网
603888,2026-01-20,23.89,24.2,23.23,23.77,49840400.0,0.0,新华网
603888,2026-01-21,24.0,25.12,23.6,23.85,41065800.0,0.0,新华网
603888,2026-01-22,23.9,24.73,23.79,23.95,35492900.0,0.0,新华网
603888,2026-01-23,24.19,25.22,24.14,24.75,36030700.0,0.0,新华网
603888,2026-01-26,24.75,25.37,23.72,24.24,32639300.0,0.0,新华网
603888,2026-01-27,24.5,24.93,23.5,24.3,27883300.0,0.0,新华网
603888,2026-01-28,24.17,24.62,23.6,23.7,24504600.0,0.0,新华网
603888,2026-01-29,23.59,26.07,23.42,24.88,58569400.0,0.0,新华网
603888,2026-01-30,24.78,25.25,24.4,25.0,41386100.0,0.0,新华网
603888,2026-02-02,25.0,25.6,24.64,24.67,37048300.0,0.0,新华网
603888,2026-02-03,25.2,26.01,25.19,25.92,42921400.0,0.0,新华网
603888,2026-02-04,25.3,25.76,23.95,24.29,41865300.0,0.0,新华网
603888,2026-02-05,23.9,24.56,23.88,24.25,23351700.0,0.0,新华网
603888,2026-02-06,23.9,24.45,23.3,23.87,20586200.0,0.0,新华网
603888,2026-02-09,24.34,24.92,24.08,24.75,24521500.0,0.0,新华网
603888,2026-02-10,25.88,27.23,25.41,27.23,66602600.0,0.0,新华网
603888,2026-02-11,26.99,26.99,24.57,24.57,68778000.0,0.0,新华网
603888,2026-02-12,24.87,24.95,24.21,24.61,33684500.0,0.0,新华网
603888,2026-02-13,24.9,26.43,24.6,24.79,61689100.0,0.0,新华网
603888,2026-02-24,24.3,24.5,22.63,22.75,45033400.0,0.0,新华网
603888,2026-02-25,22.76,23.09,22.7,23.0,20913400.0,0.0,新华网
603888,2026-02-26,23.0,23.12,22.68,22.8,17416900.0,0.0,新华网
603888,2026-02-27,22.83,23.29,22.72,23.14,18712700.0,0.0,新华网
603888,2026-03-02,22.7,22.93,22.26,22.54,19345100.0,0.0,新华网
603888,2026-03-03,22.5,22.63,21.13,21.26,23885600.0,0.0,新华网
603888,2026-03-04,21.01,21.49,20.94,21.15,12488700.0,0.0,新华网
603888,2026-03-05,21.58,21.66,21.25,21.39,11375600.0,0.0,新华网
603888,2026-03-06,21.2,21.58,21.2,21.39,9108600.0,0.0,新华网
603888,2026-03-09,21.0,21.49,20.71,21.42,16495800.0,0.0,新华网
603888,2026-03-10,21.72,21.9,21.47,21.61,12727500.0,0.0,新华网
603888,2026-03-11,21.64,21.75,21.38,21.44,9399200.0,0.0,新华网
603888,2026-03-12,21.37,21.5,21.14,21.22,7364700.0,0.0,新华网
603888,2026-03-13,21.12,21.26,20.76,20.79,9096800.0,0.0,新华网
603888,2026-03-16,20.78,20.96,20.62,20.95,7877100.0,0.0,新华网
603888,2026-03-17,21.07,21.16,20.72,20.74,6827000.0,0.0,新华网
603888,2026-03-18,20.83,21.12,20.69,21.09,8796300.0,0.0,新华网
603888,2026-03-19,20.8,21.32,20.59,20.9,16292000.0,0.0,新华网
603888,2026-03-20,20.82,21.12,20.17,20.17,12422900.0,0.0,新华网
603888,2026-03-23,19.89,19.97,18.98,19.1,15486300.0,0.0,新华网
603888,2026-03-24,19.45,19.62,19.13,19.6,11186000.0,0.0,新华网
603888,2026-03-25,19.63,20.24,19.57,20.17,11261800.0,0.0,新华网
603888,2026-03-26,20.18,20.21,19.55,19.62,9712300.0,0.0,新华网
603888,2026-03-27,19.4,19.94,19.39,19.9,6976600.0,0.0,新华网
603888,2026-03-30,19.63,20.08,19.47,19.98,7306200.0,0.0,新华网
603888,2026-03-31,20.0,20.22,19.82,19.88,7778500.0,0.0,新华网
603888,2026-04-01,20.2,20.25,19.93,20.09,7098200.0,0.0,新华网
603888,2026-04-02,20.01,20.01,19.59,19.68,7003400.0,0.0,新华网
603888,2026-04-03,19.72,19.8,19.24,19.29,5574600.0,0.0,新华网
603888,2026-04-07,19.29,19.43,19.22,19.34,4319000.0,0.0,新华网
603888,2026-04-08,19.72,20.56,19.72,20.54,15490200.0,0.0,新华网
603888,2026-04-09,20.26,20.26,19.81,19.85,12016800.0,0.0,新华网
603888,2026-04-10,20.04,20.32,20.02,20.14,10017000.0,0.0,新华网
603888,2026-04-13,20.01,20.15,19.93,19.97,6021300.0,0.0,新华网
603888,2026-04-14,20.28,20.34,20.0,20.2,8497700.0,0.0,新华网
603888,2026-04-15,20.28,20.35,19.97,20.03,7207700.0,0.0,新华网
603888,2026-04-16,20.08,20.47,20.07,20.42,9363300.0,0.0,新华网
603888,2026-04-17,20.29,20.55,20.18,20.44,7314200.0,0.0,新华网
603888,2026-04-20,20.48,20.9,20.43,20.8,10028800.0,0.0,新华网
603888,2026-04-21,20.81,20.89,20.4,20.55,7969800.0,0.0,新华网
603888,2026-04-22,20.4,20.49,20.27,20.49,5600300.0,0.0,新华网
603888,2026-04-23,20.46,20.74,20.25,20.42,9375700.0,0.0,新华网
603888,2026-04-24,20.4,20.75,20.16,20.5,10042800.0,0.0,新华网
603888,2026-04-27,20.45,20.56,20.18,20.41,7887900.0,0.0,新华网
603888,2026-04-28,20.35,20.35,19.74,19.94,10092100.0,0.0,新华网
603888,2026-04-29,19.85,20.45,19.85,20.36,10102800.0,0.0,新华网
603888,2026-04-30,20.3,20.42,20.06,20.09,8104000.0,0.0,新华网
603888,2026-05-06,20.21,20.8,20.21,20.59,12319500.0,0.0,新华网
603888,2026-05-07,20.7,21.0,20.4,20.98,12894400.0,0.0,新华网
603888,2026-05-08,21.12,21.18,20.73,20.83,12000400.0,0.0,新华网
603888,2026-05-11,20.87,21.09,20.75,20.94,11689200.0,0.0,新华网
603888,2026-05-12,20.88,20.93,20.52,20.59,9562100.0,0.0,新华网
603888,2026-05-13,20.6,20.75,20.5,20.74,8236200.0,0.0,新华网
603888,2026-05-14,20.9,20.99,19.9,19.9,15238000.0,0.0,新华网
603888,2026-05-15,19.9,20.4,19.77,19.91,12321400.0,0.0,新华网
603888,2026-05-18,19.75,20.08,19.67,19.92,9164000.0,0.0,新华网
603888,2026-05-19,19.92,20.53,19.82,20.37,10201700.0,0.0,新华网
603888,2026-05-20,20.25,20.27,19.73,19.8,9847400.0,0.0,新华网
603888,2026-05-21,19.85,20.19,19.24,19.29,12262200.0,0.0,新华网
603888,2026-05-22,19.38,19.44,18.87,19.15,10928600.0,0.0,新华网
603888,2026-05-25,19.18,19.29,18.94,19.06,6872800.0,0.0,新华网
603888,2026-05-26,18.95,19.09,18.66,18.87,7450800.0,0.0,新华网
603888,2026-05-27,18.86,19.14,18.58,18.6,7726900.0,0.0,新华网
603888,2026-05-28,18.53,18.63,18.12,18.42,9341500.0,0.0,新华网
603888,2026-05-29,18.5,18.69,18.23,18.26,8078300.0,0.0,新华网
603888,2026-06-01,18.3,19.05,18.3,18.84,10668500.0,0.0,新华网
603888,2026-06-02,18.94,18.99,18.12,18.28,10226000.0,0.0,新华网
603888,2026-06-03,18.13,18.17,17.88,17.9,8738900.0,0.0,新华网
603888,2026-06-04,17.88,17.88,17.4,17.5,6814500.0,0.0,新华网
603888,2026-06-05,19.25,19.25,19.25,19.25,10027200.0,0.0,新华网
603888,2026-06-08,20.31,20.94,19.24,19.5,49014900.0,0.0,新华网
603888,2026-06-09,19.51,19.86,18.57,19.4,32278100.0,0.0,新华网
603888,2026-06-10,18.92,19.58,18.66,18.92,20777900.0,0.0,新华网
603888,2026-06-11,18.75,18.81,17.84,17.99,18616500.0,0.0,新华网
603888,2026-06-12,18.06,18.24,17.79,18.06,12354200.0,0.0,新华网
603888,2026-06-15,18.15,18.59,18.1,18.58,12318400.0,0.0,新华网
603888,2026-06-16,18.5,19.24,18.31,18.73,12196800.0,0.0,新华网
603888,2026-06-17,18.6,18.78,18.41,18.69,8148800.0,0.0,新华网
603888,2026-06-18,18.67,19.05,18.46,18.82,9552800.0,0.0,新华网
603888,2026-06-22,18.7,19.15,18.15,19.13,13004300.0,0.0,新华网
603888,2026-06-23,18.94,19.03,18.41,18.49,10042400.0,0.0,新华网
603888,2026-06-24,18.49,18.75,18.16,18.3,6713200.0,0.0,新华网
603888,2026-06-25,18.2,18.38,18.0,18.08,7441800.0,0.0,新华网
603888,2026-06-26,18.0,18.01,17.2,17.2,12262700.0,0.0,新华网
603888,2026-06-29,17.09,17.34,16.83,17.17,7960100.0,0.0,新华网
603888,2026-06-30,17.18,17.31,17.0,17.03,8163200.0,0.0,新华网
603888,2026-07-01,16.93,17.86,16.92,17.33,11288100.0,0.0,新华网
603888,2026-07-02,17.63,17.64,17.17,17.18,9801000.0,0.0,新华网
603888,2026-07-03,17.12,17.3,17.05,17.16,7177400.0,0.0,新华网
603888,2026-07-06,17.19,17.24,17.02,17.07,5389800.0,0.0,新华网
603888,2026-07-07,17.03,17.08,16.6,16.7,6787000.0,0.0,新华网
603888,2026-07-08,16.6,16.9,16.58,16.86,5051400.0,0.0,新华网
603888,2026-07-09,16.8,17.13,16.69,17.05,6210500.0,0.0,新华网
603888,2026-07-10,16.93,18.08,16.74,17.6,15287000.0,0.0,新华网
603888,2026-07-13,17.5,17.66,16.8,16.88,11174000.0,0.0,新华网
603888,2026-07-14,16.9,16.99,16.63,16.95,6889700.0,0.0,新华网
603888,2026-07-15,16.96,17.47,16.87,17.3,9022400.0,0.0,新华网
603888,2026-07-16,17.28,17.64,17.13,17.47,9035400.0,0.0,新华网
603888,2026-07-17,17.46,17.66,16.9,16.95,9202300.0,0.0,新华网
603888,2026-07-20,17.14,17.6,17.03,17.25,9949300.0,0.0,新华网
603888,2026-07-21,17.12,17.5,17.12,17.44,8640400.0,0.0,新华网
603888,2026-07-22,17.32,17.43,16.98,17.16,9207900.0,0.0,新华网
603888,2026-07-23,15.5,15.67,15.3,15.66,7632900.0,0.0,新华网
603888,2026-07-24,15.53,15.85,15.34,15.35,7815900.0,0.0,新华网
603888,2026-07-27,15.3,15.74,15.21,15.7,7588900.0,0.0,新华网
603888,2026-07-28,15.61,16.06,15.6,15.9,9099900.0,0.0,新华网
603888,2026-07-29,15.88,16.19,15.85,16.14,8700100.0,0.0,新华网
603888,2026-07-30,16.12,16.4,16.0,16.09,8833300.0,0.0,新华网
603888,2026-07-31,16.09,17.11,16.09,16.62,19172700.0,0.0,新华网
603888,2026-08-03,16.5,17.04,16.47,16.92,12309500.0,0.0,新华网
603888,2026-08-04,16.92,17.32,16.86,17.27,13981100.0,0.0,新华网
603888,2026-08-05,17.19,17.51,17.15,17.29,13773600.0,0.0,新华网
603888,2026-08-06,17.16,17.45,16.96,17.09,10953800.0,0.0,新华网
603888,2026-08-07,17.0,17.05,16.48,16.86,12108500.0,0.0,新华网
603888,2026-08-10,16.83,16.92,16.58,16.75,7029600.0,0.0,新华网
603888,2026-08-11,16.75,16.8,16.58,16.63,6058700.0,0.0,新华网
603888,2026-08-12,16.66,17.13,16.6,16.82,9906200.0,0.0,新华网
603888,2026-08-13,16.85,17.3,16.67,16.67,10807700.0,0.0,新华网
603888,2026-08-14,16.67,16.85,16.37,16.55,7638600.0,0.0,新华网
603888,2026-08-17,16.51,16.57,16.32,16.57,6361200.0,0.0,新华网
603888,2026-08-18,16.51,16.51,16.14,16.23,7421400.0,0.0,新华网
603888,2026-08-19,16.16,16.23,15.85,15.87,7244600.0,0.0,新华网
603888,2026-08-20,15.89,16.15,15.89,16.01,4794100.0,0.0,新华网
603888,2026-08-21,15.99,16.0,15.8,15.97,3364500.0,0.0,新华网
603888,2026-08-24,15.99,16.03,15.7,15.79,4615600.0,0.0,新华网
603888,2026-08-25,15.79,16.25,15.77,16.2,6342900.0,0.0,新华网
603888,2026-08-26,16.17,16.3,16.06,16.11,4369500.0,0.0,新华网
603888,2026-08-27,16.12,16.2,16.04,16.18,3780100.0,0.0,新华网
603888,2026-08-28,16.2,16.36,16.15,16.24,6240500.0,0.0,新华网
603888,2026-08-31,16.29,16.64,16.16,16.6,11169300.0,0.0,新华网
603888,2026-09-01,16.49,16.91,16.48,16.76,12432100.0,0.0,新华网
603888,2026-09-02,16.59,16.82,16.44,16.47,7461500.0,0.0,新华网
603888,2026-09-03,16.49,16.75,16.26,16.3,6644600.0,0.0,新华网
603888,2026-09-04,16.39,16.84,16.35,16.56,10592300.0,0.0,新华网
