code,date,open,high,low,close,volume,amount,name
688443,2023-06-20,35.0,37.46,33.71,34.02,2684575100.0,0.0,智翔金泰
688443,2023-06-21,35.2,37.78,34.21,34.35,1818190600.0,0.0,智翔金泰
688443,2023-06-26,33.0,33.0,24.16,31.19,1417625300.0,0.0,智翔金泰
688443,2023-06-27,29.99,32.32,29.88,30.89,1060521000.0,0.0,智翔金泰
688443,2023-06-28,30.33,30.48,29.01,29.64,709087300.0,0.0,智翔金泰
688443,2023-06-29,29.64,30.77,28.4,28.76,653620500.0,0.0,智翔金泰
688443,2023-06-30,28.94,30.97,28.85,30.91,1098002600.0,0.0,智翔金泰
688443,2023-07-03,31.63,33.1,31.3,32.61,860633600.0,0.0,智翔金泰
688443,2023-07-04,32.69,35.4,31.88,32.78,1295515800.0,0.0,智翔金泰
688443,2023-07-05,31.7,33.5,31.7,31.9,730937100.0,0.0,智翔金泰
688443,2023-07-06,32.13,32.13,29.44,29.83,763738200.0,0.0,智翔金泰
688443,2023-07-07,29.68,30.02,28.8,29.09,497816800.0,0.0,智翔金泰
688443,2023-07-10,29.38,31.18,29.38,30.5,552586400.0,0.0,智翔金泰
688443,2023-07-11,30.5,32.22,30.32,32.21,512000300.0,0.0,智翔金泰
688443,2023-07-12,31.92,32.49,31.21,31.24,287690700.0,0.0,智翔金泰
688443,2023-07-13,31.4,32.5,30.9,32.28,429243100.0,0.0,智翔金泰
688443,2023-07-14,31.85,32.79,31.5,31.88,239353100.0,0.0,智翔金泰
688443,2023-07-17,31.27,31.81,30.35,30.8,242636300.0,0.0,智翔金泰
688443,2023-07-18,30.43,31.44,29.63,29.88,276107000.0,0.0,智翔金泰
688443,2023-07-19,29.91,30.25,29.1,29.27,217195400.0,0.0,智翔金泰
688443,2023-07-20,29.5,29.69,28.16,28.56,294454600.0,0.0,智翔金泰
688443,2023-07-21,28.5,29.3,28.16,28.78,203523900.0,0.0,智翔金泰
688443,2023-07-24,28.89,30.42,28.57,29.72,346778500.0,0.0,智翔金泰
688443,2023-07-25,29.81,30.19,28.91,29.45,336579100.0,0.0,智翔金泰
688443,2023-07-26,29.61,29.94,29.24,29.64,178237800.0,0.0,智翔金泰
688443,2023-07-27,29.59,29.98,28.86,29.64,232002200.0,0.0,智翔金泰
688443,2023-07-28,29.3,32.68,29.3,32.6,833013800.0,0.0,智翔金泰
688443,2023-07-31,33.33,34.6,31.53,32.03,759313500.0,0.0,智翔金泰
688443,2023-08-01,31.88,32.61,30.73,31.2,484322100.0,0.0,智翔金泰
688443,2023-08-02,31.1,31.35,28.7,28.88,552863000.0,0.0,智翔金泰
688443,2023-08-03,28.73,31.3,28.67,30.76,536829600.0,0.0,智翔金泰
688443,2023-08-04,30.85,30.86,29.45,29.49,349755400.0,0.0,智翔金泰
688443,2023-08-07,29.4,29.47,27.0,27.19,771778200.0,0.0,智翔金泰
688443,2023-08-08,27.2,27.87,27.12,27.24,277496000.0,0.0,智翔金泰
688443,2023-08-09,27.21,28.27,27.11,27.58,347869800.0,0.0,智翔金泰
688443,2023-08-10,27.36,28.05,27.25,27.92,214287000.0,0.0,智翔金泰
688443,2023-08-11,28.07,28.15,27.57,27.82,247240600.0,0.0,智翔金泰
688443,2023-08-14,28.0,28.18,27.06,27.8,217828300.0,0.0,智翔金泰
688443,2023-08-15,27.94,28.02,27.11,27.61,158680300.0,0.0,智翔金泰
688443,2023-08-16,27.79,28.88,27.4,27.7,274580000.0,0.0,智翔金泰
688443,2023-08-17,27.65,28.08,27.22,27.82,147786200.0,0.0,智翔金泰
688443,2023-08-18,27.82,28.48,27.56,27.69,138572300.0,0.0,智翔金泰
688443,2023-08-21,27.5,28.05,27.26,27.83,125297800.0,0.0,智翔金泰
688443,2023-08-22,27.9,28.2,27.1,27.65,222926800.0,0.0,智翔金泰
688443,2023-08-23,27.78,27.78,27.11,27.12,130377100.0,0.0,智翔金泰
688443,2023-08-24,27.02,27.85,26.0,27.71,266850800.0,0.0,智翔金泰
688443,2023-08-25,27.33,27.5,26.32,26.78,176626400.0,0.0,智翔金泰
688443,2023-08-28,29.3,29.46,26.86,27.11,215618900.0,0.0,智翔金泰
688443,2023-08-29,26.91,29.06,26.8,28.83,375134600.0,0.0,智翔金泰
688443,2023-08-30,28.9,30.39,28.0,29.75,355738700.0,0.0,智翔金泰
688443,2023-08-31,29.7,29.92,29.09,29.18,148189800.0,0.0,智翔金泰
688443,2023-09-01,29.15,29.38,28.72,28.76,153815900.0,0.0,智翔金泰
688443,2023-09-04,28.8,29.27,27.5,28.56,256242500.0,0.0,智翔金泰
688443,2023-09-05,28.58,28.84,28.17,28.61,108150300.0,0.0,智翔金泰
688443,2023-09-06,28.44,29.0,27.72,28.1,109614200.0,0.0,智翔金泰
688443,2023-09-07,28.1,28.1,27.6,27.6,90887500.0,0.0,智翔金泰
688443,2023-09-08,27.48,28.2,27.41,27.94,89976400.0,0.0,智翔金泰
688443,2023-09-11,28.24,30.68,27.88,30.19,576612700.0,0.0,智翔金泰
688443,2023-09-12,29.99,30.59,29.4,29.6,234880400.0,0.0,智翔金泰
688443,2023-09-13,29.12,29.59,28.6,29.25,223620600.0,0.0,智翔金泰
688443,2023-09-14,29.44,29.83,28.51,29.07,141656500.0,0.0,智翔金泰
688443,2023-09-15,29.01,30.75,29.01,30.29,331147200.0,0.0,智翔金泰
688443,2023-09-18,30.18,32.66,30.18,32.26,480888500.0,0.0,智翔金泰
688443,2023-09-19,32.02,33.07,31.5,32.3,271974700.0,0.0,智翔金泰
688443,2023-09-20,32.5,32.66,31.49,31.93,226402300.0,0.0,智翔金泰
688443,2023-09-21,31.79,31.79,30.81,31.03,148648900.0,0.0,智翔金泰
688443,2023-09-22,31.12,31.39,29.96,30.92,160624900.0,0.0,智翔金泰
688443,2023-09-25,30.66,32.15,30.47,32.09,245701300.0,0.0,智翔金泰
688443,2023-09-26,31.99,31.99,30.31,30.53,234789400.0,0.0,智翔金泰
688443,2023-09-27,30.56,31.86,30.56,31.23,270149900.0,0.0,智翔金泰
688443,2023-09-28,31.23,31.59,30.52,30.84,199311100.0,0.0,智翔金泰
688443,2023-10-09,30.84,31.08,30.09,30.7,147380700.0,0.0,智翔金泰
688443,2023-10-10,30.59,30.59,29.9,30.08,146475300.0,0.0,智翔金泰
688443,2023-10-11,30.08,31.6,30.08,31.52,229211900.0,0.0,智翔金泰
688443,2023-10-12,31.82,33.99,31.7,31.87,247077900.0,0.0,智翔金泰
688443,2023-10-13,32.0,32.72,31.23,32.37,238433800.0,0.0,智翔金泰
688443,2023-10-16,31.94,32.83,30.99,31.61,208154600.0,0.0,智翔金泰
688443,2023-10-17,31.46,32.0,30.58,31.16,134123100.0,0.0,智翔金泰
688443,2023-10-18,31.25,31.27,30.1,30.4,120850000.0,0.0,智翔金泰
688443,2023-10-19,30.06,30.58,29.68,30.0,71764700.0,0.0,智翔金泰
688443,2023-10-20,30.0,30.5,29.01,29.16,91889300.0,0.0,智翔金泰
688443,2023-10-23,28.75,30.58,28.22,29.24,221828800.0,0.0,智翔金泰
688443,2023-10-24,29.53,30.53,28.7,30.06,136129400.0,0.0,智翔金泰
688443,2023-10-25,30.06,30.8,29.58,29.8,121790100.0,0.0,智翔金泰
688443,2023-10-26,29.75,31.67,29.53,31.4,160463500.0,0.0,智翔金泰
688443,2023-10-27,31.0,32.7,30.74,32.15,196051200.0,0.0,智翔金泰
688443,2023-10-30,33.38,35.57,33.01,34.59,504063300.0,0.0,智翔金泰
688443,2023-10-31,34.41,36.6,34.41,35.24,410516000.0,0.0,智翔金泰
688443,2023-11-01,34.99,36.85,34.56,36.77,601766100.0,0.0,智翔金泰
688443,2023-11-02,37.88,38.56,35.38,36.31,375082200.0,0.0,智翔金泰
688443,2023-11-03,36.0,36.34,34.41,35.19,401481300.0,0.0,智翔金泰
688443,2023-11-06,36.66,36.66,34.55,35.32,445066300.0,0.0,智翔金泰
688443,2023-11-07,35.02,35.6,33.66,34.4,380295700.0,0.0,智翔金泰
688443,2023-11-08,34.15,35.98,34.14,35.31,272169900.0,0.0,智翔金泰
688443,2023-11-09,35.41,36.98,34.77,35.58,294961300.0,0.0,智翔金泰
688443,2023-11-10,35.05,35.58,34.35,34.72,277003900.0,0.0,智翔金泰
688443,2023-11-13,34.76,34.99,33.36,34.0,225558100.0,0.0,智翔金泰
688443,2023-11-14,33.65,34.88,33.54,34.08,169761100.0,0.0,智翔金泰
688443,2023-11-15,34.7,35.18,33.72,34.63,279286200.0,0.0,智翔金泰
688443,2023-11-16,34.28,34.55,34.01,34.51,151381700.0,0.0,智翔金泰
688443,2023-11-17,34.17,36.75,33.75,36.36,464458300.0,0.0,智翔金泰
688443,2023-11-20,36.44,36.98,34.86,34.99,383115000.0,0.0,智翔金泰
688443,2023-11-21,35.0,35.3,33.86,34.9,241160100.0,0.0,智翔金泰
688443,2023-11-22,34.81,34.87,33.78,34.2,185777900.0,0.0,智翔金泰
688443,2023-11-23,34.19,35.76,33.81,35.32,197129900.0,0.0,智翔金泰
688443,2023-11-24,35.32,36.48,34.71,36.0,276582000.0,0.0,智翔金泰
688443,2023-11-27,35.79,36.0,35.11,35.7,214275200.0,0.0,智翔金泰
688443,2023-11-28,35.8,38.11,35.22,37.38,401470800.0,0.0,智翔金泰
688443,2023-11-29,37.22,38.07,36.5,37.13,235867400.0,0.0,智翔金泰
688443,2023-11-30,37.39,38.1,36.63,36.65,254577300.0,0.0,智翔金泰
688443,2023-12-01,36.44,37.92,36.27,37.7,205773700.0,0.0,智翔金泰
688443,2023-12-04,38.0,38.04,36.3,36.5,279640700.0,0.0,智翔金泰
688443,2023-12-05,36.26,37.47,35.92,36.87,196897300.0,0.0,智翔金泰
688443,2023-12-06,36.37,38.4,36.12,37.49,267756300.0,0.0,智翔金泰
688443,2023-12-07,37.8,39.5,36.6,38.02,436778400.0,0.0,智翔金泰
688443,2023-12-08,38.01,38.78,37.59,38.4,313046400.0,0.0,智翔金泰
688443,2023-12-11,38.62,39.5,37.78,38.3,483161400.0,0.0,智翔金泰
688443,2023-12-12,38.61,39.95,37.41,39.15,466233700.0,0.0,智翔金泰
688443,2023-12-13,39.6,39.65,38.68,39.27,265161200.0,0.0,智翔金泰
688443,2023-12-14,39.3,42.0,38.92,40.85,454022900.0,0.0,智翔金泰
688443,2023-12-15,41.15,41.6,39.86,40.26,345182200.0,0.0,智翔金泰
688443,2023-12-18,40.0,40.88,39.85,39.98,228091100.0,0.0,智翔金泰
688443,2023-12-19,39.98,39.98,38.5,39.08,423615300.0,0.0,智翔金泰
688443,2023-12-20,39.08,39.3,37.8,38.15,543217900.0,0.0,智翔金泰
688443,2023-12-21,38.54,38.56,35.8,36.1,432254100.0,0.0,智翔金泰
688443,2023-12-22,36.3,36.95,35.16,35.66,305460500.0,0.0,智翔金泰
688443,2023-12-25,35.94,36.98,34.75,36.06,432193700.0,0.0,智翔金泰
688443,2023-12-26,36.31,37.1,35.73,36.19,241645500.0,0.0,智翔金泰
688443,2023-12-27,36.1,38.32,35.65,38.0,332879300.0,0.0,智翔金泰
688443,2023-12-28,37.66,39.0,37.43,38.08,262107100.0,0.0,智翔金泰
688443,2023-12-29,37.9,40.2,37.85,39.95,358413700.0,0.0,智翔金泰
688443,2024-01-02,39.95,40.5,38.69,39.11,244871100.0,0.0,智翔金泰
688443,2024-01-03,38.38,39.4,37.67,38.2,180428300.0,0.0,智翔金泰
688443,2024-01-04,37.9,38.25,37.11,37.46,164818900.0,0.0,智翔金泰
688443,2024-01-05,38.0,38.02,36.18,36.54,145978200.0,0.0,智翔金泰
688443,2024-01-08,36.54,37.28,35.5,36.44,141872300.0,0.0,智翔金泰
688443,2024-01-09,36.62,37.6,36.05,36.8,166518500.0,0.0,智翔金泰
688443,2024-01-10,36.2,36.8,35.57,36.24,142193300.0,0.0,智翔金泰
688443,2024-01-11,36.08,36.96,35.98,36.48,123384900.0,0.0,智翔金泰
688443,2024-01-12,36.01,36.78,35.56,35.64,109839300.0,0.0,智翔金泰
688443,2024-01-15,35.58,36.0,35.0,35.48,116821500.0,0.0,智翔金泰
688443,2024-01-16,35.34,35.36,34.0,34.4,234147200.0,0.0,智翔金泰
688443,2024-01-17,33.96,34.1,32.15,32.3,346576200.0,0.0,智翔金泰
688443,2024-01-18,32.01,34.3,31.5,33.75,360750800.0,0.0,智翔金泰
688443,2024-01-19,34.3,34.56,33.11,34.5,198371100.0,0.0,智翔金泰
688443,2024-01-22,34.41,34.41,30.12,30.67,244228800.0,0.0,智翔金泰
688443,2024-01-23,30.51,31.97,30.2,31.58,180235200.0,0.0,智翔金泰
688443,2024-01-24,32.05,32.62,30.62,32.0,159993400.0,0.0,智翔金泰
688443,2024-01-25,32.0,32.96,30.0,32.33,254563900.0,0.0,智翔金泰
688443,2024-01-26,32.3,32.78,30.86,31.32,127150000.0,0.0,智翔金泰
688443,2024-01-29,31.12,31.69,30.08,30.61,134191600.0,0.0,智翔金泰
688443,2024-01-30,30.01,31.58,29.92,30.59,134223500.0,0.0,智翔金泰
688443,2024-01-31,30.0,30.95,28.65,28.84,206669100.0,0.0,智翔金泰
688443,2024-02-01,28.75,30.6,28.1,29.0,243720100.0,0.0,智翔金泰
688443,2024-02-02,28.86,29.84,27.12,28.4,190520800.0,0.0,智翔金泰
688443,2024-02-05,27.8,27.8,24.68,26.1,412239100.0,0.0,智翔金泰
688443,2024-02-06,25.75,28.84,24.49,28.57,432573600.0,0.0,智翔金泰
688443,2024-02-07,28.35,30.62,27.62,27.99,422901500.0,0.0,智翔金泰
688443,2024-02-08,28.8,31.49,27.09,30.93,458492600.0,0.0,智翔金泰
688443,2024-02-19,30.98,33.3,30.93,33.2,259118200.0,0.0,智翔金泰
688443,2024-02-20,32.8,33.04,31.52,32.0,189199300.0,0.0,智翔金泰
688443,2024-02-21,32.2,32.2,30.65,31.61,189287500.0,0.0,智翔金泰
688443,2024-02-22,31.56,31.99,31.12,31.88,118851000.0,0.0,智翔金泰
688443,2024-02-23,32.0,33.62,31.7,33.6,230092000.0,0.0,智翔金泰
688443,2024-02-26,33.15,34.98,32.68,33.8,208514900.0,0.0,智翔金泰
688443,2024-02-27,33.43,34.69,33.14,33.99,88539300.0,0.0,智翔金泰
688443,2024-02-28,34.56,36.3,31.82,31.82,255184000.0,0.0,智翔金泰
688443,2024-02-29,31.85,34.2,31.3,33.93,194600500.0,0.0,智翔金泰
688443,2024-03-01,33.93,34.34,33.35,33.86,115950400.0,0.0,智翔金泰
688443,2024-03-04,33.8,36.2,33.8,35.08,231938400.0,0.0,智翔金泰
688443,2024-03-05,34.5,35.82,33.16,33.62,131049000.0,0.0,智翔金泰
688443,2024-03-06,33.4,33.97,32.46,33.65,122432300.0,0.0,智翔金泰
688443,2024-03-07,33.06,33.65,31.9,32.15,131227000.0,0.0,智翔金泰
688443,2024-03-08,31.83,34.48,31.6,34.3,166807200.0,0.0,智翔金泰
688443,2024-03-11,34.25,35.85,33.7,35.69,150402700.0,0.0,智翔金泰
688443,2024-03-12,35.59,36.7,35.3,35.89,143994500.0,0.0,智翔金泰
688443,2024-03-13,36.55,39.0,35.87,38.33,221817200.0,0.0,智翔金泰
688443,2024-03-14,42.99,44.5,39.86,40.28,704978400.0,0.0,智翔金泰
688443,2024-03-15,39.48,42.19,39.33,39.49,295581000.0,0.0,智翔金泰
688443,2024-03-18,40.08,40.91,38.6,40.69,173439600.0,0.0,智翔金泰
688443,2024-03-19,40.67,41.39,40.01,40.3,84743600.0,0.0,智翔金泰
688443,2024-03-20,40.3,41.17,39.88,39.97,96522800.0,0.0,智翔金泰
688443,2024-03-21,39.96,41.6,38.9,39.38,107888200.0,0.0,智翔金泰
688443,2024-03-22,39.16,39.34,37.97,38.3,99800100.0,0.0,智翔金泰
688443,2024-03-25,38.3,40.08,37.81,38.6,136246400.0,0.0,智翔金泰
688443,2024-03-26,38.15,40.5,38.15,39.62,154080500.0,0.0,智翔金泰
688443,2024-03-27,39.62,41.38,39.23,39.89,155321100.0,0.0,智翔金泰
688443,2024-03-28,39.6,41.3,39.02,40.35,165267900.0,0.0,智翔金泰
688443,2024-03-29,40.31,41.25,39.48,40.27,116867400.0,0.0,智翔金泰
688443,2024-04-01,40.48,40.89,38.6,39.64,249268800.0,0.0,智翔金泰
688443,2024-04-02,39.5,39.65,38.0,38.49,226715800.0,0.0,智翔金泰
688443,2024-04-03,38.22,39.0,37.81,37.93,132191000.0,0.0,智翔金泰
688443,2024-04-08,38.9,40.5,37.93,39.62,261570900.0,0.0,智翔金泰
688443,2024-04-09,39.03,40.25,38.15,39.92,152241200.0,0.0,智翔金泰
688443,2024-04-10,40.02,40.52,38.17,38.61,154793700.0,0.0,智翔金泰
688443,2024-04-11,37.5,39.08,37.37,37.8,111033200.0,0.0,智翔金泰
688443,2024-04-12,38.03,38.77,37.0,37.39,106538700.0,0.0,智翔金泰
688443,2024-04-15,37.36,37.94,34.9,35.54,209410200.0,0.0,智翔金泰
688443,2024-04-16,35.33,36.27,33.93,35.29,197630300.0,0.0,智翔金泰
688443,2024-04-17,35.8,37.25,35.0,35.39,167226200.0,0.0,智翔金泰
688443,2024-04-18,35.39,37.45,34.0,36.6,184305100.0,0.0,智翔金泰
688443,2024-04-19,36.18,36.99,35.6,36.49,85390000.0,0.0,智翔金泰
688443,2024-04-22,35.98,38.6,35.98,37.82,119140500.0,0.0,智翔金泰
688443,2024-04-23,37.77,40.75,37.2,40.29,202048500.0,0.0,智翔金泰
688443,2024-04-24,41.2,41.2,39.0,40.44,181438400.0,0.0,智翔金泰
688443,2024-04-25,41.13,41.13,39.1,40.44,115801700.0,0.0,智翔金泰
688443,2024-04-26,40.39,41.31,40.08,40.52,144981700.0,0.0,智翔金泰
688443,2024-04-29,40.48,41.58,40.11,40.94,87155600.0,0.0,智翔金泰
688443,2024-04-30,40.0,41.2,39.59,39.8,104209500.0,0.0,智翔金泰
688443,2024-05-06,41.3,41.5,39.81,40.98,160695400.0,0.0,智翔金泰
688443,2024-05-07,40.36,41.5,40.27,41.22,110934800.0,0.0,智翔金泰
688443,2024-05-08,40.55,41.79,40.3,41.2,139363200.0,0.0,智翔金泰
688443,2024-05-09,41.5,42.8,40.6,41.76,131046100.0,0.0,智翔金泰
688443,2024-05-10,41.88,42.85,40.99,42.42,151342600.0,0.0,智翔金泰
688443,2024-05-13,42.42,43.54,42.05,43.35,174813000.0,0.0,智翔金泰
688443,2024-05-14,43.13,45.51,42.7,45.06,245101500.0,0.0,智翔金泰
688443,2024-05-15,44.78,45.06,40.2,40.7,431003500.0,0.0,智翔金泰
688443,2024-05-16,40.42,40.7,38.9,39.37,322927700.0,0.0,智翔金泰
688443,2024-05-17,39.03,40.7,39.03,40.66,183286200.0,0.0,智翔金泰
688443,2024-05-20,40.66,42.42,40.02,40.3,157619600.0,0.0,智翔金泰
688443,2024-05-21,40.31,41.17,39.8,40.37,90399700.0,0.0,智翔金泰
688443,2024-05-22,40.63,40.65,39.78,40.45,73432700.0,0.0,智翔金泰
688443,2024-05-23,40.11,40.3,39.05,39.17,115675800.0,0.0,智翔金泰
688443,2024-05-24,39.68,39.68,37.37,38.5,229719200.0,0.0,智翔金泰
688443,2024-05-27,38.2,39.41,37.88,39.2,162173600.0,0.0,智翔金泰
688443,2024-05-28,39.19,40.73,38.64,39.55,154189700.0,0.0,智翔金泰
688443,2024-05-29,39.38,40.22,38.11,38.22,138051300.0,0.0,智翔金泰
688443,2024-05-30,38.22,38.91,37.55,37.68,73439500.0,0.0,智翔金泰
688443,2024-05-31,38.58,39.27,37.07,37.27,89436500.0,0.0,智翔金泰
688443,2024-06-03,37.25,37.27,33.31,34.77,594012800.0,0.0,智翔金泰
688443,2024-06-04,34.04,35.97,34.02,34.99,207144300.0,0.0,智翔金泰
688443,2024-06-05,35.07,35.83,34.3,34.77,146701400.0,0.0,智翔金泰
688443,2024-06-06,34.77,35.11,31.71,32.07,406722900.0,0.0,智翔金泰
688443,2024-06-07,32.65,32.94,31.58,31.62,147855900.0,0.0,智翔金泰
688443,2024-06-11,32.0,34.31,31.22,33.62,252847200.0,0.0,智翔金泰
688443,2024-06-12,33.3,34.03,32.91,33.67,167461200.0,0.0,智翔金泰
688443,2024-06-13,33.7,35.16,33.55,34.94,205415500.0,0.0,智翔金泰
688443,2024-06-14,34.65,34.65,31.23,31.55,303141300.0,0.0,智翔金泰
688443,2024-06-17,31.25,31.8,29.77,30.85,437951000.0,0.0,智翔金泰
688443,2024-06-18,30.3,30.72,29.5,30.08,192112700.0,0.0,智翔金泰
688443,2024-06-19,30.08,30.92,29.76,30.6,146957800.0,0.0,智翔金泰
688443,2024-06-20,30.61,31.82,30.24,30.3,121952700.0,0.0,智翔金泰
688443,2024-06-21,30.2,31.95,30.0,31.5,233718500.0,0.0,智翔金泰
688443,2024-06-24,31.25,32.28,30.5,30.94,176235000.0,0.0,智翔金泰
688443,2024-06-25,30.71,31.0,29.72,30.36,196144600.0,0.0,智翔金泰
688443,2024-06-26,30.46,32.53,30.4,32.49,226712100.0,0.0,智翔金泰
688443,2024-06-27,32.16,32.7,31.6,31.91,150847400.0,0.0,智翔金泰
688443,2024-06-28,31.88,31.89,29.53,29.74,267050800.0,0.0,智翔金泰
688443,2024-07-01,29.51,29.94,28.4,29.44,171528800.0,0.0,智翔金泰
688443,2024-07-02,29.92,29.92,28.81,29.0,123537400.0,0.0,智翔金泰
688443,2024-07-03,29.03,29.9,28.65,29.33,112609600.0,0.0,智翔金泰
688443,2024-07-04,29.07,30.15,29.07,29.36,114263400.0,0.0,智翔金泰
688443,2024-07-05,29.36,31.96,29.02,31.79,229544800.0,0.0,智翔金泰
688443,2024-07-08,32.5,32.5,30.1,30.8,148637900.0,0.0,智翔金泰
688443,2024-07-09,30.8,31.2,29.12,30.55,207951600.0,0.0,智翔金泰
688443,2024-07-10,30.6,31.5,30.2,30.7,57077100.0,0.0,智翔金泰
688443,2024-07-11,31.45,32.93,30.88,31.95,209604900.0,0.0,智翔金泰
688443,2024-07-12,31.95,34.19,31.95,33.54,227688900.0,0.0,智翔金泰
688443,2024-07-15,33.2,33.31,32.23,32.56,94432300.0,0.0,智翔金泰
688443,2024-07-16,32.23,32.86,31.41,31.8,122698000.0,0.0,智翔金泰
688443,2024-07-17,31.52,33.92,31.52,33.33,189349600.0,0.0,智翔金泰
688443,2024-07-18,32.62,33.69,32.45,33.25,75273400.0,0.0,智翔金泰
688443,2024-07-19,33.03,34.28,32.25,33.96,172454900.0,0.0,智翔金泰
688443,2024-07-22,34.06,34.56,33.56,33.96,69818800.0,0.0,智翔金泰
688443,2024-07-23,33.95,33.95,32.54,32.77,87686400.0,0.0,智翔金泰
688443,2024-07-24,33.42,33.42,30.91,31.31,108270400.0,0.0,智翔金泰
688443,2024-07-25,30.99,32.5,30.58,31.86,107669700.0,0.0,智翔金泰
688443,2024-07-26,31.88,31.9,30.98,31.34,64295800.0,0.0,智翔金泰
688443,2024-07-29,31.39,31.43,30.5,30.54,39521100.0,0.0,智翔金泰
688443,2024-07-30,30.28,30.87,29.8,30.0,81477900.0,0.0,智翔金泰
688443,2024-07-31,30.01,32.63,29.75,32.46,137267400.0,0.0,智翔金泰
688443,2024-08-01,32.82,33.1,32.05,32.39,67624700.0,0.0,智翔金泰
688443,2024-08-02,32.21,33.25,32.19,32.39,93272900.0,0.0,智翔金泰
688443,2024-08-05,32.39,33.3,31.31,31.55,125351600.0,0.0,智翔金泰
688443,2024-08-06,31.65,33.7,31.65,32.81,116578800.0,0.0,智翔金泰
688443,2024-08-07,33.3,33.47,32.06,32.99,92563800.0,0.0,智翔金泰
688443,2024-08-08,32.69,33.9,32.23,33.29,181246300.0,0.0,智翔金泰
688443,2024-08-09,33.25,33.8,31.95,32.1,157384800.0,0.0,智翔金泰
688443,2024-08-12,32.59,33.46,31.32,33.0,170614500.0,0.0,智翔金泰
688443,2024-08-13,33.99,33.99,31.31,32.41,271836000.0,0.0,智翔金泰
688443,2024-08-14,31.68,31.89,29.2,29.3,323403600.0,0.0,智翔金泰
688443,2024-08-15,29.29,29.3,27.5,28.04,317347600.0,0.0,智翔金泰
688443,2024-08-16,28.03,28.75,27.6,27.75,184590900.0,0.0,智翔金泰
688443,2024-08-19,28.03,28.03,25.91,26.12,312482100.0,0.0,智翔金泰
688443,2024-08-20,26.13,26.38,24.71,26.16,456808200.0,0.0,智翔金泰
688443,2024-08-21,25.9,27.91,25.62,27.42,264200200.0,0.0,智翔金泰
688443,2024-08-22,27.4,27.78,26.76,27.29,109423900.0,0.0,智翔金泰
688443,2024-08-23,27.42,27.42,25.2,25.82,168217200.0,0.0,智翔金泰
688443,2024-08-26,25.86,26.59,25.5,26.4,84589900.0,0.0,智翔金泰
688443,2024-08-27,25.88,28.0,25.88,26.6,230672000.0,0.0,智翔金泰
688443,2024-08-28,26.06,26.59,25.01,25.34,260812400.0,0.0,智翔金泰
688443,2024-08-29,25.03,26.01,24.59,25.76,174981600.0,0.0,智翔金泰
688443,2024-08-30,25.84,26.9,25.2,26.36,157053800.0,0.0,智翔金泰
688443,2024-09-02,26.42,27.95,26.25,27.3,253754700.0,0.0,智翔金泰
688443,2024-09-03,27.28,28.87,26.83,28.19,184836100.0,0.0,智翔金泰
688443,2024-09-04,28.0,28.66,27.57,28.19,83685200.0,0.0,智翔金泰
688443,2024-09-05,28.08,29.2,27.66,28.5,129801500.0,0.0,智翔金泰
688443,2024-09-06,28.27,28.49,27.26,27.76,75708900.0,0.0,智翔金泰
688443,2024-09-09,27.21,28.18,26.9,27.2,78622700.0,0.0,智翔金泰
688443,2024-09-10,27.5,27.5,25.42,26.3,207473200.0,0.0,智翔金泰
688443,2024-09-11,26.29,26.6,24.4,24.6,371567200.0,0.0,智翔金泰
688443,2024-09-12,24.61,24.8,22.58,22.85,558941700.0,0.0,智翔金泰
688443,2024-09-13,22.85,23.6,22.19,22.75,480418400.0,0.0,智翔金泰
688443,2024-09-18,22.9,23.97,22.53,23.52,226436300.0,0.0,智翔金泰
688443,2024-09-19,23.52,23.69,22.92,22.95,157507600.0,0.0,智翔金泰
688443,2024-09-20,23.05,23.11,22.15,22.48,160730900.0,0.0,智翔金泰
688443,2024-09-23,22.47,22.77,22.17,22.44,113189500.0,0.0,智翔金泰
688443,2024-09-24,22.58,22.98,22.11,22.56,161064300.0,0.0,智翔金泰
688443,2024-09-25,22.63,23.85,22.63,22.93,200623600.0,0.0,智翔金泰
688443,2024-09-26,22.85,24.2,22.43,24.1,233916000.0,0.0,智翔金泰
688443,2024-09-27,24.78,27.95,24.1,26.03,320024800.0,0.0,智翔金泰
688443,2024-09-30,26.48,30.6,26.45,30.4,592103200.0,0.0,智翔金泰
688443,2024-10-08,35.01,36.4,30.5,33.03,760005200.0,0.0,智翔金泰
688443,2024-10-09,30.8,31.97,28.66,28.79,449190200.0,0.0,智翔金泰
688443,2024-10-10,28.67,30.55,28.25,28.89,305906500.0,0.0,智翔金泰
688443,2024-10-11,28.89,28.89,25.33,25.92,393375400.0,0.0,智翔金泰
688443,2024-10-14,26.0,26.57,24.99,26.38,246353700.0,0.0,智翔金泰
688443,2024-10-15,26.3,26.75,25.78,25.78,179725300.0,0.0,智翔金泰
688443,2024-10-16,25.76,25.94,25.15,25.29,132637700.0,0.0,智翔金泰
688443,2024-10-17,25.7,25.88,25.03,25.51,197034100.0,0.0,智翔金泰
688443,2024-10-18,25.15,27.1,25.11,27.04,442168700.0,0.0,智翔金泰
688443,2024-10-21,26.6,27.53,25.26,26.8,565691500.0,0.0,智翔金泰
688443,2024-10-22,26.31,27.69,26.02,26.92,366726800.0,0.0,智翔金泰
688443,2024-10-23,26.92,28.5,26.54,27.79,379832900.0,0.0,智翔金泰
688443,2024-10-24,27.71,29.69,27.71,28.95,346275000.0,0.0,智翔金泰
688443,2024-10-25,28.84,30.18,28.58,28.75,288646000.0,0.0,智翔金泰
688443,2024-10-28,28.79,28.95,27.83,28.64,290973900.0,0.0,智翔金泰
688443,2024-10-29,28.63,28.8,27.2,27.33,247871100.0,0.0,智翔金泰
688443,2024-10-30,27.35,28.18,26.68,27.44,237574500.0,0.0,智翔金泰
688443,2024-10-31,27.55,30.0,27.55,28.92,363072100.0,0.0,智翔金泰
688443,2024-11-01,29.91,30.79,28.57,29.65,422905100.0,0.0,智翔金泰
688443,2024-11-04,30.08,30.67,29.55,30.07,222569700.0,0.0,智翔金泰
688443,2024-11-05,29.8,32.34,29.8,31.89,302341800.0,0.0,智翔金泰
688443,2024-11-06,31.89,32.99,31.53,32.1,216279000.0,0.0,智翔金泰
688443,2024-11-07,32.08,32.14,31.32,31.92,154403800.0,0.0,智翔金泰
688443,2024-11-08,31.92,32.8,30.83,31.0,194769500.0,0.0,智翔金泰
688443,2024-11-11,31.0,32.6,30.74,31.6,180835500.0,0.0,智翔金泰
688443,2024-11-12,32.4,32.46,29.9,30.23,262292300.0,0.0,智翔金泰
688443,2024-11-13,30.46,30.46,29.15,29.88,217883000.0,0.0,智翔金泰
688443,2024-11-14,29.6,30.05,27.96,28.23,266745100.0,0.0,智翔金泰
688443,2024-11-15,28.0,28.13,26.12,26.54,351466500.0,0.0,智翔金泰
688443,2024-11-18,26.75,26.75,24.24,24.63,483217200.0,0.0,智翔金泰
688443,2024-11-19,24.9,25.6,24.5,25.47,270690400.0,0.0,智翔金泰
688443,2024-11-20,25.6,28.77,25.34,28.01,522407500.0,0.0,智翔金泰
688443,2024-11-21,28.35,28.45,27.38,27.57,238552200.0,0.0,智翔金泰
688443,2024-11-22,27.57,27.75,26.05,26.12,184362900.0,0.0,智翔金泰
688443,2024-11-25,26.15,27.63,25.7,27.22,292193500.0,0.0,智翔金泰
688443,2024-11-26,27.22,29.09,27.22,27.92,241151800.0,0.0,智翔金泰
688443,2024-11-27,27.92,30.05,27.81,29.8,260870100.0,0.0,智翔金泰
688443,2024-11-28,29.72,29.97,28.42,28.51,202029900.0,0.0,智翔金泰
688443,2024-11-29,28.23,29.37,27.71,28.35,196682000.0,0.0,智翔金泰
688443,2024-12-02,28.91,31.34,28.66,30.74,369029500.0,0.0,智翔金泰
688443,2024-12-03,31.0,31.0,29.96,29.97,238450400.0,0.0,智翔金泰
688443,2024-12-04,30.0,30.78,29.25,29.51,169528200.0,0.0,智翔金泰
688443,2024-12-05,29.51,30.2,29.11,29.61,131764100.0,0.0,智翔金泰
688443,2024-12-06,29.51,30.15,29.16,29.3,216509200.0,0.0,智翔金泰
688443,2024-12-09,29.45,30.05,29.18,29.42,165551000.0,0.0,智翔金泰
688443,2024-12-10,30.26,30.7,28.8,28.88,188096000.0,0.0,智翔金泰
688443,2024-12-11,29.1,29.36,28.33,28.42,179958400.0,0.0,智翔金泰
688443,2024-12-12,28.39,28.96,28.16,28.21,251498800.0,0.0,智翔金泰
688443,2024-12-13,28.21,28.89,27.8,27.87,558624900.0,0.0,智翔金泰
688443,2024-12-16,28.0,28.43,27.38,28.23,229685900.0,0.0,智翔金泰
688443,2024-12-17,28.22,28.66,26.68,27.07,255812800.0,0.0,智翔金泰
688443,2024-12-18,27.6,28.2,26.65,27.72,143032000.0,0.0,智翔金泰
688443,2024-12-19,27.21,27.9,26.8,27.18,117719700.0,0.0,智翔金泰
688443,2024-12-20,27.22,27.79,26.92,27.56,93128000.0,0.0,智翔金泰
688443,2024-12-23,27.56,27.57,26.56,26.87,108267300.0,0.0,智翔金泰
688443,2024-12-24,26.8,27.3,26.6,27.19,88204200.0,0.0,智翔金泰
688443,2024-12-25,27.28,27.48,25.67,26.25,172610700.0,0.0,智翔金泰
688443,2024-12-26,26.28,26.57,26.0,26.37,84173500.0,0.0,智翔金泰
688443,2024-12-27,26.35,26.6,26.04,26.31,70836800.0,0.0,智翔金泰
688443,2024-12-30,26.24,26.65,25.58,25.7,91867200.0,0.0,智翔金泰
688443,2024-12-31,25.96,26.25,25.07,25.09,136083900.0,0.0,智翔金泰
688443,2025-01-02,25.08,25.66,24.62,24.9,117216400.0,0.0,智翔金泰
688443,2025-01-03,24.76,26.07,24.55,25.79,181079600.0,0.0,智翔金泰
688443,2025-01-06,25.79,26.58,24.8,25.8,142341000.0,0.0,智翔金泰
688443,2025-01-07,25.93,26.0,24.56,24.6,137673100.0,0.0,智翔金泰
688443,2025-01-08,24.68,24.96,24.12,24.42,123825300.0,0.0,智翔金泰
688443,2025-01-09,24.41,24.89,24.15,24.17,113724900.0,0.0,智翔金泰
688443,2025-01-10,24.17,24.46,22.85,22.86,195600700.0,0.0,智翔金泰
688443,2025-01-13,22.88,23.38,22.58,23.11,159470500.0,0.0,智翔金泰
688443,2025-01-14,23.21,25.04,23.01,24.92,212709300.0,0.0,智翔金泰
688443,2025-01-15,24.69,24.69,23.99,24.05,153295000.0,0.0,智翔金泰
688443,2025-01-16,24.0,25.0,24.0,24.21,184582800.0,0.0,智翔金泰
688443,2025-01-17,24.21,25.7,24.06,25.17,245556700.0,0.0,智翔金泰
688443,2025-01-20,25.3,26.21,25.12,25.31,171470700.0,0.0,智翔金泰
688443,2025-01-21,25.69,25.69,24.72,24.83,104908400.0,0.0,智翔金泰
688443,2025-01-22,24.99,25.12,24.25,24.57,105783300.0,0.0,智翔金泰
688443,2025-01-23,24.6,25.49,24.6,24.85,160602400.0,0.0,智翔金泰
688443,2025-01-24,24.6,25.93,24.6,25.25,187512500.0,0.0,智翔金泰
688443,2025-01-27,25.59,25.71,24.72,24.74,77754600.0,0.0,智翔金泰
688443,2025-02-05,25.0,25.4,24.4,24.61,129380200.0,0.0,智翔金泰
688443,2025-02-06,24.3,25.21,24.3,24.81,145517300.0,0.0,智翔金泰
688443,2025-02-07,24.8,25.58,24.66,24.99,257005900.0,0.0,智翔金泰
688443,2025-02-10,25.0,25.99,25.0,25.56,269106800.0,0.0,智翔金泰
688443,2025-02-11,25.67,25.67,24.44,24.56,239699900.0,0.0,智翔金泰
688443,2025-02-12,24.45,24.74,24.41,24.5,114510800.0,0.0,智翔金泰
688443,2025-02-13,24.53,24.73,23.61,23.81,264337500.0,0.0,智翔金泰
688443,2025-02-14,23.87,25.72,23.71,24.82,414429000.0,0.0,智翔金泰
688443,2025-02-17,24.92,25.04,23.24,23.64,553012500.0,0.0,智翔金泰
688443,2025-02-18,23.53,24.2,23.15,23.39,208360200.0,0.0,智翔金泰
688443,2025-02-19,23.48,23.99,23.15,23.53,189647700.0,0.0,智翔金泰
688443,2025-02-20,23.58,24.65,23.46,23.98,374312800.0,0.0,智翔金泰
688443,2025-02-21,24.22,26.64,24.1,25.67,799219800.0,0.0,智翔金泰
688443,2025-02-24,25.75,25.8,24.51,24.77,380755700.0,0.0,智翔金泰
688443,2025-02-25,24.76,24.98,24.23,24.47,310799700.0,0.0,智翔金泰
688443,2025-02-26,24.46,26.14,24.3,25.64,637685000.0,0.0,智翔金泰
688443,2025-02-27,25.39,26.27,24.81,26.12,457414900.0,0.0,智翔金泰
688443,2025-02-28,26.11,26.75,24.72,24.92,528862000.0,0.0,智翔金泰
688443,2025-03-03,24.91,25.7,24.74,25.23,441634200.0,0.0,智翔金泰
688443,2025-03-04,25.01,25.47,23.3,23.66,788315100.0,0.0,智翔金泰
688443,2025-03-05,23.63,23.63,22.79,23.42,348620700.0,0.0,智翔金泰
688443,2025-03-06,23.65,24.13,23.33,23.95,318853600.0,0.0,智翔金泰
688443,2025-03-07,23.68,24.11,23.34,23.9,292220100.0,0.0,智翔金泰
688443,2025-03-10,23.8,24.11,23.1,23.53,380190300.0,0.0,智翔金泰
688443,2025-03-11,23.22,23.35,23.05,23.29,197861100.0,0.0,智翔金泰
688443,2025-03-12,23.22,23.48,22.92,22.99,292717400.0,0.0,智翔金泰
688443,2025-03-13,22.95,23.24,22.89,23.05,161129400.0,0.0,智翔金泰
688443,2025-03-14,23.0,23.99,22.94,23.9,383434600.0,0.0,智翔金泰
688443,2025-03-17,23.92,24.9,23.62,24.49,442868300.0,0.0,智翔金泰
688443,2025-03-18,24.4,25.45,24.4,24.88,310828900.0,0.0,智翔金泰
688443,2025-03-19,24.8,25.37,24.61,25.1,242752300.0,0.0,智翔金泰
688443,2025-03-20,25.1,25.27,24.73,24.8,153813400.0,0.0,智翔金泰
688443,2025-03-21,24.79,24.84,24.01,24.1,241166200.0,0.0,智翔金泰
688443,2025-03-24,24.04,24.48,23.58,23.89,240866300.0,0.0,智翔金泰
688443,2025-03-25,23.79,25.68,23.71,25.22,558494700.0,0.0,智翔金泰
688443,2025-03-26,25.41,25.88,25.08,25.6,302728600.0,0.0,智翔金泰
688443,2025-03-27,25.41,28.27,25.01,27.9,648919800.0,0.0,智翔金泰
688443,2025-03-28,27.8,29.46,27.8,28.52,593686300.0,0.0,智翔金泰
688443,2025-03-31,28.24,28.79,27.57,27.77,241043700.0,0.0,智翔金泰
688443,2025-04-01,27.74,30.36,27.74,29.37,566563900.0,0.0,智翔金泰
688443,2025-04-02,29.19,29.74,28.87,28.99,251796500.0,0.0,智翔金泰
688443,2025-04-03,28.7,29.41,28.21,28.5,187604300.0,0.0,智翔金泰
688443,2025-04-07,25.28,27.69,23.66,24.8,439532900.0,0.0,智翔金泰
688443,2025-04-08,24.84,26.37,24.84,25.62,459538200.0,0.0,智翔金泰
688443,2025-04-09,25.01,27.4,24.06,26.6,421277700.0,0.0,智翔金泰
688443,2025-04-10,27.66,29.18,27.18,28.61,358409700.0,0.0,智翔金泰
688443,2025-04-11,29.0,30.28,28.12,30.26,479882200.0,0.0,智翔金泰
688443,2025-04-14,30.6,34.44,30.54,32.1,746277900.0,0.0,智翔金泰
688443,2025-04-15,32.73,32.96,31.06,32.0,316875900.0,0.0,智翔金泰
688443,2025-04-16,31.73,32.6,30.97,31.14,312612000.0,0.0,智翔金泰
688443,2025-04-17,31.13,31.26,29.7,29.9,378494500.0,0.0,智翔金泰
688443,2025-04-18,29.75,30.36,29.15,29.3,198870100.0,0.0,智翔金泰
688443,2025-04-21,29.9,30.8,28.56,30.04,389988400.0,0.0,智翔金泰
688443,2025-04-22,29.6,31.3,29.51,30.8,333692800.0,0.0,智翔金泰
688443,2025-04-23,31.28,31.49,27.81,27.9,571417400.0,0.0,智翔金泰
688443,2025-04-24,27.8,28.78,27.5,28.28,305164900.0,0.0,智翔金泰
688443,2025-04-25,28.28,28.68,26.15,27.16,526755100.0,0.0,智翔金泰
688443,2025-04-28,27.59,27.97,26.65,27.38,277470700.0,0.0,智翔金泰
688443,2025-04-29,27.44,28.08,27.24,27.91,219104000.0,0.0,智翔金泰
688443,2025-04-30,28.68,28.9,27.7,28.44,271917100.0,0.0,智翔金泰
688443,2025-05-06,28.6,30.06,27.35,29.56,523870900.0,0.0,智翔金泰
688443,2025-05-07,29.95,30.2,28.65,28.96,312877700.0,0.0,智翔金泰
688443,2025-05-08,28.7,29.63,28.7,28.9,162888000.0,0.0,智翔金泰
688443,2025-05-09,28.5,29.79,28.44,28.77,162523900.0,0.0,智翔金泰
688443,2025-05-12,28.63,28.91,27.36,27.52,285620300.0,0.0,智翔金泰
688443,2025-05-13,28.35,28.35,27.11,27.26,192398900.0,0.0,智翔金泰
688443,2025-05-14,27.31,27.76,26.93,27.01,175693500.0,0.0,智翔金泰
688443,2025-05-15,26.87,27.28,26.56,26.6,136134900.0,0.0,智翔金泰
688443,2025-05-16,26.5,27.28,26.27,26.9,202574700.0,0.0,智翔金泰
688443,2025-05-19,26.71,27.6,26.62,27.14,277514300.0,0.0,智翔金泰
688443,2025-05-20,27.0,28.62,27.0,28.42,432078200.0,0.0,智翔金泰
688443,2025-05-21,28.3,30.16,27.91,28.88,376922900.0,0.0,智翔金泰
688443,2025-05-22,28.8,28.8,27.5,28.57,277226400.0,0.0,智翔金泰
688443,2025-05-23,28.57,29.66,27.01,27.6,670843900.0,0.0,智翔金泰
688443,2025-05-26,27.25,27.53,25.75,26.02,534786200.0,0.0,智翔金泰
688443,2025-05-27,25.8,26.8,25.8,26.76,368833600.0,0.0,智翔金泰
688443,2025-05-28,26.5,27.48,26.33,26.95,257243400.0,0.0,智翔金泰
688443,2025-05-29,26.69,29.49,26.65,29.19,734031300.0,0.0,智翔金泰
688443,2025-05-30,29.2,29.9,28.63,29.74,725195000.0,0.0,智翔金泰
688443,2025-06-03,29.24,30.15,28.91,29.78,589800100.0,0.0,智翔金泰
688443,2025-06-04,30.0,31.61,30.0,30.43,645441600.0,0.0,智翔金泰
688443,2025-06-05,33.5,35.5,30.73,31.34,1414331300.0,0.0,智翔金泰
688443,2025-06-06,31.34,31.49,29.1,30.12,1031139700.0,0.0,智翔金泰
688443,2025-06-09,30.12,31.91,29.6,30.75,904190100.0,0.0,智翔金泰
688443,2025-06-10,31.4,32.6,30.21,31.55,1032689600.0,0.0,智翔金泰
688443,2025-06-11,31.53,32.93,30.89,31.45,769738000.0,0.0,智翔金泰
688443,2025-06-12,31.53,31.91,31.01,31.21,519277800.0,0.0,智翔金泰
688443,2025-06-13,31.0,31.28,29.3,29.85,710116400.0,0.0,智翔金泰
688443,2025-06-16,30.17,30.32,28.77,29.18,647735400.0,0.0,智翔金泰
688443,2025-06-17,28.99,29.75,28.06,28.1,452328200.0,0.0,智翔金泰
688443,2025-06-18,28.0,28.32,27.68,27.8,359786200.0,0.0,智翔金泰
688443,2025-06-19,27.9,28.23,27.1,27.32,279593000.0,0.0,智翔金泰
688443,2025-06-20,27.51,27.78,26.91,27.7,342601400.0,0.0,智翔金泰
688443,2025-06-23,27.38,29.35,27.3,29.0,643546100.0,0.0,智翔金泰
688443,2025-06-24,29.15,29.2,28.58,29.01,322970400.0,0.0,智翔金泰
688443,2025-06-25,29.03,29.3,28.46,29.01,631041800.0,0.0,智翔金泰
688443,2025-06-26,28.98,28.98,27.0,28.27,608536700.0,0.0,智翔金泰
688443,2025-06-27,28.19,28.6,27.72,27.74,370013700.0,0.0,智翔金泰
688443,2025-06-30,27.64,27.97,27.45,27.74,371243200.0,0.0,智翔金泰
688443,2025-07-01,27.65,28.78,27.61,28.62,490138700.0,0.0,智翔金泰
688443,2025-07-02,28.39,28.75,27.5,27.72,392032700.0,0.0,智翔金泰
688443,2025-07-03,27.69,29.2,27.69,29.0,583091400.0,0.0,智翔金泰
688443,2025-07-04,28.92,29.65,28.43,29.57,587792700.0,0.0,智翔金泰
688443,2025-07-07,29.3,29.98,28.7,29.1,539924800.0,0.0,智翔金泰
688443,2025-07-08,28.89,29.8,28.5,28.88,419141900.0,0.0,智翔金泰
688443,2025-07-09,28.75,28.85,28.23,28.32,342722500.0,0.0,智翔金泰
688443,2025-07-10,28.33,30.36,28.33,28.99,677214700.0,0.0,智翔金泰
688443,2025-07-11,29.01,29.84,28.82,29.75,615628000.0,0.0,智翔金泰
688443,2025-07-14,29.95,30.79,29.25,30.28,798964100.0,0.0,智翔金泰
688443,2025-07-15,30.2,30.3,29.28,29.81,595995800.0,0.0,智翔金泰
688443,2025-07-16,29.74,30.1,29.3,29.56,361370900.0,0.0,智翔金泰
688443,2025-07-17,29.41,31.13,29.41,30.93,867088300.0,0.0,智翔金泰
688443,2025-07-18,30.95,33.5,30.52,33.26,1363723400.0,0.0,智翔金泰
688443,2025-07-21,33.47,35.48,32.91,33.9,1479803100.0,0.0,智翔金泰
688443,2025-07-22,34.45,34.95,32.98,33.94,1250982100.0,0.0,智翔金泰
688443,2025-07-23,33.02,34.0,32.65,33.61,892975000.0,0.0,智翔金泰
688443,2025-07-24,33.5,34.97,33.49,34.31,658824500.0,0.0,智翔金泰
688443,2025-07-25,34.48,34.49,33.1,33.43,673375700.0,0.0,智翔金泰
688443,2025-07-28,33.3,33.83,32.95,33.35,502187100.0,0.0,智翔金泰
688443,2025-07-29,33.21,33.98,32.56,33.73,731347500.0,0.0,智翔金泰
688443,2025-07-30,33.93,34.77,33.02,33.41,728237000.0,0.0,智翔金泰
688443,2025-07-31,33.34,35.09,33.05,33.78,721807400.0,0.0,智翔金泰
688443,2025-08-01,33.36,34.29,33.05,33.92,566213800.0,0.0,智翔金泰
688443,2025-08-04,33.81,35.05,32.45,34.71,751049800.0,0.0,智翔金泰
688443,2025-08-05,34.73,35.96,34.04,34.46,559723100.0,0.0,智翔金泰
688443,2025-08-06,34.6,35.23,33.15,33.6,586151400.0,0.0,智翔金泰
688443,2025-08-07,33.54,34.44,32.82,33.1,555040400.0,0.0,智翔金泰
688443,2025-08-08,33.11,33.28,32.3,32.5,439965800.0,0.0,智翔金泰
688443,2025-08-11,32.45,33.5,32.31,33.16,411395000.0,0.0,智翔金泰
688443,2025-08-12,33.18,33.35,32.09,32.86,385788600.0,0.0,智翔金泰
688443,2025-08-13,32.62,35.6,32.6,35.15,1003833800.0,0.0,智翔金泰
688443,2025-08-14,35.1,35.46,33.72,33.8,693944700.0,0.0,智翔金泰
688443,2025-08-15,33.75,34.67,33.25,34.25,489152200.0,0.0,智翔金泰
688443,2025-08-18,34.78,34.85,33.68,34.22,669496300.0,0.0,智翔金泰
688443,2025-08-19,34.01,34.78,32.9,33.05,772160900.0,0.0,智翔金泰
688443,2025-08-20,32.98,33.63,32.4,33.61,547955000.0,0.0,智翔金泰
688443,2025-08-21,33.56,34.1,32.94,33.17,362725900.0,0.0,智翔金泰
688443,2025-08-22,32.97,33.73,32.97,33.43,363936500.0,0.0,智翔金泰
688443,2025-08-25,33.6,34.8,33.39,34.55,747809700.0,0.0,智翔金泰
688443,2025-08-26,34.41,34.97,33.4,33.5,637465200.0,0.0,智翔金泰
688443,2025-08-27,33.5,34.28,31.92,31.95,634825300.0,0.0,智翔金泰
688443,2025-08-28,32.0,32.37,30.61,31.93,548697700.0,0.0,智翔金泰
688443,2025-08-29,31.84,33.2,31.6,33.02,519941600.0,0.0,智翔金泰
688443,2025-09-01,33.27,37.88,33.2,37.02,1626362900.0,0.0,智翔金泰
688443,2025-09-02,37.0,37.1,34.88,35.86,936720400.0,0.0,智翔金泰
688443,2025-09-03,36.54,36.58,35.08,35.25,598137400.0,0.0,智翔金泰
688443,2025-09-04,35.6,35.93,33.18,33.73,683239000.0,0.0,智翔金泰
688443,2025-09-05,33.9,34.86,33.18,34.5,581351500.0,0.0,智翔金泰
688443,2025-09-08,34.9,35.45,34.26,35.03,621592300.0,0.0,智翔金泰
688443,2025-09-09,35.11,36.08,33.91,34.26,584509600.0,0.0,智翔金泰
688443,2025-09-10,34.0,35.15,33.65,33.69,459761300.0,0.0,智翔金泰
688443,2025-09-11,33.1,33.98,31.75,33.85,631533900.0,0.0,智翔金泰
688443,2025-09-12,34.5,34.83,33.46,34.19,490411600.0,0.0,智翔金泰
688443,2025-09-15,34.2,34.77,33.75,33.8,431706200.0,0.0,智翔金泰
688443,2025-09-16,33.85,33.99,33.36,33.53,385437800.0,0.0,智翔金泰
688443,2025-09-17,33.53,33.53,32.79,33.14,382772900.0,0.0,智翔金泰
688443,2025-09-18,33.3,34.75,33.16,33.92,672231300.0,0.0,智翔金泰
688443,2025-09-19,33.71,34.19,32.88,33.32,408818400.0,0.0,智翔金泰
688443,2025-09-22,33.22,33.91,33.01,33.79,385325000.0,0.0,智翔金泰
688443,2025-09-23,35.02,35.48,32.12,32.93,902619800.0,0.0,智翔金泰
688443,2025-09-24,32.8,33.66,32.21,33.34,490144300.0,0.0,智翔金泰
688443,2025-09-25,33.33,34.48,32.62,32.76,672305500.0,0.0,智翔金泰
688443,2025-09-26,32.5,32.5,31.5,31.6,499488800.0,0.0,智翔金泰
688443,2025-09-29,31.61,31.62,30.75,30.9,553607300.0,0.0,智翔金泰
688443,2025-09-30,30.8,31.12,30.48,30.55,359672700.0,0.0,智翔金泰
688443,2025-10-09,30.34,30.96,30.1,30.1,457813400.0,0.0,智翔金泰
688443,2025-10-10,30.06,30.26,29.6,29.78,468762200.0,0.0,智翔金泰
688443,2025-10-13,28.9,29.96,28.9,29.23,367100700.0,0.0,智翔金泰
688443,2025-10-14,29.38,29.68,28.76,28.8,404607100.0,0.0,智翔金泰
688443,2025-10-15,29.0,29.66,28.66,29.43,344953000.0,0.0,智翔金泰
688443,2025-10-16,29.41,30.09,29.13,29.55,294043100.0,0.0,智翔金泰
688443,2025-10-17,29.46,30.07,28.66,28.78,319201500.0,0.0,智翔金泰
688443,2025-10-20,28.78,29.37,28.78,28.96,206017600.0,0.0,智翔金泰
688443,2025-10-21,28.9,29.46,28.74,29.0,268543600.0,0.0,智翔金泰
688443,2025-10-22,28.93,29.35,28.5,28.75,255390100.0,0.0,智翔金泰
688443,2025-10-23,28.6,28.7,27.72,28.34,344629500.0,0.0,智翔金泰
688443,2025-10-24,28.34,28.65,28.15,28.25,326920700.0,0.0,智翔金泰
688443,2025-10-27,28.6,30.39,28.56,30.11,873733300.0,0.0,智翔金泰
688443,2025-10-28,30.25,30.67,29.82,29.83,402945600.0,0.0,智翔金泰
688443,2025-10-29,29.85,29.95,29.31,29.41,365111500.0,0.0,智翔金泰
688443,2025-10-30,29.45,30.32,29.04,29.69,438210700.0,0.0,智翔金泰
688443,2025-10-31,29.95,30.5,29.5,30.32,677319700.0,0.0,智翔金泰
688443,2025-11-03,30.5,30.75,29.72,30.55,450696900.0,0.0,智翔金泰
688443,2025-11-04,30.54,30.54,29.38,29.69,377197100.0,0.0,智翔金泰
688443,2025-11-05,29.25,29.83,29.23,29.6,201116000.0,0.0,智翔金泰
688443,2025-11-06,29.5,29.59,28.82,29.23,265986000.0,0.0,智翔金泰
688443,2025-11-07,29.4,29.48,28.9,28.99,189733400.0,0.0,智翔金泰
688443,2025-11-10,28.99,29.27,28.8,29.13,164693000.0,0.0,智翔金泰
688443,2025-11-11,29.27,29.38,28.7,29.16,168495300.0,0.0,智翔金泰
688443,2025-11-12,29.29,29.47,28.96,29.34,216547900.0,0.0,智翔金泰
688443,2025-11-13,29.55,30.05,29.12,29.71,243954300.0,0.0,智翔金泰
688443,2025-11-14,29.66,29.98,29.4,29.46,182127800.0,0.0,智翔金泰
688443,2025-11-17,29.34,29.67,28.82,28.82,249220800.0,0.0,智翔金泰
688443,2025-11-18,28.7,29.14,28.23,28.4,249865100.0,0.0,智翔金泰
688443,2025-11-19,28.48,28.58,27.85,27.95,216780500.0,0.0,智翔金泰
688443,2025-11-20,28.16,28.26,27.75,27.76,145020900.0,0.0,智翔金泰
688443,2025-11-21,27.68,28.0,26.73,26.79,311665700.0,0.0,智翔金泰
688443,2025-11-24,26.79,27.27,26.55,27.12,245373800.0,0.0,智翔金泰
688443,2025-11-25,27.26,27.58,27.01,27.01,203921900.0,0.0,智翔金泰
688443,2025-11-26,27.05,28.06,27.05,27.54,367417500.0,0.0,智翔金泰
688443,2025-11-27,27.61,27.81,27.3,27.3,191235700.0,0.0,智翔金泰
688443,2025-11-28,27.38,27.73,27.14,27.69,155752800.0,0.0,智翔金泰
688443,2025-12-01,27.5,27.9,27.43,27.78,202009700.0,0.0,智翔金泰
688443,2025-12-02,27.8,27.8,27.17,27.26,201169600.0,0.0,智翔金泰
688443,2025-12-03,27.26,27.48,26.86,27.31,159855100.0,0.0,智翔金泰
688443,2025-12-04,27.2,27.55,27.16,27.35,120082000.0,0.0,智翔金泰
688443,2025-12-05,27.54,27.95,27.03,27.95,179379900.0,0.0,智翔金泰
688443,2025-12-08,28.19,28.6,27.6,27.67,280983800.0,0.0,智翔金泰
688443,2025-12-09,27.71,28.21,27.58,27.7,205797200.0,0.0,智翔金泰
688443,2025-12-10,27.43,27.69,27.09,27.33,197794300.0,0.0,智翔金泰
688443,2025-12-11,27.23,27.51,27.06,27.36,176241300.0,0.0,智翔金泰
688443,2025-12-12,27.36,27.5,27.06,27.38,160306600.0,0.0,智翔金泰
688443,2025-12-15,27.39,27.39,26.74,26.84,214891200.0,0.0,智翔金泰
688443,2025-12-16,26.66,26.84,25.72,25.85,288947200.0,0.0,智翔金泰
688443,2025-12-17,25.85,26.1,25.5,25.9,160957700.0,0.0,智翔金泰
688443,2025-12-18,25.77,26.38,25.71,26.2,263268500.0,0.0,智翔金泰
688443,2025-12-19,26.02,26.78,25.94,26.33,216649600.0,0.0,智翔金泰
688443,2025-12-22,26.3,26.78,26.25,26.57,206589900.0,0.0,智翔金泰
688443,2025-12-23,26.7,26.72,26.22,26.31,122459100.0,0.0,智翔金泰
688443,2025-12-24,26.23,26.37,26.12,26.26,137562700.0,0.0,智翔金泰
688443,2025-12-25,26.35,27.28,26.11,27.07,377553500.0,0.0,智翔金泰
688443,2025-12-26,26.95,27.19,26.7,26.91,162391800.0,0.0,智翔金泰
688443,2025-12-29,26.99,27.55,26.88,26.95,264193100.0,0.0,智翔金泰
688443,2025-12-30,27.0,27.93,26.84,27.25,258109000.0,0.0,智翔金泰
688443,2025-12-31,27.11,27.56,27.11,27.24,124523600.0,0.0,智翔金泰
688443,2026-01-05,27.32,28.4,27.03,28.29,390183500.0,0.0,智翔金泰
688443,2026-01-06,28.4,28.57,28.03,28.28,297324500.0,0.0,智翔金泰
688443,2026-01-07,28.21,28.85,28.08,28.63,351526700.0,0.0,智翔金泰
688443,2026-01-08,28.5,29.33,28.5,29.18,344448500.0,0.0,智翔金泰
688443,2026-01-09,30.06,32.77,30.06,32.44,1159263900.0,0.0,智翔金泰
688443,2026-01-12,32.3,32.82,31.55,31.95,708227000.0,0.0,智翔金泰
688443,2026-01-13,32.02,32.49,31.37,31.43,539929600.0,0.0,智翔金泰
688443,2026-01-14,31.32,32.1,30.29,30.8,658253700.0,0.0,智翔金泰
688443,2026-01-15,30.67,30.9,30.2,30.36,304861200.0,0.0,智翔金泰
688443,2026-01-16,30.4,30.79,30.19,30.65,324347800.0,0.0,智翔金泰
688443,2026-01-19,30.27,30.74,29.88,30.0,291012400.0,0.0,智翔金泰
688443,2026-01-20,30.05,30.32,29.3,29.6,328377900.0,0.0,智翔金泰
688443,2026-01-21,29.47,29.92,29.2,29.36,284460700.0,0.0,智翔金泰
688443,2026-01-22,29.49,29.65,28.73,28.85,364933500.0,0.0,智翔金泰
688443,2026-01-23,28.91,29.3,28.79,29.24,254264900.0,0.0,智翔金泰
688443,2026-01-26,29.25,29.48,28.1,29.25,574385200.0,0.0,智翔金泰
688443,2026-01-27,29.25,30.11,28.44,30.09,584779300.0,0.0,智翔金泰
688443,2026-01-28,29.86,30.07,29.33,29.5,376873100.0,0.0,智翔金泰
688443,2026-01-29,29.5,29.53,28.3,28.55,542029200.0,0.0,智翔金泰
688443,2026-01-30,28.61,28.97,28.07,28.29,333642400.0,0.0,智翔金泰
688443,2026-02-02,28.22,28.49,27.3,27.5,381424200.0,0.0,智翔金泰
688443,2026-02-03,27.65,28.18,27.41,27.97,206767000.0,0.0,智翔金泰
688443,2026-02-04,27.89,28.1,27.25,28.06,271245100.0,0.0,智翔金泰
688443,2026-02-05,27.8,28.23,27.8,27.92,168131900.0,0.0,智翔金泰
688443,2026-02-06,27.79,28.75,27.65,28.35,366639000.0,0.0,智翔金泰
688443,2026-02-09,28.35,29.85,28.2,29.01,403126300.0,0.0,智翔金泰
688443,2026-02-10,29.01,29.47,28.84,28.98,201334200.0,0.0,智翔金泰
688443,2026-02-11,28.99,29.11,28.69,28.71,233535200.0,0.0,智翔金泰
688443,2026-02-12,28.89,28.89,28.16,28.48,186122300.0,0.0,智翔金泰
688443,2026-02-13,28.4,28.93,28.35,28.38,273907400.0,0.0,智翔金泰
688443,2026-02-24,28.78,28.86,28.3,28.32,288349400.0,0.0,智翔金泰
688443,2026-02-25,28.24,28.75,28.24,28.45,190668800.0,0.0,智翔金泰
688443,2026-02-26,28.45,28.7,27.7,27.8,260146900.0,0.0,智翔金泰
688443,2026-02-27,27.66,27.8,27.08,27.21,448358400.0,0.0,智翔金泰
688443,2026-03-02,26.99,27.35,26.6,26.68,408347600.0,0.0,智翔金泰
688443,2026-03-03,26.58,26.85,25.55,25.69,378284300.0,0.0,智翔金泰
688443,2026-03-04,25.41,25.86,25.16,25.62,279901200.0,0.0,智翔金泰
688443,2026-03-05,25.85,26.1,25.56,25.62,239748500.0,0.0,智翔金泰
688443,2026-03-06,25.61,27.09,25.56,26.84,410441400.0,0.0,智翔金泰
688443,2026-03-09,26.57,26.65,25.96,26.28,325439700.0,0.0,智翔金泰
688443,2026-03-10,26.6,27.37,26.3,27.25,287549500.0,0.0,智翔金泰
688443,2026-03-11,27.19,27.28,26.9,26.92,230069900.0,0.0,智翔金泰
688443,2026-03-12,26.81,26.95,26.2,26.49,248159600.0,0.0,智翔金泰
688443,2026-03-13,26.2,26.7,26.2,26.7,398641000.0,0.0,智翔金泰
688443,2026-03-16,26.45,26.65,26.02,26.55,228656700.0,0.0,智翔金泰
688443,2026-03-17,26.61,27.55,26.52,26.97,307730500.0,0.0,智翔金泰
688443,2026-03-18,27.05,27.39,26.85,26.95,208047400.0,0.0,智翔金泰
688443,2026-03-19,26.79,26.99,26.34,26.38,159608700.0,0.0,智翔金泰
688443,2026-03-20,26.56,26.79,25.68,25.68,176029800.0,0.0,智翔金泰
688443,2026-03-23,25.7,25.7,23.67,23.92,365427000.0,0.0,智翔金泰
688443,2026-03-24,24.37,25.88,24.37,25.63,479420300.0,0.0,智翔金泰
688443,2026-03-25,25.76,25.98,25.25,25.37,238456000.0,0.0,智翔金泰
688443,2026-03-26,25.37,26.03,24.96,25.09,206693100.0,0.0,智翔金泰
688443,2026-03-27,24.92,26.18,24.81,26.11,414745000.0,0.0,智翔金泰
688443,2026-03-30,25.88,26.2,25.65,25.91,230280700.0,0.0,智翔金泰
688443,2026-03-31,25.91,26.65,25.5,25.66,314086800.0,0.0,智翔金泰
688443,2026-04-01,26.14,27.5,25.91,27.47,492164200.0,0.0,智翔金泰
688443,2026-04-02,27.72,27.72,27.02,27.48,347238900.0,0.0,智翔金泰
688443,2026-04-03,27.28,27.98,26.71,27.02,276655100.0,0.0,智翔金泰
688443,2026-04-07,27.09,28.86,26.65,27.7,661992900.0,0.0,智翔金泰
688443,2026-04-08,28.0,29.49,27.85,29.08,715084300.0,0.0,智翔金泰
688443,2026-04-09,28.75,29.73,28.4,28.48,525941200.0,0.0,智翔金泰
688443,2026-04-10,28.6,30.59,28.32,29.92,884235500.0,0.0,智翔金泰
688443,2026-04-13,29.75,31.0,29.41,30.58,573886700.0,0.0,智翔金泰
688443,2026-04-14,30.41,31.58,30.41,31.54,614378200.0,0.0,智翔金泰
688443,2026-04-15,31.8,32.29,31.36,32.0,653173300.0,0.0,智翔金泰
688443,2026-04-16,32.03,32.36,31.71,32.29,498987000.0,0.0,智翔金泰
688443,2026-04-17,32.29,32.29,30.44,31.13,799588500.0,0.0,智翔金泰
688443,2026-04-20,31.03,31.87,30.1,30.36,554628900.0,0.0,智翔金泰
688443,2026-04-21,30.36,30.63,29.8,30.4,386599000.0,0.0,智翔金泰
688443,2026-04-22,30.1,32.24,30.1,31.32,359596000.0,0.0,智翔金泰
688443,2026-04-23,31.03,31.9,31.0,31.19,296458900.0,0.0,智翔金泰
688443,2026-04-24,30.94,32.04,30.41,31.45,425481200.0,0.0,智翔金泰
688443,2026-04-27,31.01,31.75,31.0,31.38,251534500.0,0.0,智翔金泰
688443,2026-04-28,31.38,31.5,30.62,30.79,231861600.0,0.0,智翔金泰
688443,2026-04-29,30.97,31.23,30.28,30.8,302074300.0,0.0,智翔金泰
688443,2026-04-30,30.49,30.75,29.05,29.62,547658400.0,0.0,智翔金泰
688443,2026-05-06,29.7,30.96,29.22,30.21,538550500.0,0.0,智翔金泰
688443,2026-05-07,29.92,30.94,29.92,30.13,265341200.0,0.0,智翔金泰
688443,2026-05-08,30.1,31.04,29.61,30.77,324894000.0,0.0,智翔金泰
688443,2026-05-11,30.65,31.6,29.77,31.07,599782600.0,0.0,智翔金泰
688443,2026-05-12,30.82,31.81,30.63,31.2,493242000.0,0.0,智翔金泰
688443,2026-05-13,31.15,31.42,29.85,30.85,448145900.0,0.0,智翔金泰
688443,2026-05-14,30.8,31.41,30.08,30.08,350124000.0,0.0,智翔金泰
688443,2026-05-15,30.11,30.6,29.82,30.05,320200600.0,0.0,智翔金泰
688443,2026-05-18,30.0,30.15,29.36,29.83,264425800.0,0.0,智翔金泰
688443,2026-05-19,29.95,30.14,28.97,29.44,302123700.0,0.0,智翔金泰
688443,2026-05-20,29.55,30.23,28.61,29.25,546444700.0,0.0,智翔金泰
688443,2026-05-21,29.25,31.39,29.25,29.39,628854600.0,0.0,智翔金泰
688443,2026-05-22,29.9,30.2,28.94,29.75,449892200.0,0.0,智翔金泰
688443,2026-05-25,29.8,31.6,29.73,29.83,464205400.0,0.0,智翔金泰
688443,2026-05-26,29.6,31.29,29.23,30.39,504802200.0,0.0,智翔金泰
688443,2026-05-27,30.12,30.75,29.59,29.75,428092000.0,0.0,智翔金泰
688443,2026-05-28,29.78,30.65,29.23,29.51,360640000.0,0.0,智翔金泰
688443,2026-05-29,31.27,31.28,26.53,26.8,1315143200.0,0.0,智翔金泰
688443,2026-06-01,26.26,26.88,24.55,24.79,972722900.0,0.0,智翔金泰
688443,2026-06-02,24.75,24.83,23.81,24.05,500800500.0,0.0,智翔金泰
688443,2026-06-03,23.76,24.25,23.61,23.8,474755900.0,0.0,智翔金泰
688443,2026-06-04,23.83,23.95,22.8,22.99,498740900.0,0.0,智翔金泰
688443,2026-06-05,23.15,23.35,22.48,22.51,401539700.0,0.0,智翔金泰
688443,2026-06-08,22.54,22.95,21.11,21.62,555986600.0,0.0,智翔金泰
688443,2026-06-09,21.99,22.23,21.35,21.6,419034100.0,0.0,智翔金泰
688443,2026-06-10,21.47,21.79,20.8,21.6,407364900.0,0.0,智翔金泰
688443,2026-06-11,21.73,22.47,21.1,22.42,483300300.0,0.0,智翔金泰
688443,2026-06-12,22.5,22.92,21.92,22.31,510887800.0,0.0,智翔金泰
688443,2026-06-15,22.29,22.56,21.6,21.67,362781000.0,0.0,智翔金泰
688443,2026-06-16,21.68,21.68,21.09,21.18,310739900.0,0.0,智翔金泰
688443,2026-06-17,21.18,21.19,20.78,20.81,293199500.0,0.0,智翔金泰
688443,2026-06-18,20.7,22.71,20.39,21.85,601459400.0,0.0,智翔金泰
688443,2026-06-22,21.69,21.8,20.07,21.29,686639400.0,0.0,智翔金泰
688443,2026-06-23,21.3,23.42,21.05,22.79,896467300.0,0.0,智翔金泰
688443,2026-06-24,23.35,23.38,22.19,22.38,637450200.0,0.0,智翔金泰
688443,2026-06-25,22.25,22.45,21.31,22.17,591202000.0,0.0,智翔金泰
688443,2026-06-26,21.95,22.1,21.1,21.43,503407200.0,0.0,智翔金泰
688443,2026-06-29,21.0,23.49,21.0,23.38,788027500.0,0.0,智翔金泰
688443,2026-06-30,23.49,23.79,22.93,23.25,569673400.0,0.0,智翔金泰
688443,2026-07-01,22.86,24.4,22.02,24.28,777712700.0,0.0,智翔金泰
688443,2026-07-02,24.1,25.26,23.83,23.93,684201000.0,0.0,智翔金泰
688443,2026-07-03,23.86,25.33,23.86,25.2,825169600.0,0.0,智翔金泰
688443,2026-07-06,25.2,26.68,24.26,25.54,899349800.0,0.0,智翔金泰
688443,2026-07-07,25.72,25.72,24.51,25.1,499909900.0,0.0,智翔金泰
688443,2026-07-08,25.25,25.45,23.9,23.94,481564400.0,0.0,智翔金泰
688443,2026-07-09,23.51,24.79,23.5,23.91,422669200.0,0.0,智翔金泰
688443,2026-07-10,23.77,25.76,23.3,24.69,494722400.0,0.0,智翔金泰
688443,2026-07-13,24.56,25.12,23.87,24.11,448430400.0,0.0,智翔金泰
688443,2026-07-14,24.32,25.11,23.55,25.03,484997600.0,0.0,智翔金泰
688443,2026-07-15,24.65,26.25,24.65,25.55,608408800.0,0.0,智翔金泰
688443,2026-07-16,25.4,26.39,24.75,25.85,551355900.0,0.0,智翔金泰
688443,2026-07-17,25.86,25.87,23.73,23.73,533969300.0,0.0,智翔金泰
688443,2026-07-20,23.88,25.76,23.5,24.83,626850900.0,0.0,智翔金泰
688443,2026-07-21,24.84,25.18,23.98,25.03,499816400.0,0.0,智翔金泰
688443,2026-07-22,24.7,25.96,24.63,24.83,433577100.0,0.0,智翔金泰
688443,2026-07-23,24.83,25.5,24.25,24.4,318765200.0,0.0,智翔金泰
688443,2026-07-24,24.38,24.53,23.3,23.35,309893200.0,0.0,智翔金泰
688443,2026-07-27,23.44,24.5,23.3,23.8,411891600.0,0.0,智翔金泰
688443,2026-07-28,23.6,23.78,22.8,22.96,324743900.0,0.0,智翔金泰
688443,2026-07-29,23.13,23.35,22.68,23.08,315649300.0,0.0,智翔金泰
688443,2026-07-30,23.0,23.43,22.0,22.1,418283800.0,0.0,智翔金泰
688443,2026-07-31,22.53,22.9,22.22,22.22,323946300.0,0.0,智翔金泰
688443,2026-08-03,22.24,23.1,22.1,22.63,380830700.0,0.0,智翔金泰
688443,2026-08-04,22.83,23.37,22.69,23.15,416573500.0,0.0,智翔金泰
688443,2026-08-05,22.81,23.89,22.81,23.42,337935700.0,0.0,智翔金泰
688443,2026-08-06,23.31,23.52,22.78,22.94,364923900.0,0.0,智翔金泰
688443,2026-08-07,22.73,24.75,22.73,24.64,651718000.0,0.0,智翔金泰
688443,2026-08-10,24.83,25.53,24.44,24.79,498920000.0,0.0,智翔金泰
688443,2026-08-11,24.6,27.24,24.5,26.33,774816900.0,0.0,智翔金泰
688443,2026-08-12,26.25,27.05,25.81,26.03,449755900.0,0.0,智翔金泰
688443,2026-08-13,26.16,27.7,25.67,26.76,567456800.0,0.0,智翔金泰
688443,2026-08-14,26.8,27.07,26.03,26.36,376121700.0,0.0,智翔金泰
688443,2026-08-17,26.16,26.59,25.74,26.15,283568400.0,0.0,智翔金泰
688443,2026-08-18,26.45,27.15,26.2,26.44,500950500.0,0.0,智翔金泰
688443,2026-08-19,26.31,26.77,25.57,25.88,433372700.0,0.0,智翔金泰
688443,2026-08-20,26.96,27.7,26.36,26.78,658783000.0,0.0,智翔金泰
688443,2026-08-21,26.28,26.75,25.77,25.95,461638200.0,0.0,智翔金泰
688443,2026-08-24,25.83,26.35,24.44,24.6,438862700.0,0.0,智翔金泰
688443,2026-08-25,24.44,24.86,24.0,24.68,401083700.0,0.0,智翔金泰
688443,2026-08-26,24.64,25.65,24.4,24.72,309502700.0,0.0,智翔金泰
688443,2026-08-27,24.74,24.93,24.11,24.8,356843700.0,0.0,智翔金泰
688443,2026-08-28,25.72,26.5,24.13,24.22,519518400.0,0.0,智翔金泰
688443,2026-08-31,23.88,24.6,23.58,23.68,353147600.0,0.0,智翔金泰
688443,2026-09-01,23.6,23.67,22.93,23.0,471337000.0,0.0,智翔金泰
688443,2026-09-02,23.0,23.41,22.64,23.09,311139300.0,0.0,智翔金泰
688443,2026-09-03,23.05,23.76,22.94,23.54,316251000.0,0.0,智翔金泰
688443,2026-09-04,23.61,23.8,23.15,23.25,286574300.0,0.0,智翔金泰
